sample_id,gene,chrom,pos,cadd_phred,gnomad_af,zygosity,consequence_severity
HG01593,OR10K2,chr1,158425868,0.049,0.000312305,hom,1
HG01593,OR6Y1,chr1,158547533,3.25,0.000468457,hom,1
HG01593,OR6N1,chr1,158766746,1.04,0.000936914,hom,1
HG01593,OR6N2,chr1,158775358,5.411,0.00062461,hom,1
HG01593,AIM2,chr1,159065052,0.461,0.00843223,hom,1
HG01593,SNHG28,chr1,159843386,0.653,0.0032792,hom,1
HG01593,SNHG28,chr1,159846004,5.21,0.000312305,hom,1
HG01593,SNHG28,chr1,159846522,2.111,0.00359151,hom,1
HG01593,CFAP45,chr1,159882048,10.49,0.00249844,hom,2
HG01593,TAGLN2,chr1,159922669,5.818,0.00187383,hom,1
HG01593,COPA,chr1,160305230,0.067,0.00124922,hom,1
HG01593,COPA,chr1,160316932,5.676,0.00968145,hom,2
HG01593,COPA,chr1,160316934,5.973,0.00968145,hom,1
HG01593,VANGL2,chr1,160403102,0.408,0.000936914,hom,1
HG01593,SLAMF6,chr1,160503954,0.884,0.000312305,hom,1
HG01593,CD84,chr1,160551229,5.118,0.00702686,hom,1
HG01593,CD84,chr1,160577379,2.652,0.00765147,hom,2
HG01593,SLAMF1,chr1,160609449,0.949,0.00874454,hom,1
HG01593,LOC105371470,chr1,160781637,1.997,0.00390381,hom,2
HG01593,CD244,chr1,160842532,2.109,0.00405996,hom,2
HG01593,ITLN2,chr1,160949955,2.998,0.00999375,hom,2
HG01593,F11R,chr1,160999785,0.576,0.00452842,hom,1
HG01593,USF1,chr1,161045631,3.934,0.000468457,hom,2
HG01593,PCP4L1,chr1,161269691,0.249,0.00484072,hom,1
HG01593,FCRLB,chr1,161724987,12.03,0.00577764,hom,1
HG01593,OLFML2B,chr1,161991460,0.812,0.00593379,hom,1
HG01593,OLFML2B,chr1,161993865,0.039,0.00593379,hom,1
HG01593,OLFML2B,chr1,161994733,0.05,0.00671455,hom,2
HG01593,OLFML2B,chr1,161995055,0.017,0.00608994,hom,1
HG01593,OLFML2B,chr1,161995169,0.509,0.00608994,hom,1
HG01593,OLFML2B,chr1,161996221,0.535,0.00608994,hom,1
HG01593,NOS1AP,chr1,162080880,0.844,0.00765147,hom,2
HG01593,NOS1AP,chr1,162109043,1.476,0.000936914,hom,1
HG01593,SH2D1B,chr1,162401672,1.977,0.000312305,hom,1
HG01593,DDR2,chr1,162634683,5.06,0.00749532,hom,2
HG01593,DDR2,chr1,162745583,0.577,0.00515303,hom,1
HG01593,DDR2,chr1,162748447,6.632,0.00468457,hom,1
HG01593,HSD17B7,chr1,162791147,0.107,0.000312305,hom,1
HG01593,HSD17B7,chr1,162805697,6.739,0.00468457,hom,1
HG01593,LOC127814295,chr1,163251427,0.404,0.00687071,hom,1
HG01593,LOC127814295,chr1,163252511,2.697,0.00687071,hom,1
HG01593,PBX1,chr1,164668307,1.013,0.00405996,hom,1
HG01593,LMX1A-AS1,chr1,165216757,4.555,0.00405996,hom,2
HG01593,LMX1A-AS1,chr1,165218664,0.029,0.00405996,hom,2
HG01593,LRRC52-AS1,chr1,165521436,1.612,0.00421611,hom,1
HG01593,MGST3,chr1,165643077,5.124,0.000312305,hom,1
HG01593,MGST3,chr1,165655087,0.427,0.00905684,hom,1
HG01593,ALDH9A1,chr1,165694964,2.691,0.00968145,hom,1
HG01593,TMCO1,chr1,165730329,0.58,0.00811992,hom,1
HG01593,UCK2,chr1,165900706,2.775,0.00187383,hom,1
HG01593,FMO9P,chr1,166615546,4.452,0.00968145,hom,1
HG01593,ILDR2,chr1,166900883,13.11,0.00499688,hom,1
HG01593,ILDR2,chr1,166935510,0.37,0.00499688,hom,1
HG01593,GPA33,chr1,167053177,0.336,0.0065584,hom,1
HG01593,POU2F1,chr1,167332099,0.236,0.00265459,hom,1
HG01593,POU2F1,chr1,167376058,24.7,0.00062461,hom,1
HG01593,CD247,chr1,167450846,2.512,0.00890069,hom,2
HG01593,CD247,chr1,167482497,1.013,0.00343535,hom,1
HG01593,RCSD1,chr1,167689235,1.765,0.000312305,hom,1
HG01593,MPZL1,chr1,167743449,2.327,0.00140537,het,1
HG01593,MPZL1,chr1,167743471,1.277,0.00187383,het,1
HG01593,MPZL1,chr1,167743475,1.938,0.00171768,het,1
HG01593,MPC2,chr1,167928109,2.559,0.000312305,hom,1
HG01593,DCAF6,chr1,167964994,5.482,0.000312305,hom,1
HG01593,GPR161,chr1,168092049,0.012,0.00124922,hom,2
HG01593,GPR161,chr1,168106939,13.85,0.00749532,hom,1
HG01593,SFT2D2,chr1,168244422,0.46,0.00234229,hom,2
HG01593,LOC125312414,chr1,168430665,2.727,0.000312305,hom,2
HG01593,LOC101928565,chr1,168480663,2.416,0.000780762,hom,2
HG01593,LOC101928565,chr1,168493531,0.861,0.00733916,hom,1
HG01593,LINC00970,chr1,168919227,0.382,0.00577764,hom,2
HG01593,LINC00970,chr1,168938864,7.596,0.00593379,hom,2
HG01593,ATP1B1,chr1,169110072,5.259,0.0029669,hom,1
HG01593,NME7,chr1,169145057,7.479,0.00312305,het,1
HG01593,NME7,chr1,169159237,6.809,0.000312305,het,1
HG01593,NME7,chr1,169174596,0.447,0.000936914,het,1
HG01593,NME7,chr1,169292647,2.819,0.00187383,het,1
HG01593,ATF6,chr1,161780225,12.03,0.000780762,hom,5
HG02649,ZBTB40,chr1,22508875,0.96,0.000780762,hom,1
HG02649,LACTBL1,chr1,22955018,11.4,0.00234229,hom,1
HG02649,LACTBL1,chr1,22956710,1.644,0.00530918,hom,1
HG02649,LUZP1,chr1,23095569,0.964,0.000468457,hom,1
HG02649,LUZP1,chr1,23160194,12.21,0.00827608,hom,1
HG02649,HTR1D,chr1,23204045,0.513,0.00374766,hom,1
HG02649,ASAP3,chr1,23466727,5.431,0.000468457,hom,1
HG02649,FUCA1,chr1,23849302,0.137,0.00265459,hom,2
HG02649,FUCA1,chr1,23864180,1.136,0.00062461,hom,1
HG02649,CNR2,chr1,23890008,1.522,0.000468457,hom,1
HG02649,IL22RA1,chr1,24129893,0.172,0.000780762,hom,1
HG02649,STPG1,chr1,24392747,5.393,0.00171768,hom,2
HG02649,NCMAP,chr1,24594343,3.582,0.00718301,hom,1
HG02649,CLIC4,chr1,24775097,0.624,0.00515303,hom,1
HG02649,RSRP1,chr1,25249512,2.89,0.000468457,hom,2
HG02649,TMEM50A,chr1,25344714,2.279,0.00156152,hom,1
HG02649,RHCE,chr1,25377198,0.902,0.00156152,hom,1
HG02649,MACO1,chr1,25433895,10.96,0.00343535,hom,2
HG02649,MACO1,chr1,25438724,2.458,0.00359151,hom,1
HG02649,MACO1,chr1,25496399,0.438,0.00218613,hom,1
HG02649,LDLRAP1,chr1,25563933,8.071,0.00140537,hom,1
HG02649,MAN1C1,chr1,25623259,4.096,0.00249844,hom,1
HG02649,MAN1C1,chr1,25632987,3.107,0.00359151,hom,1
HG02649,MAN1C1,chr1,25659125,5.999,0.00062461,hom,1
HG02649,MAN1C1,chr1,25730813,1.54,0.000468457,hom,1
HG02649,PAFAH2,chr1,25992545,3.63,0.00343535,hom,1
HG02649,CEP85,chr1,26254333,13.29,0.00218613,hom,1
HG02649,CEP85,chr1,26256438,2.069,0.000936914,hom,1
HG02649,CEP85,chr1,26272724,3.328,0.000936914,hom,1
HG02649,UBXN11,chr1,26289587,0.071,0.000936914,hom,1
HG02649,LIN28A,chr1,26422834,3.025,0.000468457,hom,1
HG02649,ARID1A,chr1,26727623,11.01,0.00343535,hom,1
HG02649,ZDHHC18,chr1,26837460,1.328,0.00562149,hom,1
HG02649,GPATCH3,chr1,26896534,3.891,0.00202998,hom,1
HG02649,SLC9A1,chr1,27114971,3.565,0.00171768,hom,1
HG02649,SLC9A1,chr1,27123603,0.018,0.00421611,het,1
HG02649,SLC9A1,chr1,27123613,0.455,0.00530918,het,1
HG02649,SLC9A1,chr1,27134059,1.056,0.00187383,hom,1
HG02649,WDTC1,chr1,27241579,12.74,0.000468457,hom,2
HG02649,WDTC1,chr1,27267959,2.694,0.00281074,hom,1
HG02649,FCN3,chr1,27373790,2.572,0.00218613,hom,1
HG02649,WASF2,chr1,27431752,2.429,0.000780762,hom,1
HG02649,WASF2,chr1,27489393,8.04,0.00234229,het,1
HG02649,AHDC1,chr1,27537507,6.879,0.00187383,hom,1
HG02649,AHDC1,chr1,27562843,23.0,0.00265459,hom,1
HG02649,LINC02574,chr1,27661703,9.546,0.00702686,hom,2
HG02649,STX12,chr1,27796389,0.474,0.00249844,hom,1
HG02649,THEMIS2,chr1,27877487,0.561,0.000468457,hom,1
HG02649,SMPDL3B,chr1,27954829,2.501,0.00202998,hom,2
HG02649,EYA3,chr1,28074512,4.387,0.00062461,hom,1
HG02649,DEPDC1,chr1,68477990,9.369,0.00281074,het,1
HG02649,DEPDC1-AS1,chr1,68498230,4.321,0.00718301,het,2
HG02649,LINC01707,chr1,69060436,11.22,0.000468457,hom,1
HG02649,LINC01707,chr1,69063183,1.227,0.00640225,hom,1
HG02649,LINC01707,chr1,69065939,3.674,0.00062461,hom,1
HG02649,LINC01707,chr1,69100058,2.097,0.00640225,hom,1
HG02649,LRRC7,chr1,69568972,0.724,0.00202998,hom,2
HG02649,LRRC7,chr1,69772524,2.53,0.00671455,hom,1
HG02649,LRRC7,chr1,69824271,0.675,0.0095253,hom,1
HG02649,LRRC7,chr1,69854466,2.869,0.00827608,hom,1
HG02649,LRRC7,chr1,69899805,0.581,0.00999375,hom,1
HG02649,LRRC40,chr1,70188689,0.495,0.0098376,hom,1
HG02649,ANKRD13C,chr1,70280188,16.75,0.00936914,hom,1
HG02649,ANKRD13C,chr1,70350263,1.656,0.00249844,hom,2
HG02649,PTGER3,chr1,70865588,2.175,0.00405996,hom,1
HG02649,ZRANB2-DT,chr1,71107071,2.734,0.000468457,hom,1
HG02649,ZRANB2-DT,chr1,71134456,6.872,0.00124922,hom,1
HG02649,ZRANB2-DT,chr1,71221810,2.433,0.00374766,hom,1
HG02649,ZRANB2-DT,chr1,71229777,1.686,0.00374766,hom,1
HG02649,NEGR1,chr1,71523652,1.524,0.000468457,hom,1
HG02649,NEGR1,chr1,71524544,2.35,0.00780762,hom,1
HG02649,NEGR1,chr1,71538317,6.637,0.00171768,hom,1
HG02649,NEGR1,chr1,71569519,5.03,0.00171768,hom,1
HG02649,NEGR1,chr1,71621112,3.496,0.00265459,hom,1
HG02649,NEGR1,chr1,71761801,0.205,0.00062461,hom,1
HG02649,NEGR1,chr1,71764505,0.084,0.00546533,hom,1
HG02649,DHDDS,chr1,26445602,10.3,0.00109307,hom,5
HG02653,NTNG1,chr1,107342099,0.292,0.00062461,hom,1
HG02653,NTNG1,chr1,107449747,10.62,0.00171768,hom,1
HG02653,VAV3,chr1,107571722,2.314,0.00608994,hom,1
HG02653,VAV3,chr1,107586562,0.009,0.00202998,hom,1
HG02653,VAV3,chr1,107617287,5.058,0.00608994,hom,1
HG02653,VAV3,chr1,107689038,3.568,0.00452842,hom,1
HG02653,VAV3,chr1,107782607,4.569,0.00171768,hom,1
HG02653,VAV3,chr1,107810134,3.06,0.00827608,hom,2
HG02653,VAV3,chr1,107845122,3.377,0.00156152,hom,2
HG02653,VAV3,chr1,107882826,4.968,0.00343535,hom,1
HG02653,EEIG2,chr1,108579013,3.778,0.00437227,hom,1
HG02653,EEIG2,chr1,108605447,10.93,0.00109307,hom,1
HG02653,GPSM2,chr1,108896005,6.741,0.00062461,hom,1
HG02653,CLCC1,chr1,108962838,5.99,0.00359151,hom,2
HG02653,WDR47,chr1,108996846,0.624,0.00140537,hom,2
HG02653,WDR47,chr1,109004278,0.648,0.00124922,hom,1
HG02653,ELAPOR1,chr1,109152195,1.335,0.00140537,hom,2
HG02653,SARS1,chr1,109214555,5.477,0.00156152,hom,1
HG02653,CELSR2,chr1,109273978,15.1,0.000936914,hom,1
HG02653,MYBPHL,chr1,109295020,2.686,0.00218613,hom,1
HG02653,MYBPHL,chr1,109305185,13.86,0.00171768,hom,1
HG02653,GNAI3,chr1,109556210,0.607,0.00109307,hom,1
HG02653,GSTM4,chr1,109661605,0.295,0.0029669,hom,1
HG02653,GSTM2,chr1,109671991,3.09,0.00390381,hom,1
HG02653,AHCYL1,chr1,110007223,2.221,0.00499688,hom,1
HG02653,STRIP1,chr1,110047080,4.121,0.00062461,hom,1
HG02653,LINC01397,chr1,110109582,2.34,0.00921299,hom,2
HG02653,KCNC4,chr1,110214055,0.769,0.00343535,hom,1
HG02653,SLC16A4,chr1,110381992,8.613,0.00780762,hom,1
HG02653,LAMTOR5-AS1,chr1,110413667,0.965,0.00780762,hom,2
HG02653,DRAM2,chr1,111118735,5.817,0.00359151,hom,1
HG02653,CEPT1,chr1,111181395,1.151,0.00749532,hom,2
HG02653,DENND2D,chr1,111188730,3.947,0.00312305,hom,2
HG02653,CHI3L2,chr1,111230671,8.407,0.00702686,hom,2
HG02653,CHI3L2,chr1,111235946,9.461,0.00140537,hom,1
HG02653,CHIAP2,chr1,111283986,1.007,0.00484072,hom,1
HG02653,PGBP,chr1,111386615,3.226,0.00749532,hom,1
HG02653,RAP1A,chr1,111567346,4.95,0.00187383,hom,2
HG02653,KCND3,chr1,111795976,4.882,0.00062461,hom,1
HG02653,LINC02884,chr1,112239306,0.372,0.00156152,hom,2
HG02653,LINC02884,chr1,112298459,5.71,0.00452842,hom,2
HG02653,CTTNBP2NL,chr1,112402157,1.01,0.000780762,hom,1
HG02653,WNT2B,chr1,112468268,1.512,0.00218613,hom,2
HG02653,CAPZA1,chr1,112661631,2.429,0.00405996,hom,1
HG02653,SLC16A1,chr1,112916271,1.25,0.00140537,hom,1
HG02653,LRIG2,chr1,113086427,1.73,0.00733916,hom,1
HG02653,MAGI3,chr1,113449308,5.304,0.00156152,hom,1
HG02653,PHTF1,chr1,113705896,5.747,0.00062461,hom,1
HG02653,PHTF1,chr1,113746408,0.926,0.00062461,hom,1
HG02653,PTPN22,chr1,113829656,2.057,0.00062461,hom,1
HG02653,PTPN22,chr1,113847751,0.287,0.00062461,hom,1
HG02653,HIPK1,chr1,113931682,9.02,0.00780762,hom,2
HG02653,SYT6,chr1,114106165,1.321,0.00124922,hom,1
HG02653,SYT6,chr1,114141296,0.325,0.00343535,hom,1
HG02653,TRIM33,chr1,114409905,4.911,0.00140537,hom,1
HG02653,TRIM33,chr1,114445341,0.132,0.00265459,hom,1
HG02653,DENND2C,chr1,114609915,7.601,0.000936914,hom,2
HG02653,DENND2C,chr1,114612507,2.422,0.00140537,hom,1
HG02653,DENND2C,chr1,114652766,0.656,0.00218613,hom,1
HG02653,CSDE1,chr1,114719939,8.018,0.00202998,hom,1
HG02653,SYCP1,chr1,114868628,4.935,0.000780762,hom,1
HG02653,TSPAN2,chr1,115081805,2.091,0.00140537,hom,1
HG02653,GNAT2,chr1,109618771,12.15,0.000468457,hom,5
HG02656,LINC01787,chr1,96255817,0.241,0.00468457,het,1
HG02656,PTBP2,chr1,96739943,3.135,0.00187383,hom,2
HG02656,PTBP2,chr1,96823257,1.142,0.00187383,hom,1
HG02656,DPYD-AS1,chr1,97208964,5.665,0.00499688,hom,1
HG02656,DPYD-AS1,chr1,97257458,0.059,0.00140537,hom,1
HG02656,DPYD-AS1,chr1,97258030,0.328,0.00156152,hom,1
HG02656,DPYD-AS1,chr1,97265744,0.28,0.00062461,hom,1
HG02656,DPYD-AS1,chr1,97318627,3.98,0.00484072,hom,1
HG02656,PLPPR5,chr1,98899698,1.084,0.00671455,hom,1
HG02656,PLPPR5,chr1,98901940,0.47,0.00671455,hom,1
HG02656,PLPPR5,chr1,98906580,4.105,0.0062461,hom,1
HG02656,PLPPR5,chr1,98909396,1.21,0.0062461,hom,1
HG02656,PLPPR5,chr1,98909448,0.317,0.0062461,hom,1
HG02656,PLPPR5,chr1,98910342,1.591,0.0062461,hom,1
HG02656,PLPPR5,chr1,98910413,0.874,0.0062461,hom,1
HG02656,PLPPR5,chr1,98910415,0.601,0.0062461,hom,1
HG02656,PLPPR5,chr1,98910695,2.869,0.0062461,hom,1
HG02656,PLPPR5,chr1,98910907,6.722,0.0062461,hom,1
HG02656,PLPPR5,chr1,98911217,3.43,0.0062461,hom,1
HG02656,PLPPR5,chr1,98911461,0.372,0.0062461,hom,1
HG02656,PLPPR5,chr1,98911919,0.726,0.0062461,hom,1
HG02656,PLPPR5,chr1,98912141,0.685,0.0062461,hom,1
HG02656,PLPPR5,chr1,98912299,1.207,0.0062461,hom,1
HG02656,PLPPR5,chr1,98912403,1.464,0.0062461,hom,1
HG02656,PLPPR5,chr1,98912925,6.062,0.00608994,het,1
HG02656,PLPPR5,chr1,98912946,3.563,0.00608994,het,1
HG02656,PLPPR5,chr1,98912952,0.23,0.00608994,het,1
HG02656,PLPPR5,chr1,98913255,0.277,0.0062461,hom,1
HG02656,PLPPR5,chr1,98919871,0.288,0.0062461,hom,1
HG02656,PLPPR5,chr1,98921307,0.484,0.0062461,hom,2
HG02656,PLPPR5,chr1,98921435,0.696,0.0062461,hom,1
HG02656,PLPPR5,chr1,98925182,19.03,0.0062461,hom,1
HG02656,PLPPR5,chr1,98927840,1.7,0.0062461,hom,1
HG02656,PLPPR5,chr1,98928312,9.593,0.00702686,hom,1
HG02656,PLPPR5,chr1,98929495,5.609,0.0062461,hom,1
HG02656,PLPPR5,chr1,98929717,6.47,0.00640225,hom,1
HG02656,PLPPR5,chr1,98930015,1.754,0.0062461,hom,1
HG02656,PLPPR5,chr1,98930229,0.593,0.0062461,hom,1
HG02656,PLPPR5,chr1,98933352,4.171,0.00608994,hom,1
HG02656,PLPPR5,chr1,98965649,3.631,0.00390381,hom,1
HG02656,PLPPR5-AS1,chr1,99005771,12.41,0.00390381,hom,1
HG02656,PLPPR5-AS1,chr1,99080289,1.192,0.00265459,hom,1
HG02656,PALMD,chr1,99653663,1.585,0.00062461,hom,1
HG02656,SLC35A3,chr1,100000729,6.807,0.00062461,hom,1
HG02656,SLC35A3,chr1,100027595,12.02,0.0095253,hom,1
HG02656,SASS6,chr1,100132727,11.68,0.00452842,hom,1
HG02656,DBT,chr1,100199260,5.346,0.00187383,hom,2
HG02656,DBT,chr1,100212725,0.879,0.00187383,hom,1
HG02656,CDC14A,chr1,100351650,1.178,0.00062461,hom,2
HG02656,CDC14A,chr1,100384062,1.517,0.00062461,hom,2
HG02656,CDC14A,chr1,100497020,5.668,0.00062461,hom,1
HG02656,EXTL2,chr1,100875173,1.659,0.000312305,het,1
HG02656,SLC30A7,chr1,100902647,0.582,0.00468457,het,1
HG02656,SLC30A7,chr1,100928349,1.437,0.00062461,het,2
HG02656,DPH5-DT,chr1,101069482,19.56,0.00062461,het,2
HG02656,LOC105371458,chr1,157948260,6.139,0.00062461,hom,1
HG02656,KIRREL1,chr1,157997183,1.07,0.00124922,hom,1
HG02656,KIRREL1-IT1,chr1,158030140,3.864,0.00265459,hom,1
HG02656,CD1E,chr1,158357233,0.199,0.000312305,het,1
HG02656,OR10K1,chr1,158462049,1.613,0.000936914,hom,1
HG02656,OR10R2,chr1,158474934,0.276,0.00062461,hom,1
HG02656,SPTA1,chr1,158614619,1.324,0.00171768,hom,1
HG02656,SPTA1,chr1,158668080,0.979,0.000780762,hom,1
HG02656,SPTA1,chr1,158682491,2.49,0.00062461,hom,1
HG02656,PYHIN1,chr1,158974356,0.352,0.00062461,hom,1
HG02656,CADM3,chr1,159181392,8.068,0.00062461,hom,1
HG02656,CADM3,chr1,159182772,4.03,0.000780762,hom,1
HG02656,ATP1A4,chr1,160179285,0.957,0.00687071,hom,1
HG02656,PEA15,chr1,160206031,6.108,0.00062461,hom,2
HG02656,SLAMF6,chr1,160522342,3.756,0.00608994,hom,1
HG02656,SLAMF6,chr1,160523176,0.021,0.000936914,hom,1
HG02656,CD84,chr1,160551512,1.03,0.000936914,hom,1
HG02656,CD84,chr1,160560435,13.08,0.00062461,hom,2
HG02656,CD84,chr1,160566693,2.781,0.00062461,hom,1
HG02656,CD84,chr1,160568868,0.663,0.00265459,hom,1
HG02656,SLAMF1,chr1,160619888,3.616,0.000780762,hom,1
HG02656,SLAMF7,chr1,160745872,5.812,0.00858838,hom,1
HG02656,LY9,chr1,160800445,0.383,0.000780762,hom,1
HG02656,CD244,chr1,160831442,3.693,0.000780762,hom,1
HG02656,CD244,chr1,160844430,1.053,0.00390381,hom,1
HG02656,KLHDC9,chr1,161098638,28.1,0.00421611,hom,2
HG02656,PFDN2,chr1,161105550,1.323,0.00421611,hom,1
HG02656,NIT1,chr1,161118311,11.96,0.000936914,hom,2
HG02656,ADAMTS4,chr1,161185773,0.854,0.00421611,hom,1
HG02656,ADAMTS4,chr1,161190497,2.711,0.000936914,hom,1
HG02656,NDUFS2,chr1,161199311,15.8,0.000780762,hom,2
HG02656,FCER1G,chr1,161216421,1.817,0.00796377,hom,2
HG02656,SDHC,chr1,161346112,1.591,0.00171768,hom,1
HG02656,FCGR2B,chr1,161661492,5.14,0.00109307,het,2
HG02656,FCRLB,chr1,161724987,12.03,0.00577764,hom,1
HG02656,FCRLB,chr1,161727361,9.807,0.000780762,hom,1
HG02656,OLFML2B,chr1,162009908,0.586,0.00140537,hom,2
HG02656,OLFML2B,chr1,162021151,12.56,0.00687071,hom,1
HG02656,NOS1AP,chr1,162132510,3.84,0.00530918,hom,1
HG02656,NOS1AP,chr1,162146007,7.136,0.000780762,hom,1
HG02656,NOS1AP,chr1,162155392,1.294,0.00811992,hom,1
HG02656,UAP1,chr1,162570318,5.39,0.000936914,hom,1
HG02656,DDR2,chr1,162655660,7.797,0.00312305,hom,1
HG02656,DDR2,chr1,162730666,0.123,0.00156152,hom,1
HG02656,DDR2,chr1,162780870,0.606,0.00156152,hom,1
HG02656,DDR2,chr1,162786825,2.127,0.00718301,hom,1
HG02656,HSD17B7,chr1,162793658,1.616,0.000780762,hom,1
HG02656,CCDC190,chr1,162856776,1.196,0.00796377,hom,2
HG02656,RGS5-AS1,chr1,163209786,1.926,0.00156152,hom,1
HG02656,LOC127814295,chr1,163277142,11.78,0.00156152,hom,1
HG02656,LOC127814295,chr1,163294429,1.057,0.00062461,hom,1
HG02656,PBX1,chr1,164574400,6.909,0.00062461,hom,1
HG02656,PBX1,chr1,164578162,0.533,0.00062461,hom,1
HG02656,PBX1,chr1,164582093,3.181,0.00499688,hom,1
HG02656,PBX1,chr1,164615494,2.439,0.00062461,hom,1
HG02656,ATF6,chr1,161815237,11.74,0.00062461,hom,5
HG02659,CDC14A,chr1,100478801,0.629,0.00062461,hom,2
HG02659,LINC01307,chr1,101341729,7.612,0.000936914,hom,1
HG02659,LINC01307,chr1,101347204,6.632,0.00062461,hom,1
HG02659,LINC01709,chr1,101691170,1.572,0.00577764,hom,1
HG02659,LINC01709,chr1,101710650,2.737,0.00062461,hom,1
HG02659,OLFM3,chr1,101803205,0.584,0.00187383,hom,1
HG02659,OLFM3,chr1,101842361,0.622,0.00062461,hom,1
HG02659,COL11A1,chr1,103082018,6.137,0.00312305,hom,1
HG02659,AMY1B,chr1,103691215,6.547,0.000468457,het,1
HG02659,LINC01677,chr1,105996241,0.472,0.000936914,hom,1
HG02659,LINC01677,chr1,106008376,2.062,0.000936914,hom,1
HG02659,LINC01677,chr1,106017222,2.216,0.000936914,hom,1
HG02659,NTNG1,chr1,107213249,13.9,0.00062461,hom,1
HG02659,NTNG1,chr1,107336065,2.174,0.00905684,hom,1
HG02659,NTNG1,chr1,107343689,10.86,0.00062461,hom,2
HG02659,NTNG1,chr1,107440471,2.462,0.00765147,hom,1
HG02659,NTNG1,chr1,107477249,1.271,0.00968145,hom,1
HG02659,VAV3,chr1,107587750,2.924,0.000936914,hom,1
HG02659,VAV3,chr1,107624079,12.25,0.00749532,hom,1
HG02659,VAV3,chr1,107709552,8.392,0.00062461,hom,1
HG02659,VAV3,chr1,107731551,2.299,0.00593379,hom,1
HG02659,VAV3,chr1,107829856,0.1,0.00437227,hom,1
HG02659,VAV3,chr1,107860590,5.407,0.00156152,hom,1
HG02659,VAV3-AS1,chr1,107993917,4.83,0.00062461,hom,1
HG02659,NBPF4,chr1,108226270,0.705,0.000780762,hom,1
HG02659,NBPF6,chr1,108451723,0.497,0.000936914,hom,1
HG02659,EEIG2,chr1,108581266,3.273,0.00249844,hom,1
HG02659,EEIG2,chr1,108619628,12.48,0.00062461,hom,1
HG02659,EEIG2,chr1,108625978,3.275,0.00249844,hom,1
HG02659,EEIG2,chr1,108635488,7.1,0.00062461,hom,1
HG02659,SORT1,chr1,109393088,2.3,0.00421611,hom,2
HG02659,PSMA5,chr1,109422433,0.11,0.00515303,hom,1
HG02659,SYPL2,chr1,109479443,5.524,0.00390381,hom,2
HG02659,AHCYL1,chr1,110002809,0.365,0.00062461,hom,1
HG02659,AHCYL1,chr1,110010214,10.95,0.00062461,hom,1
HG02659,STRIP1,chr1,110051926,0.515,0.00249844,hom,1
HG02659,LINC01397,chr1,110102525,6.092,0.00359151,hom,1
HG02659,SLC6A17,chr1,110164535,14.61,0.00124922,hom,1
HG02659,RBM15,chr1,110341408,15.78,0.00499688,hom,2
HG02659,SLC16A4,chr1,110378625,4.491,0.00499688,hom,1
HG02659,CEPT1,chr1,111160293,1.396,0.00062461,hom,1
HG02659,OVGP1,chr1,111416545,1.749,0.00936914,hom,1
HG02659,ATP5PB,chr1,111458026,5.864,0.000780762,hom,1
HG02659,C1orf162,chr1,111478460,8.297,0.00187383,hom,2
HG02659,RAP1A,chr1,111576813,4.61,0.00062461,hom,2
HG02659,RAP1A,chr1,111588690,1.426,0.000936914,hom,2
HG02659,INKA2-AS1,chr1,111745305,1.104,0.00515303,hom,2
HG02659,KCND3,chr1,111820056,16.24,0.00062461,hom,1
HG02659,WNT2B,chr1,112489560,2.006,0.00109307,hom,1
HG02659,WNT2B,chr1,112501062,5.729,0.00109307,hom,2
HG02659,ST7L,chr1,112524678,11.83,0.00062461,hom,2
HG02659,ST7L,chr1,112543043,4.187,0.00718301,hom,1
HG02659,ST7L,chr1,112571598,5.352,0.00062461,hom,1
HG02659,ST7L,chr1,112593939,5.727,0.00109307,hom,1
HG02659,CAPZA1,chr1,112626617,6.103,0.00062461,hom,2
HG02659,CAPZA1,chr1,112670287,13.38,0.00608994,hom,1
HG02659,MOV10,chr1,112674935,22.6,0.00062461,hom,2
HG02659,LINC01356,chr1,112841887,1.964,0.00140537,hom,1
HG02659,LINC01357,chr1,112869751,2.446,0.00062461,hom,1
HG02659,SLC16A1,chr1,112914727,12.74,0.00124922,hom,1
HG02659,SLC16A1,chr1,112918265,8.893,0.00124922,hom,1
HG02659,LRIG2-DT,chr1,113050009,0.078,0.00062461,hom,2
HG02659,MAGI3,chr1,113515186,0.467,0.0065584,hom,1
HG02659,MAGI3,chr1,113541043,3.31,0.0032792,hom,2
HG02659,PTPN22,chr1,113853475,1.036,0.0032792,hom,1
HG02659,BCL2L15,chr1,113882601,0.585,0.0032792,hom,1
HG02659,HIPK1,chr1,113933089,6.513,0.00062461,hom,2
HG02659,SYT6,chr1,114091434,4.034,0.00359151,hom,1
HG02659,SYT6,chr1,114135769,8.634,0.00374766,hom,1
HG02659,TRIM33,chr1,114446400,3.696,0.00733916,hom,1
HG02659,TRIM33,chr1,114484498,2.291,0.00733916,hom,1
HG02659,DENND2C,chr1,114638655,3.138,0.00062461,hom,1
HG02659,AMPD1,chr1,114692538,1.745,0.00733916,hom,1
HG02659,CSDE1,chr1,114726661,2.721,0.00687071,hom,2
HG02659,SYCP1,chr1,114888520,0.963,0.00718301,hom,1
HG02659,TSPAN2,chr1,115055674,1.334,0.00062461,hom,1
HG02659,TSPAN2,chr1,115055943,4.505,0.00718301,hom,2
HG02659,VANGL1,chr1,115652545,5.546,0.00202998,hom,1
HG02659,VANGL1,chr1,115694938,2.783,0.00171768,hom,2
HG02659,CASQ2,chr1,115754446,0.672,0.00124922,hom,2
HG02659,NHLH2,chr1,115837945,15.62,0.00140537,hom,1
HG02659,SLC22A15,chr1,116015435,1.294,0.00249844,hom,1
HG02659,SLC22A15,chr1,116022839,5.312,0.00234229,hom,1
HG02659,SLC22A15,chr1,116040346,6.056,0.00062461,hom,1
HG02659,SLC22A15,chr1,116049398,2.541,0.00234229,hom,1
HG02659,MAB21L3,chr1,116122719,1.02,0.00062461,hom,1
HG02659,LINC01762,chr1,116438516,6.763,0.00062461,hom,1
HG02659,LINC01762,chr1,116463209,20.5,0.00062461,hom,1
HG02659,IGSF3,chr1,116625587,0.28,0.00062461,hom,2
HG02659,CD101,chr1,117014514,0.373,0.00858838,hom,1
HG02659,TRIM45,chr1,117115453,1.581,0.00796377,hom,1
HG02659,GDAP2,chr1,117906620,5.506,0.00062461,hom,1
HG02659,WDR3,chr1,117941088,10.5,0.00109307,hom,1
HG02659,SPAG17,chr1,117974487,0.167,0.00109307,hom,1
HG02659,SPAG17,chr1,117985333,3.407,0.00124922,hom,1
HG02659,SPAG17,chr1,118143500,2.863,0.00062461,hom,1
HG02659,SPAG17,chr1,118148085,0.282,0.000780762,hom,1
HG02659,TBX15,chr1,118888538,6.605,0.00062461,hom,1
HG02659,TBX15,chr1,118914335,4.18,0.00062461,hom,1
HG02659,TBX15,chr1,118921313,0.878,0.00484072,hom,1
HG02659,TBX15,chr1,118941040,6.504,0.00062461,hom,1
HG02659,WARS2,chr1,119032169,1.707,0.00062461,hom,1
HG02659,WARS2-AS1,chr1,119170405,3.587,0.00156152,hom,1
HG02659,WARS2-AS1,chr1,119175346,2.295,0.00062461,hom,1
HG02659,HSD3B2,chr1,119422050,10.99,0.000936914,hom,1
HG02659,PHGDH,chr1,119741916,0.929,0.000780762,hom,1
HG02659,HMGCS2,chr1,119749556,1.987,0.00062461,hom,1
HG02659,HMGCS2,chr1,119752550,5.694,0.00733916,hom,4
HG02659,NOTCH2,chr1,120035814,0.017,0.00171768,hom,1
HG02659,NBPF8,chr1,120415283,13.79,0.00437227,hom,1
HG02659,PDE4DIP,chr1,148905252,3.431,0.00171768,het,1
HG02659,PDE4DIP,chr1,148935011,0.957,0.00156152,hom,2
HG02659,NOTCH2NLC,chr1,149394143,5.732,0.00062461,hom,1
HG02659,NOTCH2NLC,chr1,149419858,0.891,0.00749532,hom,1
HG02659,LINC00869,chr1,149633731,0.927,0.00343535,hom,2
HG02659,OTUD7B,chr1,149954730,1.362,0.000312305,het,1
HG02659,VPS45,chr1,150083348,0.774,0.00062461,hom,1
HG02659,VPS45,chr1,150113212,0.856,0.00140537,hom,1
HG02659,LINC02988,chr1,150172021,2.574,0.00062461,hom,2
HG02659,LINC02988,chr1,150176822,0.767,0.00421611,hom,1
HG02659,ANP32E,chr1,150221771,4.009,0.00171768,hom,2
HG02659,PRPF3,chr1,150342164,2.914,0.00109307,hom,1
HG02659,RPRD2,chr1,150370370,0.409,0.00062461,hom,1
HG02659,RPRD2,chr1,150392894,3.466,0.00062461,hom,1
HG02659,RPRD2,chr1,150473504,6.768,0.00109307,hom,1
HG02659,GOLPH3L,chr1,150670799,4.96,0.00312305,hom,1
HG02659,GOLPH3L,chr1,150673540,1.062,0.00062461,hom,1
HG02659,GOLPH3L,chr1,150695199,0.115,0.000780762,hom,1
HG02659,CTSS,chr1,150758916,3.005,0.00062461,hom,1
HG02659,ARNT,chr1,150856327,2.244,0.0032792,hom,1
HG02659,ARNT,chr1,150858151,1.466,0.00062461,hom,1
HG02659,PRUNE1,chr1,151027028,6.386,0.0062461,hom,2
HG02659,PRUNE1,chr1,151031689,2.811,0.00062461,hom,2
HG02659,GABPB2,chr1,151085226,2.715,0.00062461,hom,1
HG02659,GABPB2,chr1,151086597,4.957,0.00062461,hom,1
HG02659,SEMA6C,chr1,151133256,0.949,0.00062461,hom,2
HG02659,LYSMD1,chr1,151161357,5.42,0.00062461,hom,1
HG02659,VPS72,chr1,151186725,12.57,0.00577764,hom,1
HG02659,ZNF687,chr1,151283261,16.83,0.00062461,hom,2
HG02659,SELENBP1,chr1,151364917,11.09,0.00062461,hom,1
HG02659,POGZ,chr1,151416001,2.999,0.0032792,hom,1
HG02659,SNX27,chr1,151663939,1.177,0.00265459,hom,1
HG02659,SNX27,chr1,151668022,0.997,0.0029669,hom,1
HG02659,SNX27,chr1,151669781,3.112,0.00265459,hom,2
HG02659,SNX27,chr1,151685147,11.86,0.00062461,hom,1
HG02659,CELF3,chr1,151710706,10.29,0.00062461,hom,2
HG02659,C2CD4D,chr1,151838239,22.4,0.00062461,hom,2
HG02659,THEM5,chr1,151847152,2.159,0.00249844,hom,1
HG02659,THEM4,chr1,151894244,9.278,0.00718301,hom,1
HG02659,CCDST,chr1,152210404,1.189,0.00062461,hom,2
HG02659,HRNR,chr1,152214384,4.756,0.00124922,het,1
HG02659,FLG,chr1,152310791,1.003,0.00811992,hom,1
HG02659,KPRP,chr1,152759907,1.861,0.00171768,hom,1
HG02659,S100A4,chr1,153545204,11.89,0.00562149,hom,2
HG02659,S100A13,chr1,153623430,6.314,0.000780762,hom,2
HG02659,GATAD2B,chr1,153865723,1.108,0.000780762,hom,1
HG02659,GATAD2B,chr1,153882201,21.7,0.00608994,hom,1
HG02659,GATAD2B,chr1,153891903,0.73,0.000780762,hom,1
HG02659,CREB3L4,chr1,153971180,3.866,0.000936914,hom,2
HG02659,NUP210L,chr1,154047869,3.43,0.00234229,hom,1
HG02659,NUP210L,chr1,154060354,4.041,0.0065584,hom,1
HG02659,NUP210L,chr1,154068597,3.554,0.00109307,hom,1
HG02659,NUP210L,chr1,154076526,3.368,0.00234229,hom,2
HG02659,IL6R,chr1,154426954,0.835,0.00374766,hom,1
HG02659,IL6R,chr1,154451640,0.922,0.00921299,hom,1
HG02659,SHE,chr1,154482461,0.968,0.00452842,hom,2
HG02659,UBE2Q1,chr1,154550528,1.163,0.00062461,hom,1
HG02659,ADAR,chr1,154624535,4.714,0.00452842,hom,1
HG02659,KCNN3,chr1,154749844,0.492,0.00109307,hom,1
HG02659,KCNN3,chr1,154786354,8.568,0.00062461,hom,1
HG02659,KCNN3,chr1,154813880,1.279,0.00218613,hom,1
HG02659,KCNN3,chr1,154836230,6.762,0.00062461,hom,1
HG02659,DCST2,chr1,155031706,24.8,0.00343535,hom,1
HG02659,SLC50A1,chr1,155136677,7.908,0.000780762,hom,1
HG02659,TRIM46,chr1,155180121,5.98,0.000936914,hom,1
HG02659,DAP3,chr1,155698937,1.666,0.00890069,hom,1
HG02659,DAP3,chr1,155701065,5.025,0.000780762,hom,1
HG02659,ARHGEF2,chr1,155947990,1.246,0.00171768,hom,2
HG02659,SEMA4A,chr1,156157159,5.326,0.000780762,hom,1
HG02659,PMF1,chr1,156223981,0.394,0.00156152,hom,1
HG02659,PMF1,chr1,156239929,5.606,0.00421611,hom,1
HG02659,SMG5,chr1,156274822,5.022,0.00062461,hom,1
HG02659,MIR9-1HG,chr1,156408629,0.722,0.00405996,hom,1
HG02659,PRCC,chr1,156798268,5.049,0.00202998,hom,1
HG02659,INSRR,chr1,156857252,6.634,0.0062461,hom,2
HG02659,FCRL5,chr1,157547071,0.01,0.00499688,hom,1
HG02659,CD5L,chr1,157831110,0.28,0.00109307,hom,1
HG02659,CD5L,chr1,157841536,5.583,0.00062461,hom,1
HG02659,KIRREL1,chr1,158020274,1.977,0.00562149,hom,2
HG02659,OR10K2,chr1,158424153,4.012,0.00062461,hom,1
HG02659,OR6Y1,chr1,158548329,0.169,0.00811992,hom,1
HG02659,OR6P1,chr1,158562408,0.066,0.00843223,hom,1
HG02659,OR6P1,chr1,158565742,0.044,0.00811992,hom,1
HG02659,SPTA1,chr1,158641367,0.519,0.00171768,hom,1
HG02659,CD247,chr1,167497336,0.425,0.00827608,het,1
HG02659,CD247,chr1,167500646,2.57,0.00811992,het,1
HG02659,RCSD1,chr1,167705500,1.287,0.00687071,hom,2
HG02659,MPZL1,chr1,167752088,0.793,0.00499688,hom,1
HG02659,MPZL1,chr1,167772135,0.419,0.00577764,hom,1
HG02659,ADCY10,chr1,167855794,4.702,0.0029669,hom,2
HG02659,ADCY10,chr1,167875168,1.512,0.000780762,hom,1
HG02659,MPC2,chr1,167935660,9.702,0.00202998,hom,2
HG02659,GPR161,chr1,168094101,1.02,0.000780762,hom,1
HG02659,LINC00970,chr1,169041782,1.164,0.00187383,hom,1
HG02659,LINC00970,chr1,169058825,4.278,0.00109307,hom,1
HG02659,NME7,chr1,169289916,7.755,0.00468457,hom,1
HG02659,NME7,chr1,169330560,3.488,0.00468457,hom,1
HG02659,CCDC181,chr1,169400647,4.263,0.00109307,hom,2
HG02659,F5,chr1,169526429,3.002,0.00999375,hom,1
HG02659,F5,chr1,169557316,0.847,0.00109307,hom,1
HG02659,SCYL3,chr1,169855768,5.109,0.00281074,hom,2
HG02659,KIFAP3,chr1,170070781,6.574,0.000936914,hom,1
HG02659,KIFAP3,chr1,170072058,8.388,0.000936914,hom,1
HG02659,GORAB,chr1,170533204,3.101,0.000936914,hom,2
HG02659,GORAB,chr1,170551286,1.151,0.000936914,hom,1
HG02659,MROH9,chr1,170941078,5.463,0.00343535,hom,1
HG02659,MROH9,chr1,170977138,0.224,0.000936914,hom,1
HG02659,MROH9,chr1,170983777,0.821,0.00109307,hom,1
HG02659,PRRC2C,chr1,171584675,0.046,0.000936914,hom,1
HG02659,DNM3,chr1,171858078,3.478,0.000936914,hom,1
HG02659,LOC100506023,chr1,173236200,0.792,0.00062461,hom,2
HG02659,LOC100506023,chr1,173269434,3.908,0.00359151,hom,2
HG02659,LOC100506023,chr1,173310672,2.824,0.000780762,hom,2
HG02659,LOC100506023,chr1,173324258,0.459,0.00202998,hom,2
HG02659,LOC100506023,chr1,173358514,1.955,0.00312305,hom,2
HG02659,LOC100506023,chr1,173400765,3.323,0.00281074,hom,2
HG02659,LOC100506023,chr1,173411626,3.069,0.00062461,hom,2
HG02659,SLC9C2,chr1,173559143,4.029,0.00249844,hom,1
HG02659,ANKRD45,chr1,173615698,12.44,0.00062461,hom,2
HG02659,KLHL20,chr1,173727242,0.291,0.00265459,hom,1
HG02659,KLHL20,chr1,173731415,1.565,0.00109307,hom,1
HG02659,KLHL20,chr1,173731417,0.765,0.00265459,hom,1
HG02659,KLHL20,chr1,173747362,7.209,0.00265459,hom,1
HG02659,ZBTB37,chr1,173872286,0.658,0.00062461,hom,2
HG02659,RC3H1,chr1,173947625,1.829,0.00265459,hom,1
HG02659,RABGAP1L-DT,chr1,174131427,0.957,0.00062461,hom,2
HG02659,RABGAP1L-DT,chr1,174137057,1.25,0.00577764,hom,1
HG02659,RABGAP1L,chr1,174236966,2.791,0.0032792,hom,1
HG02659,RABGAP1L,chr1,174297706,7.544,0.00593379,hom,1
HG02659,RABGAP1L,chr1,174306784,0.513,0.00109307,hom,1
HG02659,RABGAP1L,chr1,174323402,0.069,0.00265459,hom,1
HG02659,RABGAP1L,chr1,174337529,5.86,0.00062461,hom,1
HG02659,RABGAP1L,chr1,174345675,7.313,0.00109307,hom,1
HG02659,RABGAP1L,chr1,174359930,0.541,0.00062461,hom,1
HG02659,RABGAP1L,chr1,174374321,4.812,0.00062461,hom,1
HG02659,RABGAP1L,chr1,174433768,1.029,0.00265459,hom,1
HG02659,CACYBP,chr1,175002385,5.092,0.00281074,hom,2
HG02659,CACYBP,chr1,175006616,0.328,0.00281074,hom,2
HG02659,TNN,chr1,175083940,24.7,0.00062461,hom,1
HG02659,TNN,chr1,175087167,4.953,0.00281074,hom,1
HG02659,TNN,chr1,175104581,3.16,0.00109307,hom,1
HG02659,TNR,chr1,175346258,8.537,0.00874454,hom,1
HG02659,TNR,chr1,175357546,0.155,0.00874454,hom,1
HG02659,TNR,chr1,175388946,0.17,0.00281074,hom,1
HG02659,TNR,chr1,175418307,5.583,0.00109307,hom,1
HG02659,TNR,chr1,175429080,12.02,0.00390381,hom,1
HG02659,TNR,chr1,175429617,0.528,0.00390381,hom,1
HG02659,TNR,chr1,175440947,1.582,0.0032792,hom,1
HG02659,TNR,chr1,175595733,1.649,0.00546533,hom,2
HG02659,COP1,chr1,175953047,0.67,0.00171768,hom,1
HG02659,COP1,chr1,175961104,1.086,0.00515303,hom,1
HG02659,COP1-DT,chr1,176222620,0.932,0.00171768,hom,1
HG02659,COP1-DT,chr1,176226121,6.917,0.00515303,hom,1
HG02659,PAPPA2,chr1,176516882,7.817,0.00062461,hom,1
HG02659,PAPPA2,chr1,176545678,1.56,0.00249844,hom,1
HG02659,PAPPA2,chr1,176621045,0.464,0.00343535,hom,1
HG02659,PAPPA2,chr1,176640636,3.964,0.00515303,hom,1
HG02659,ASTN1,chr1,176864957,0.008,0.00062461,hom,1
HG02659,ASTN1,chr1,176885305,2.014,0.00515303,hom,1
HG02659,SLC60A1,chr1,205601774,2.635,0.00140537,het,1
HG02659,ELK4,chr1,205627782,0.029,0.00062461,hom,1
HG02659,NUCKS1,chr1,205726178,2.853,0.00171768,hom,1
HG02659,PM20D1-AS1,chr1,205885049,1.593,0.0032792,hom,1
HG02659,PM20D1-AS1,chr1,205886445,1.407,0.00187383,hom,1
HG02659,SLC26A9,chr1,205919277,0.176,0.00218613,hom,2
HG02659,SLC26A9-AS1,chr1,205951893,1.082,0.00202998,hom,2
HG02659,RAB7B,chr1,205987809,9.383,0.000780762,hom,1
HG02659,RAB7B,chr1,205993971,3.556,0.00062461,hom,1
HG02659,RAB7B,chr1,206002026,0.229,0.00187383,hom,1
HG02659,RAB7B,chr1,206002734,7.937,0.0032792,hom,1
HG02659,CTSE,chr1,206009578,0.644,0.0032792,hom,1
HG02659,CTSE,chr1,206011204,0.277,0.00374766,hom,1
HG02659,RHEX,chr1,206054459,5.02,0.00281074,het,2
HG02659,RHEX,chr1,206060963,2.403,0.00312305,hom,1
HG02659,SRGAP2,chr1,206446792,10.14,0.00249844,hom,1
HG02659,RASSF5,chr1,206509406,11.06,0.00265459,hom,2
HG02659,RASSF5,chr1,206518574,0.166,0.00265459,hom,1
HG02659,RASSF5,chr1,206573030,0.449,0.00062461,hom,1
HG02659,DYRK3,chr1,206639130,4.927,0.00780762,hom,1
HG02659,MAPKAPK2,chr1,206704030,3.727,0.000780762,hom,1
HG02659,MAPKAPK2,chr1,206724633,6.08,0.000780762,hom,2
HG02659,FCAMR,chr1,206964285,0.158,0.00312305,hom,1
HG02659,C4BPB,chr1,207089114,13.95,0.00359151,hom,1
HG02659,LINC02942,chr1,207264465,2.557,0.00733916,hom,1
HG02659,CD55,chr1,207328897,2.063,0.00062461,hom,1
HG02659,CR2,chr1,207454489,13.14,0.00608994,hom,1
HG02659,CR2,chr1,207467329,2.469,0.00608994,hom,1
HG02659,CR1,chr1,207506757,2.056,0.00171768,hom,1
HG02659,CR1,chr1,207594640,4.243,0.00687071,hom,1
HG02659,CR1,chr1,207615429,4.569,0.00156152,hom,1
HG02659,PLXNA2,chr1,208142706,1.8,0.00515303,hom,2
HG02659,MIR205HG,chr1,209431906,0.129,0.00109307,hom,2
HG02659,UTP25,chr1,209839122,9.102,0.00202998,hom,2
HG02659,SYT14,chr1,209943663,0.181,0.00515303,hom,1
HG02659,SYT14,chr1,209984985,4.317,0.00515303,hom,1
HG02659,SYT14,chr1,210007809,7.3,0.00062461,hom,1
HG02659,SYT14,chr1,210104335,1.893,0.00062461,hom,1
HG02659,SYT14,chr1,210127613,0.887,0.00062461,hom,1
HG02659,SYT14,chr1,210127741,2.581,0.00452842,hom,1
HG02659,SYT14,chr1,210132340,3.398,0.00062461,hom,1
HG02659,SYT14,chr1,210147257,2.489,0.00452842,hom,1
HG02659,SYT14,chr1,210166412,1.272,0.00452842,hom,1
HG02659,KCNH1,chr1,210706234,1.03,0.00359151,hom,2
HG02659,KCNH1,chr1,210706236,0.192,0.00359151,hom,1
HG02659,KCNH1,chr1,210706763,13.13,0.00359151,hom,1
HG02659,KCNH1,chr1,210710519,0.794,0.0032792,hom,1
HG02659,KCNH1,chr1,210718356,2.721,0.00249844,hom,1
HG02659,KCNH1,chr1,210785372,0.416,0.00999375,hom,1
HG02659,KCNH1,chr1,210842897,4.633,0.00171768,hom,1
HG02659,KCNH1,chr1,211019906,3.56,0.00062461,hom,1
HG02659,KCNH1,chr1,211031551,6.134,0.00249844,hom,1
HG02659,KCNH1,chr1,211076141,5.176,0.00156152,hom,1
HG02659,KCNH1,chr1,211078912,4.952,0.00265459,hom,1
HG02659,TRAF5,chr1,211345804,3.779,0.00062461,hom,1
HG02659,TRAF5,chr1,211370723,4.105,0.00062461,hom,1
HG02659,TRAF5,chr1,211374593,1.691,0.00062461,hom,2
HG02659,LINC00467,chr1,211391884,1.657,0.000936914,hom,2
HG02659,LPGAT1,chr1,211751631,3.557,0.00343535,hom,1
HG02659,LPGAT1,chr1,211755197,1.003,0.00202998,hom,1
HG02659,LPGAT1,chr1,211775492,0.388,0.00202998,hom,1
HG02659,LPGAT1,chr1,211786546,3.757,0.00062461,hom,1
HG02659,LPGAT1,chr1,211829447,7.399,0.0032792,hom,2
HG02659,INTS7,chr1,211942592,0.667,0.00234229,hom,1
HG02659,INTS7,chr1,211982699,23.8,0.00234229,hom,1
HG02659,INTS7,chr1,212020961,6.87,0.00234229,hom,2
HG02659,INTS7,chr1,212022047,5.243,0.000936914,hom,2
HG02659,LINC02608,chr1,212256774,0.713,0.00062461,hom,1
HG02659,LINC02608,chr1,212258750,0.824,0.0032792,hom,1
HG02659,LINC02608,chr1,212270138,8.787,0.00265459,hom,2
HG02659,LINC02608,chr1,212270139,2.49,0.00265459,hom,2
HG02659,LINC02608,chr1,212278480,5.525,0.0029669,hom,1
HG02659,LINC02608,chr1,212278574,0.381,0.0029669,hom,1
HG02659,PPP2R5A,chr1,212288143,4.188,0.00062461,hom,2
HG02659,PACC1,chr1,212394616,4.486,0.00281074,hom,1
HG02659,PACC1,chr1,212401353,0.322,0.00062461,hom,1
HG02659,ATF3,chr1,212571810,4.265,0.00062461,hom,1
HG02659,NSL1,chr1,212755498,6.341,0.00234229,hom,1
HG02659,SPATA45,chr1,212836372,3.012,0.00062461,hom,1
HG02659,SPATA45,chr1,212846769,2.486,0.00234229,hom,1
HG02659,PROX1-AS1,chr1,213899045,0.05,0.00374766,hom,1
HG02659,PTPN14,chr1,214438005,2.243,0.00109307,hom,1
HG02659,PTPN14,chr1,214499445,3.748,0.000936914,hom,1
HG02659,PTPN14,chr1,214520271,7.052,0.000936914,hom,1
HG02659,CENPF,chr1,214635283,14.38,0.00890069,hom,1
HG02659,KCNK2,chr1,215168461,4.833,0.00124922,hom,1
HG02659,KCTD3,chr1,215617733,6.26,0.00109307,hom,1
HG02659,USH2A,chr1,215634012,3.204,0.00124922,hom,2
HG02659,USH2A,chr1,215696953,2.528,0.00171768,hom,1
HG02659,USH2A,chr1,215745749,2.352,0.00374766,het,1
HG02659,USH2A,chr1,215748424,4.962,0.00374766,het,1
HG02659,USH2A,chr1,215794384,17.25,0.000312305,het,1
HG02659,NEK2,chr1,211664054,10.5,0.00062461,hom,5
HG02684,NPHP4,chr1,5907943,1.027,0.0032792,hom,1
HG02684,NPHP4,chr1,5919088,0.279,0.00890069,hom,1
HG02684,NPHP4,chr1,5922336,0.99,0.00062461,hom,1
HG02684,NPHP4,chr1,5935548,0.009,0.00343535,hom,2
HG02684,KCNAB2,chr1,5999854,6.173,0.000780762,hom,2
HG02684,KCNAB2,chr1,6058405,1.886,0.00109307,hom,1
HG02684,ICMT,chr1,6232130,9.919,0.00156152,hom,2
HG02684,ACOT7,chr1,6273274,1.252,0.000468457,hom,1
HG02684,ACOT7,chr1,6335159,0.695,0.000468457,hom,1
HG02684,ACOT7,chr1,6351723,0.452,0.00265459,hom,1
HG02684,PLEKHG5,chr1,6517539,0.575,0.000468457,hom,1
HG02684,TAS1R1,chr1,6575218,6.472,0.000468457,hom,2
HG02684,KLHL21,chr1,6596109,2.202,0.000780762,hom,1
HG02684,PHF13,chr1,6619658,0.257,0.000468457,hom,1
HG02684,DNAJC11,chr1,6687294,0.342,0.000780762,hom,1
HG02684,DNAJC11,chr1,6692608,3.795,0.000468457,hom,1
HG02684,CAMTA1,chr1,6983710,3.733,0.00811992,hom,1
HG02684,PARK7,chr1,7981968,3.833,0.00359151,het,1
HG02684,ERRFI1-DT,chr1,8080575,0.77,0.000468457,hom,1
HG02684,ERRFI1-DT,chr1,8095501,0.657,0.000468457,hom,1
HG02684,ERRFI1-DT,chr1,8102718,0.34,0.000468457,hom,1
HG02684,SLC45A1,chr1,8327141,1.186,0.00733916,hom,1
HG02684,SLC45A1,chr1,8331287,5.234,0.00733916,hom,2
HG02684,RERE,chr1,8392424,1.002,0.00499688,hom,1
HG02684,RERE,chr1,8421540,0.734,0.00890069,hom,2
HG02684,CA6,chr1,8953686,1.777,0.00577764,hom,1
HG02684,CA6,chr1,8956529,3.134,0.00530918,hom,2
HG02684,SPSB1,chr1,9321106,7.266,0.00733916,hom,1
HG02684,SPSB1,chr1,9343761,0.057,0.00124922,hom,1
HG02684,SLC25A33,chr1,9561194,2.629,0.000468457,hom,2
HG02684,SLC25A33,chr1,9581787,5.444,0.00562149,hom,2
HG02684,PIK3CD-AS2,chr1,9684061,2.968,0.00936914,hom,1
HG02684,CLSTN1,chr1,9779508,1.863,0.000468457,hom,1
HG02684,LZIC,chr1,9930939,0.6,0.00608994,hom,1
HG02684,RBP7,chr1,10012841,4.934,0.00858838,hom,1
HG02684,UBE4B,chr1,10055796,3.11,0.00749532,hom,2
HG02684,UBE4B,chr1,10105903,2.351,0.000468457,hom,1
HG02684,UBE4B,chr1,10152163,0.511,0.00796377,hom,2
HG02684,KIF1B,chr1,10268371,1.351,0.000936914,hom,1
HG02684,KIF1B,chr1,10309454,0.673,0.000780762,hom,1
HG02684,KIF1B,chr1,10344294,20.5,0.000936914,hom,1
HG02684,KIF1B,chr1,10354059,3.635,0.000468457,hom,1
HG02684,PGD,chr1,10405390,1.908,0.000936914,hom,1
HG02684,PGD,chr1,10407421,3.843,0.000468457,hom,1
HG02684,PGD,chr1,10419728,0.01,0.000936914,hom,2
HG02684,PEX14,chr1,10486883,3.88,0.000780762,hom,1
HG02684,PEX14,chr1,10488914,1.929,0.000780762,hom,1
HG02684,PEX14,chr1,10552807,6.524,0.00281074,hom,1
HG02684,CASZ1,chr1,10691480,0.03,0.00468457,hom,1
HG02684,CASZ1,chr1,10723563,0.167,0.000468457,hom,1
HG02684,CASZ1,chr1,10759781,5.368,0.00640225,hom,1
HG02684,MASP2,chr1,11036525,2.763,0.00374766,hom,1
HG02684,UBIAD1,chr1,11279160,0.211,0.000780762,hom,1
HG02684,DISP3,chr1,11522826,2.621,0.00593379,het,2
HG02684,DISP3,chr1,11533619,0.606,0.0095253,hom,1
HG02684,FBXO2,chr1,11652512,7.708,0.00405996,hom,1
HG02684,FBXO6,chr1,11673346,6.352,0.00109307,hom,2
HG02684,DRAXIN,chr1,11697712,0.135,0.00187383,hom,2
HG02684,DRAXIN,chr1,11712571,0.822,0.00171768,hom,1
HG02684,CLCN6,chr1,11812633,1.443,0.00109307,hom,1
HG02684,CLCN6,chr1,11815484,0.961,0.00156152,hom,1
HG02684,PLOD1,chr1,11961850,1.4,0.00312305,hom,1
HG02684,MIIP,chr1,12020729,1.886,0.000780762,hom,2
HG02684,TNFRSF8,chr1,12068376,7.697,0.000468457,hom,1
HG02684,TNFRSF8,chr1,12069198,2.747,0.00671455,het,1
HG02684,TNFRSF8,chr1,12127084,0.136,0.00437227,hom,1
HG02684,TNFRSF8,chr1,12142835,0.585,0.00452842,hom,1
HG02684,TNFRSF1B,chr1,12183732,0.369,0.00468457,hom,2
HG02684,TNFRSF1B,chr1,12183736,1.606,0.00374766,hom,2
HG02684,VPS13D,chr1,12265958,0.117,0.00827608,hom,1
HG02684,AADACL4,chr1,12665270,2.508,0.0095253,hom,1
HG02684,LRRC38,chr1,13477819,2.267,0.00702686,hom,1
HG02684,LRRC38,chr1,13479179,4.428,0.00702686,hom,1
HG02684,PRDM2,chr1,13734321,9.879,0.0062461,hom,1
HG02684,KAZN-AS1,chr1,14353090,5.518,0.00218613,hom,1
HG02684,KAZN,chr1,14675047,0.023,0.00202998,hom,1
HG02684,KAZN,chr1,14783960,3.071,0.00234229,hom,1
HG02684,KAZN,chr1,14790528,0.002,0.000468457,hom,1
HG02684,KAZN,chr1,14879255,0.9,0.0062461,hom,1
HG02684,KAZN,chr1,14902405,3.726,0.000468457,hom,1
HG02684,KAZN,chr1,14933210,7.004,0.00171768,hom,1
HG02684,KAZN,chr1,14996110,0.214,0.00687071,hom,1
HG02684,KAZN,chr1,14996467,1.899,0.00530918,hom,1
HG02684,TMEM51-AS1,chr1,15152188,6.059,0.000468457,hom,2
HG02684,FHAD1,chr1,15313205,0.019,0.00718301,hom,1
HG02684,CELA2A,chr1,15460470,4.411,0.000468457,hom,1
HG02684,PLEKHM2,chr1,15707564,4.163,0.000468457,hom,2
HG02684,SPEN,chr1,15923910,0.436,0.000468457,hom,2
HG02684,SRARP,chr1,16005676,5.668,0.00562149,hom,2
HG02684,CLCNKA,chr1,16023451,0.34,0.00234229,hom,2
HG02684,ZBTB40,chr1,22452942,5.212,0.000468457,hom,1
HG02684,EPHA8,chr1,22571614,2.412,0.00484072,hom,1
HG02684,C1QC,chr1,22647083,7.086,0.000468457,hom,1
HG02684,LUZP1,chr1,23101094,0.47,0.000468457,hom,1
HG02684,LUZP1,chr1,23115085,3.285,0.00249844,hom,1
HG02684,LUZP1,chr1,23155890,0.874,0.000468457,hom,2
HG02684,ELOA-AS1,chr1,23764181,3.295,0.00577764,hom,1
HG02684,ELOA-AS1,chr1,23766151,0.427,0.00562149,hom,2
HG02684,ELOA-AS1,chr1,23773067,0.67,0.00577764,hom,1
HG02684,HMGCL,chr1,23823164,0.531,0.000780762,hom,1
HG02684,FUCA1,chr1,23864279,0.674,0.000468457,hom,1
HG02684,CNR2,chr1,23899256,4.421,0.00109307,hom,2
HG02684,IFNLR1,chr1,24166766,4.671,0.000468457,hom,1
HG02684,STPG1,chr1,24397570,4.906,0.00312305,hom,1
HG02684,RCAN3,chr1,24539031,3.287,0.00062461,hom,2
HG02684,NCMAP,chr1,24605743,26.2,0.000780762,hom,1
HG02684,SRRM1,chr1,24666128,12.39,0.000780762,hom,1
HG02684,CLIC4,chr1,24749976,1.977,0.000780762,hom,1
HG02684,CLIC4,chr1,24762976,8.54,0.00062461,hom,1
HG02684,CLIC4,chr1,24772489,0.125,0.000780762,hom,1
HG02684,CLIC4,chr1,24808990,4.97,0.00062461,hom,1
HG02684,CLIC4,chr1,24826257,2.014,0.00062461,hom,2
HG02684,CLIC4,chr1,24836441,2.446,0.00562149,hom,2
HG02684,RUNX3-AS1,chr1,24956615,5.733,0.000780762,hom,2
HG02684,CTBS,chr1,84559773,12.07,0.00577764,hom,1
HG02684,LINC01461,chr1,84610678,3.987,0.000468457,hom,2
HG02684,LPAR3,chr1,84851276,0.792,0.00109307,hom,2
HG02684,LPAR3,chr1,84852276,1.286,0.00484072,hom,2
HG02684,LPAR3,chr1,84854483,0.02,0.00109307,hom,2
HG02684,LPAR3,chr1,84857631,7.76,0.0098376,hom,1
HG02684,LPAR3,chr1,84858677,9.666,0.0098376,hom,2
HG02684,LPAR3,chr1,84859850,6.568,0.00921299,hom,1
HG02684,LPAR3,chr1,84864710,0.588,0.00890069,hom,1
HG02684,MCOLN2,chr1,84984040,4.281,0.00452842,hom,1
HG02684,DNAI3,chr1,85101491,1.598,0.0029669,hom,1
HG02684,DNAI3,chr1,85105968,0.183,0.00530918,hom,1
HG02684,SYDE2,chr1,85174874,9.35,0.00452842,hom,1
HG02684,SYDE2,chr1,85182153,19.32,0.000468457,hom,1
HG02684,SYDE2,chr1,85191035,0.089,0.000468457,hom,1
HG02684,DDAH1,chr1,85323968,2.061,0.00421611,het,2
HG02684,DDAH1,chr1,85337449,3.538,0.00921299,hom,1
HG02684,DDAH1,chr1,85356080,0.484,0.00390381,hom,2
HG02684,DDAH1,chr1,85378360,2.088,0.00515303,hom,1
HG02684,DDAH1,chr1,85445964,9.828,0.00530918,hom,1
HG02684,DDAH1,chr1,85478382,2.923,0.000468457,hom,2
HG02684,DDAH1,chr1,85526134,2.319,0.000468457,hom,1
HG02684,DDAH1,chr1,85542554,8.145,0.000468457,hom,1
HG02684,ZNHIT6,chr1,85688608,4.731,0.000468457,hom,1
HG02684,COL24A1,chr1,85772640,3.887,0.000468457,hom,1
HG02684,COL24A1,chr1,85810649,4.585,0.000468457,hom,1
HG02684,COL24A1,chr1,85823307,8.447,0.000468457,hom,1
HG02684,COL24A1,chr1,85824950,2.876,0.000468457,hom,1
HG02684,COL24A1,chr1,85847040,6.713,0.000468457,hom,1
HG02684,COL24A1,chr1,85861485,2.615,0.000936914,hom,1
HG02684,COL24A1,chr1,85874793,1.243,0.000468457,hom,1
HG02684,COL24A1,chr1,85894676,13.81,0.000468457,hom,2
HG02684,COL24A1,chr1,85921911,4.363,0.000468457,hom,1
HG02684,COL24A1,chr1,85988671,4.378,0.000468457,hom,1
HG02684,COL24A1,chr1,85991710,2.783,0.000468457,hom,1
HG02684,COL24A1,chr1,85996224,7.804,0.000468457,hom,1
HG02684,COL24A1,chr1,86043799,2.258,0.000468457,hom,1
HG02684,COL24A1,chr1,86125127,0.798,0.000468457,hom,1
HG02684,LINC02795,chr1,86297436,0.183,0.0032792,hom,1
HG02684,CLCA2,chr1,86429142,1.166,0.000780762,hom,2
HG02684,CLCA2,chr1,86438295,0.107,0.00109307,hom,1
HG02684,SH3GLB1,chr1,86731845,1.073,0.000468457,hom,1
HG02684,SELENOF,chr1,86875050,1.723,0.000468457,hom,1
HG02684,SELENOF,chr1,86899464,4.515,0.0062461,hom,1
HG02684,HS2ST1,chr1,86992373,2.185,0.000936914,hom,2
HG02684,HS2ST1,chr1,86994539,3.038,0.00608994,hom,1
HG02684,HS2ST1,chr1,87073189,1.319,0.00640225,hom,1
HG02684,LINC02801,chr1,87236887,1.586,0.00062461,hom,1
HG02684,PKN2,chr1,88829796,0.585,0.000780762,hom,1
HG02684,KYAT3,chr1,88977178,1.321,0.00452842,hom,2
HG02684,RBMXL1,chr1,88988380,10.86,0.00905684,hom,1
HG02684,GBP7,chr1,89167021,0.348,0.000468457,hom,1
HG02684,GBP6,chr1,89364392,7.349,0.00062461,hom,2
HG02684,LRRC8B,chr1,89543398,12.39,0.000468457,hom,1
HG02684,LRRC8C,chr1,89668148,0.16,0.000780762,hom,1
HG02684,LRRC8C,chr1,89672917,7.238,0.000468457,hom,1
HG02684,LRRC8C,chr1,89675954,1.273,0.000780762,hom,1
HG02684,LRRC8C,chr1,89679113,0.623,0.000468457,hom,2
HG02684,LRRC8C,chr1,89691480,0.007,0.000780762,hom,1
HG02684,LRRC8D,chr1,89822373,3.125,0.000780762,hom,2
HG02684,LRRC8D,chr1,89846246,5.341,0.000780762,hom,1
HG02684,LRRC8D,chr1,89858695,1.719,0.00265459,hom,1
HG02684,LINC02609,chr1,90791230,1.164,0.00218613,hom,1
HG02684,ZNF644,chr1,90996285,3.021,0.00936914,hom,2
HG02684,HFM1,chr1,91285950,0.253,0.00281074,hom,1
HG02684,HFM1,chr1,91296299,1.957,0.00281074,hom,1
HG02684,HFM1,chr1,91312890,1.425,0.00281074,hom,1
HG02684,HFM1,chr1,91355637,3.514,0.00249844,hom,1
HG02684,HFM1,chr1,91385706,0.04,0.000468457,hom,1
HG02684,TGFBR3,chr1,91712096,15.0,0.00437227,hom,1
HG02684,TGFBR3,chr1,91720178,9.113,0.00437227,hom,1
HG02684,TGFBR3,chr1,91776908,4.35,0.000468457,hom,2
HG02684,BRDT,chr1,91969032,1.039,0.0098376,hom,1
HG02684,EPHX4,chr1,92054276,1.36,0.00140537,hom,1
HG02684,BTBD8,chr1,92107489,0.767,0.00437227,hom,1
HG02684,BTBD8,chr1,92116571,2.836,0.0029669,hom,1
HG02684,BTBD8,chr1,92124810,0.18,0.00530918,hom,2
HG02684,RPAP2,chr1,92322197,2.562,0.00546533,hom,1
HG02684,RPAP2,chr1,92401149,3.231,0.00546533,hom,2
HG02684,GFI1,chr1,92478631,11.55,0.00546533,hom,1
HG02684,EVI5,chr1,92512132,1.891,0.00312305,hom,1
HG02684,EVI5,chr1,92515679,10.76,0.00281074,hom,2
HG02684,EVI5,chr1,92635864,5.097,0.00546533,hom,1
HG02684,EVI5,chr1,92655526,6.942,0.00312305,hom,1
HG02684,EVI5,chr1,92765450,2.25,0.00530918,hom,1
HG02684,CCDC18,chr1,93193976,4.289,0.00265459,hom,2
HG02684,CCDC18,chr1,93267720,12.05,0.00234229,hom,1
HG02684,CCDC18,chr1,93271995,14.2,0.00265459,hom,1
HG02684,FNBP1L,chr1,93476042,2.568,0.00234229,hom,1
HG02684,ABCA4,chr1,94023284,1.616,0.00187383,hom,1
HG02684,ABCA4,chr1,94038340,4.827,0.00156152,hom,1
HG02684,ARHGAP29,chr1,94194731,2.785,0.00390381,hom,1
HG02684,ARHGAP29,chr1,94240023,16.14,0.000468457,hom,2
HG02684,ABCD3,chr1,94434036,3.488,0.000936914,hom,1
HG02684,ABCD3,chr1,94443915,1.219,0.00062461,hom,1
HG02684,ABCD3,chr1,94508567,2.99,0.00343535,hom,1
HG02684,F3,chr1,94535261,0.245,0.00312305,hom,1
HG02684,F3,chr1,94539145,15.74,0.000780762,hom,2
HG02684,SLC44A3-AS1,chr1,94709132,3.964,0.00515303,hom,2
HG02684,SLC44A3-AS1,chr1,94731321,4.573,0.00827608,hom,1
HG02684,CNN3,chr1,94921922,1.497,0.00562149,hom,1
HG02684,LINC01760,chr1,95314333,4.098,0.00640225,hom,1
HG02684,LINC01787,chr1,96303374,13.25,0.00499688,hom,1
HG02684,LINC01787,chr1,96315338,6.62,0.00499688,hom,1
HG02684,PTBP2,chr1,96738108,5.29,0.000468457,hom,1
HG02684,DPYD,chr1,97088047,2.815,0.000468457,hom,1
HG02684,DPYD,chr1,97088809,0.622,0.0029669,hom,1
HG02684,DPYD-AS1,chr1,97134801,1.686,0.00062461,hom,1
HG02684,DPYD-AS1,chr1,97173795,1.185,0.00874454,hom,1
HG02684,DPYD-AS1,chr1,97197751,0.296,0.00062461,hom,1
HG02684,DPYD-AS1,chr1,97235866,9.632,0.000468457,hom,1
HG02684,DPYD-AS1,chr1,97258801,9.026,0.000468457,hom,1
HG02684,DPYD-AS1,chr1,97258834,3.776,0.000468457,hom,1
HG02684,LINC01930,chr1,97941578,8.214,0.000468457,hom,2
HG02684,SNX7,chr1,98696510,0.095,0.000936914,hom,1
HG02684,SNX7,chr1,98706937,9.802,0.000936914,hom,1
HG02684,PLPPR5,chr1,98944087,2.494,0.000936914,hom,1
HG02684,PLPPR5-AS1,chr1,99032787,2.113,0.00062461,hom,1
HG02684,PLPPR5-AS1,chr1,99103245,1.466,0.0029669,hom,1
HG02684,PLPPR4,chr1,99289198,3.2,0.000468457,hom,1
HG02684,PALMD,chr1,99652618,0.999,0.0032792,hom,1
HG02684,PALMD,chr1,99680660,2.288,0.0029669,hom,1
HG02684,FRRS1,chr1,99725846,1.917,0.000468457,hom,2
HG02684,AGL,chr1,99869047,0.382,0.00437227,hom,1
HG02684,AGL,chr1,99873520,4.692,0.0095253,hom,1
HG02684,AGL,chr1,99882003,2.702,0.00218613,hom,1
HG02684,AGL,chr1,99894160,2.819,0.00374766,hom,1
HG02684,AGL,chr1,99911220,7.766,0.000468457,hom,1
HG02684,SLC35A3,chr1,99991906,1.024,0.00452842,hom,1
HG02684,SLC71A1,chr1,100070570,14.24,0.00452842,hom,1
HG02684,SASS6,chr1,100112458,1.562,0.00437227,hom,1
HG02684,LRRC39,chr1,100153018,1.079,0.000936914,hom,1
HG02684,LRRC39,chr1,100158545,4.579,0.0095253,hom,1
HG02684,RTCA,chr1,100274458,1.735,0.00515303,hom,1
HG02684,CDC14A,chr1,100412300,2.826,0.00515303,hom,1
HG02684,CDC14A,chr1,100445052,0.561,0.00468457,hom,2
HG02684,CDC14A,chr1,100463588,1.061,0.00749532,hom,2
HG02684,CDC14A,chr1,100507527,1.846,0.00577764,hom,1
HG02684,EXTL2,chr1,100888876,4.002,0.00062461,hom,1
HG02684,SLC30A7,chr1,100929704,12.44,0.00062461,hom,1
HG02684,DPH5,chr1,101015429,2.965,0.00062461,hom,1
HG02684,LINC01307,chr1,101330755,1.502,0.0065584,hom,1
HG02684,LINC01709,chr1,101673127,3.202,0.00499688,hom,1
HG02684,LINC01709,chr1,101786022,1.073,0.000468457,hom,1
HG02684,OLFM3,chr1,101867611,0.218,0.00062461,hom,1
HG02684,COL11A1,chr1,102935376,4.797,0.00156152,hom,1
HG02684,COL11A1,chr1,103028906,6.42,0.000936914,hom,1
HG02684,COL11A1,chr1,103050048,3.313,0.00156152,hom,1
HG02684,COL11A1,chr1,103085537,4.86,0.00156152,hom,1
HG02684,COL11A1,chr1,103086562,4.472,0.00156152,hom,1
HG02684,RNPC3-DT,chr1,103497395,0.084,0.000468457,hom,1
HG02684,RNPC3,chr1,103536307,0.858,0.000468457,hom,1
HG02684,LINC01676,chr1,105595241,1.606,0.0032792,hom,1
HG02684,LINC01676,chr1,105603060,0.014,0.0032792,hom,1
HG02684,LINC01677,chr1,105941495,2.292,0.00218613,hom,1
HG02684,LINC01677,chr1,105976000,0.971,0.000468457,hom,1
HG02684,NTNG1,chr1,107153457,12.75,0.000468457,hom,2
HG02684,NTNG1,chr1,107164979,2.159,0.00936914,hom,1
HG02684,NTNG1,chr1,107191875,3.839,0.00780762,hom,1
HG02684,NTNG1,chr1,107259790,0.53,0.0065584,hom,1
HG02684,NTNG1,chr1,107322006,1.247,0.000468457,hom,1
HG02684,NTNG1,chr1,107443920,3.826,0.00343535,hom,1
HG02684,VAV3,chr1,107642896,0.182,0.0029669,hom,1
HG02684,VAV3,chr1,107693072,1.576,0.00109307,hom,1
HG02684,VAV3,chr1,107753770,2.287,0.000468457,hom,1
HG02684,VAV3,chr1,107857077,0.553,0.000468457,hom,1
HG02684,NBPF4,chr1,108229809,4.245,0.00265459,het,1
HG02684,EEIG2,chr1,108601395,0.202,0.000468457,hom,1
HG02684,HENMT1,chr1,108658100,0.504,0.00156152,hom,1
HG02684,PRPF38B,chr1,108702747,0.824,0.000468457,hom,1
HG02684,AKNAD1,chr1,108834299,0.041,0.000468457,hom,1
HG02684,AKNAD1,chr1,108844652,1.685,0.00765147,hom,1
HG02684,CLCC1,chr1,108943059,0.776,0.000468457,hom,1
HG02684,WDR47,chr1,108997017,6.065,0.000468457,hom,1
HG02684,WDR47,chr1,109032632,0.444,0.00921299,hom,1
HG02684,ELAPOR1,chr1,109205070,0.246,0.00062461,hom,1
HG02684,SORT1,chr1,109330025,2.556,0.00062461,hom,1
HG02684,PSMA5,chr1,109419995,10.19,0.000468457,hom,1
HG02684,AMPD2,chr1,109630502,10.85,0.00858838,het,2
HG02684,GSTM2,chr1,109675769,2.965,0.000468457,hom,2
HG02684,CSF1,chr1,109922553,16.22,0.00999375,hom,1
HG02684,AHCYL1,chr1,109991998,0.644,0.00281074,hom,1
HG02684,SLC6A17,chr1,110160071,0.005,0.00999375,hom,1
HG02684,KCNC4,chr1,110229080,0.437,0.000468457,hom,1
HG02684,RBM15-AS1,chr1,110300043,4.306,0.00484072,hom,1
HG02684,RBM15-AS1,chr1,110302142,0.112,0.00109307,hom,1
HG02684,SLC16A4,chr1,110366430,0.495,0.00905684,hom,1
HG02684,FCGR2B,chr1,161673275,7.403,0.00593379,het,1
HG02684,SH2D1B,chr1,162412023,7.715,0.00109307,hom,2
HG02684,UHMK1,chr1,162497986,16.15,0.00577764,hom,2
HG02684,UHMK1,chr1,162502965,0.151,0.00577764,hom,1
HG02684,UHMK1,chr1,162505164,1.024,0.00577764,hom,1
HG02684,DDR2,chr1,162636565,0.198,0.0032792,hom,1
HG02684,DDR2,chr1,162714507,0.689,0.00999375,hom,1
HG02684,RGS4,chr1,163072574,2.025,0.00171768,hom,2
HG02684,RGS5,chr1,163151090,1.027,0.00156152,hom,1
HG02684,RGS5,chr1,163158412,0.911,0.00234229,hom,1
HG02684,LOC127814295,chr1,163255912,0.854,0.00749532,hom,1
HG02684,PBX1,chr1,164647916,1.64,0.000468457,hom,2
HG02684,LMX1A,chr1,165207354,1.85,0.00390381,hom,1
HG02684,LRRC52,chr1,165548994,2.414,0.000780762,hom,1
HG02684,TMCO1,chr1,165742037,0.347,0.00109307,hom,1
HG02684,UCK2,chr1,165892677,1.427,0.00312305,hom,1
HG02684,TADA1,chr1,166870996,7.232,0.000780762,hom,2
HG02684,ILDR2,chr1,166973955,1.572,0.000468457,hom,2
HG02684,TNR,chr1,175699840,2.538,0.00405996,hom,1
HG02684,TNR,chr1,175706069,0.994,0.00218613,het,1
HG02684,COP1-DT,chr1,176209747,7.036,0.00234229,hom,2
HG02684,COP1-DT,chr1,176254033,0.75,0.00156152,hom,1
HG02684,PAPPA2,chr1,176587793,2.637,0.000468457,hom,1
HG02684,PAPPA2,chr1,176629869,7.131,0.00171768,hom,1
HG02684,PAPPA2,chr1,176640636,3.964,0.00515303,hom,1
HG02684,PAPPA2,chr1,176661719,0.887,0.00171768,hom,2
HG02684,ASTN1,chr1,176885305,2.014,0.00515303,hom,1
HG02684,ASTN1,chr1,176970129,5.807,0.00109307,hom,1
HG02684,BRINP2,chr1,177200729,0.031,0.000468457,hom,1
HG02684,BRINP2,chr1,177264125,2.725,0.000468457,hom,1
HG02684,LINC01645,chr1,177353432,3.686,0.00062461,hom,1
HG02684,SEC16B,chr1,177965979,9.65,0.000468457,hom,1
HG02684,CRYZL2P,chr1,178030343,9.336,0.000468457,hom,1
HG02684,RASAL2,chr1,178225785,3.136,0.000468457,hom,1
HG02684,RASAL2,chr1,178265215,1.761,0.000468457,hom,1
HG02684,RASAL2,chr1,178309209,4.67,0.00546533,hom,1
HG02684,RASAL2,chr1,178337759,2.511,0.000468457,hom,1
HG02684,RASAL2,chr1,178337761,1.935,0.000468457,hom,1
HG02684,RASAL2,chr1,178337768,0.384,0.000468457,hom,2
HG02684,RASAL2,chr1,178337770,0.484,0.000468457,hom,1
HG02684,RASAL2,chr1,178355829,3.936,0.000468457,hom,1
HG02684,RASAL2,chr1,178358522,2.508,0.000468457,hom,1
HG02684,RASAL2,chr1,178466074,32.0,0.000468457,hom,1
HG02684,RASAL2,chr1,178473087,17.72,0.000468457,hom,1
HG02684,RALGPS2-AS1,chr1,178725073,7.701,0.00593379,hom,2
HG02684,RALGPS2,chr1,178742666,0.309,0.00156152,hom,2
HG02684,RALGPS2,chr1,178742873,11.28,0.00156152,hom,2
HG02684,FAM20B,chr1,179035706,6.617,0.000468457,hom,2
HG02684,FAM20B,chr1,179042289,2.405,0.00874454,hom,1
HG02684,TOR3A,chr1,179084545,2.271,0.000780762,hom,1
HG02684,ABL2,chr1,179129843,11.74,0.000468457,hom,1
HG02684,ABL2,chr1,179221389,0.68,0.000312305,het,1
HG02684,SOAT1,chr1,179325107,3.461,0.000780762,hom,1
HG02684,AXDND1,chr1,179475826,9.552,0.000468457,hom,1
HG02684,AXDND1,chr1,179509650,1.679,0.000468457,hom,1
HG02684,AXDND1,chr1,179512505,1.756,0.000468457,hom,1
HG02684,TDRD5,chr1,179624082,4.949,0.000936914,hom,1
HG02684,TOR1AIP2,chr1,179870353,2.383,0.000780762,hom,1
HG02684,CEP350,chr1,179966178,5.659,0.00968145,hom,1
HG02684,CEP350,chr1,179968090,0.809,0.00968145,hom,1
HG02684,CEP350,chr1,179973685,10.87,0.00968145,hom,2
HG02684,CEP350,chr1,179994096,1.303,0.00374766,hom,1
HG02684,CEP350,chr1,180007327,12.98,0.00968145,hom,1
HG02684,CEP350,chr1,180024918,4.011,0.0032792,hom,1
HG02684,CEP350,chr1,180028751,4.255,0.000936914,hom,1
HG02684,CEP350,chr1,180032935,6.074,0.00968145,hom,1
HG02684,CEP350,chr1,180043708,3.673,0.00968145,hom,1
HG02684,CEP350,chr1,180064930,5.728,0.00374766,hom,1
HG02684,CEP350,chr1,180076412,11.06,0.00968145,hom,1
HG02684,CEP350,chr1,180096103,0.048,0.0032792,hom,1
HG02684,QSOX1,chr1,180174373,0.584,0.000468457,hom,1
HG02684,QSOX1,chr1,180189089,3.544,0.00234229,hom,1
HG02684,ACBD6,chr1,180319469,5.411,0.00390381,het,1
HG02684,ACBD6,chr1,180333736,2.803,0.00187383,het,1
HG02684,ACBD6,chr1,180380670,7.165,0.000936914,het,1
HG02684,ACBD6,chr1,180391950,0.393,0.000312305,het,2
HG02684,ACBD6,chr1,180393600,15.66,0.00405996,het,2
HG02684,ACBD6,chr1,180418340,2.403,0.000312305,het,1
HG02684,ACBD6,chr1,180426315,1.869,0.000936914,het,1
HG02684,GNAT2,chr1,109611426,16.08,0.000780762,hom,5
HG02691,LOC100288069,chr1,738945,0.022,0.00999375,het,1
HG02691,LINC01409,chr1,788841,12.25,0.0029669,hom,1
HG02691,FAM41C,chr1,876260,5.066,0.00749532,het,2
HG02691,SAMD11,chr1,938575,6.979,0.00062461,hom,1
HG02691,HES4,chr1,999005,9.129,0.00374766,hom,2
HG02691,AGRN,chr1,1051873,0.569,0.00905684,hom,2
HG02691,LINC01342,chr1,1141091,2.842,0.00811992,hom,1
HG02691,TTLL10,chr1,1197369,0.171,0.00811992,het,1
HG02691,TTLL10,chr1,1197371,0.465,0.00780762,het,1
HG02691,SDF4,chr1,1227696,0.85,0.000780762,hom,2
HG02691,SCNN1D,chr1,1290081,6.188,0.0029669,het,2
HG02691,SCNN1D,chr1,1290099,7.74,0.00405996,het,2
HG02691,SCNN1D,chr1,1290122,7.245,0.00452842,het,1
HG02691,ACAP3,chr1,1293971,0.971,0.00062461,hom,2
HG02691,ATAD3C,chr1,1457826,0.265,0.00484072,hom,1
HG02691,ATAD3A,chr1,1513714,1.414,0.00562149,hom,2
HG02691,ATAD3A,chr1,1529644,1.535,0.00546533,hom,1
HG02691,FNDC10,chr1,1598064,12.24,0.00608994,hom,2
HG02691,LOC105378586,chr1,1603241,2.98,0.00062461,hom,2
HG02691,CDK11B,chr1,1651150,3.857,0.00140537,hom,1
HG02691,CDK11B,chr1,1653609,2.998,0.000936914,hom,1
HG02691,SLC35E2B,chr1,1669873,2.938,0.000312305,het,1
HG02691,CDK11A,chr1,1704093,6.158,0.000936914,hom,1
HG02691,GNB1,chr1,1811979,3.85,0.00062461,hom,1
HG02691,CFAP74,chr1,1979678,2.445,0.00218613,het,1
HG02691,CFAP74,chr1,1982015,2.283,0.0062461,het,1
HG02691,PRKCZ,chr1,2077408,0.386,0.00202998,hom,1
HG02691,PRKCZ,chr1,2175870,1.81,0.000936914,hom,2
HG02691,SKI,chr1,2247908,0.169,0.00218613,hom,1
HG02691,SKI,chr1,2278593,3.234,0.00171768,hom,1
HG02691,SKI,chr1,2301135,3.111,0.000936914,hom,1
HG02691,SKI,chr1,2303556,0.227,0.00874454,hom,2
HG02691,SKI,chr1,2309513,13.92,0.00312305,hom,1
HG02691,MORN1,chr1,2337223,1.437,0.00593379,hom,2
HG02691,MORN1,chr1,2345524,0.782,0.00124922,hom,1
HG02691,RER1,chr1,2403284,19.76,0.00749532,hom,2
HG02691,PANK4,chr1,2521387,3.849,0.00156152,hom,1
HG02691,PANK4,chr1,2522946,3.74,0.000780762,het,1
HG02691,PRDM16,chr1,3086414,5.519,0.00109307,hom,1
HG02691,PRDM16,chr1,3088149,0.224,0.00249844,hom,1
HG02691,MEGF6,chr1,3521258,4.997,0.00265459,hom,1
HG02691,TP73,chr1,3657691,0.588,0.00843223,hom,2
HG02691,CEP104,chr1,3815444,2.459,0.00109307,hom,1
HG02691,CEP104,chr1,3829293,0.072,0.00109307,hom,1
HG02691,DFFB,chr1,3867723,3.706,0.00140537,hom,1
HG02691,DFFB,chr1,3874699,2.794,0.00265459,hom,1
HG02691,LINC01777,chr1,4423782,5.773,0.00452842,hom,1
HG02691,AJAP1,chr1,4725183,5.655,0.000468457,het,1
HG02691,STIL,chr1,47281392,12.84,0.00171768,hom,1
HG02691,CMPK1,chr1,47351564,5.888,0.00562149,hom,2
HG02691,LINC01389,chr1,47389409,3.658,0.00187383,hom,1
HG02691,FOXD2-AS1,chr1,47434546,2.041,0.000780762,hom,2
HG02691,TRABD2B,chr1,47821142,0.885,0.000936914,hom,2
HG02691,TRABD2B,chr1,47831768,2.048,0.00452842,hom,2
HG02691,TRABD2B,chr1,47850989,0.781,0.00452842,hom,1
HG02691,TRABD2B,chr1,47886318,0.151,0.00749532,hom,1
HG02691,TRABD2B,chr1,47925910,6.588,0.00187383,hom,1
HG02691,TRABD2B,chr1,47940837,15.17,0.00515303,hom,1
HG02691,TRABD2B,chr1,47963142,4.065,0.0062461,hom,2
HG02691,TRABD2B,chr1,47967274,11.1,0.0062461,hom,1
HG02691,SKINT1L,chr1,48126381,0.405,0.00109307,hom,1
HG02691,SKINT1L,chr1,48146160,4.474,0.00359151,het,1
HG02691,SPATA6,chr1,48382465,5.671,0.00343535,het,1
HG02691,SPATA6,chr1,48382486,6.765,0.00171768,het,1
HG02691,SPATA6,chr1,48395869,0.593,0.000936914,hom,1
HG02691,AGBL4,chr1,48595546,10.59,0.000780762,hom,1
HG02691,AGBL4,chr1,48643790,2.854,0.00530918,hom,1
HG02691,AGBL4-IT1,chr1,49401136,4.019,0.00156152,hom,1
HG02691,ELAVL4,chr1,50121438,11.51,0.00281074,hom,1
HG02691,ELAVL4,chr1,50128641,0.173,0.00281074,hom,2
HG02691,ELAVL4,chr1,50151834,6.043,0.000780762,hom,2
HG02691,FAF1,chr1,50463836,0.785,0.00359151,hom,1
HG02691,FAF1,chr1,50519321,2.175,0.00359151,hom,1
HG02691,FAF1,chr1,50534439,1.785,0.00359151,hom,1
HG02691,FAF1,chr1,50607564,7.312,0.00359151,hom,1
HG02691,FAF1,chr1,50636529,4.562,0.00359151,hom,1
HG02691,FAF1,chr1,50729071,2.077,0.000780762,hom,1
HG02691,FAF1,chr1,50735600,2.845,0.00359151,hom,2
HG02691,FAF1,chr1,50785132,0.655,0.0098376,het,1
HG02691,FAF1,chr1,50828472,1.597,0.00359151,hom,2
HG02691,FAF1,chr1,50830472,4.857,0.000780762,hom,1
HG02691,FAF1,chr1,50887108,2.814,0.00359151,hom,1
HG02691,FAF1,chr1,50918406,6.306,0.00905684,hom,1
HG02691,FAF1,chr1,50925580,2.62,0.00359151,hom,1
HG02691,LINC01562,chr1,51208708,1.417,0.00390381,hom,1
HG02691,TTC39A,chr1,51294765,1.939,0.00390381,hom,1
HG02691,EPS15,chr1,51427342,1.606,0.00374766,hom,1
HG02691,EPS15,chr1,51445724,1.445,0.00374766,hom,1
HG02691,EPS15,chr1,51452733,3.747,0.00374766,hom,1
HG02691,EPS15,chr1,51504586,7.775,0.00374766,hom,1
HG02691,OSBPL9,chr1,51521792,0.71,0.000780762,hom,1
HG02691,NRDC,chr1,51796875,1.634,0.00390381,hom,1
HG02691,RAB3B,chr1,51984298,0.538,0.00187383,het,1
HG02691,BTF3L4,chr1,52088641,0.802,0.00359151,hom,1
HG02691,ZFYVE9,chr1,52153229,2.107,0.00390381,hom,2
HG02691,ZFYVE9,chr1,52187774,0.518,0.00374766,hom,1
HG02691,ZFYVE9,chr1,52246191,2.341,0.00390381,hom,1
HG02691,ZFYVE9,chr1,52253414,5.556,0.00124922,het,1
HG02691,ZFYVE9,chr1,52286822,6.095,0.00343535,hom,1
HG02691,ZFYVE9,chr1,52309945,9.065,0.00343535,hom,1
HG02691,ZFYVE9,chr1,52311887,0.384,0.00374766,hom,1
HG02691,ZFYVE9,chr1,52334432,4.86,0.000780762,hom,1
HG02691,ORC1,chr1,52393719,22.1,0.00374766,hom,1
HG02691,TUT4,chr1,52423496,15.34,0.00374766,hom,2
HG02691,TUT4,chr1,52464575,0.082,0.00343535,hom,1
HG02691,TUT4,chr1,52502077,1.234,0.000780762,hom,1
HG02691,SHISAL2A,chr1,52640368,1.999,0.000780762,hom,1
HG02691,ZYG11B,chr1,52773633,0.092,0.00733916,hom,1
HG02691,ZYG11B,chr1,52773635,0.054,0.00437227,hom,2
HG02691,SCP2,chr1,52957318,1.064,0.000780762,hom,1
HG02691,SCP2,chr1,52960518,1.487,0.00405996,hom,1
HG02691,SCP2,chr1,52974577,4.744,0.000312305,het,1
HG02691,SLC1A7,chr1,53093620,0.093,0.000780762,hom,1
HG02691,MAGOH,chr1,53232949,2.697,0.00921299,hom,1
HG02691,LRP8,chr1,53310631,7.687,0.00530918,hom,1
HG02691,GLIS1,chr1,53515923,0.389,0.0029669,hom,2
HG02691,GLIS1,chr1,53550943,1.56,0.0029669,hom,1
HG02691,GLIS1,chr1,53558538,1.354,0.000780762,hom,1
HG02691,GLIS1,chr1,53693722,0.264,0.000780762,hom,2
HG02691,NDC1,chr1,53772616,2.317,0.00062461,het,2
HG02691,NDC1,chr1,53789050,0.214,0.00171768,het,1
HG02691,NDC1,chr1,53816981,2.082,0.000468457,het,1
HG02691,NDC1,chr1,53827069,0.902,0.00171768,het,1
HG02691,NDC1,chr1,53830787,0.577,0.00062461,het,1
HG02691,INTS11,chr1,1320312,13.71,0.00140537,hom,5
HG02694,LINC02780,chr1,4012118,4.126,0.00608994,hom,1
HG02694,AJAP1,chr1,4787587,0.692,0.00374766,hom,1
HG02694,NPHP4,chr1,5910774,1.434,0.00124922,hom,1
HG02694,NPHP4,chr1,5911102,0.973,0.00124922,hom,2
HG02694,NPHP4,chr1,5934016,0.042,0.00124922,hom,1
HG02694,KCNAB2,chr1,5996880,0.002,0.00374766,hom,1
HG02694,KCNAB2,chr1,6020105,1.015,0.000312305,hom,1
HG02694,KCNAB2,chr1,6028197,2.674,0.00421611,hom,2
HG02694,KCNAB2,chr1,6063470,0.501,0.0065584,hom,1
HG02694,KCNAB2,chr1,6073841,2.927,0.000312305,hom,1
HG02694,KCNAB2,chr1,6090149,0.439,0.00265459,hom,1
HG02694,CHD5,chr1,6126900,3.849,0.000468457,hom,1
HG02694,CHD5,chr1,6155653,27.4,0.000780762,hom,1
HG02694,RNF207,chr1,6215177,2.809,0.000312305,hom,1
HG02694,HES3,chr1,6245261,14.89,0.00265459,hom,1
HG02694,ACOT7,chr1,6298101,1.448,0.000312305,hom,1
HG02694,ACOT7,chr1,6303627,13.18,0.000312305,hom,1
HG02694,PLEKHG5,chr1,6515623,11.5,0.000312305,hom,2
HG02694,DNAJC11,chr1,6654315,5.211,0.000312305,hom,1
HG02694,DNAJC11,chr1,6691233,0.006,0.00062461,hom,1
HG02694,CAMTA1,chr1,6884746,0.559,0.00062461,hom,1
HG02694,CAMTA1,chr1,6945215,1.745,0.000312305,hom,1
HG02694,CAMTA1-AS2,chr1,7382930,0.199,0.00312305,hom,1
HG02694,PARK7,chr1,7973222,3.363,0.00687071,hom,1
HG02694,ERRFI1-DT,chr1,8040639,1.068,0.00702686,hom,1
HG02694,ERRFI1-DT,chr1,8045138,1.817,0.000312305,hom,1
HG02694,CA6,chr1,8952489,3.596,0.000936914,hom,1
HG02694,CA6,chr1,8965939,2.369,0.00499688,hom,2
HG02694,SLC2A7,chr1,9005271,0.814,0.00234229,hom,2
HG02694,LNCTAM34A,chr1,9188017,1.31,0.00140537,hom,1
HG02694,H6PD,chr1,9244277,0.136,0.00171768,het,1
HG02694,SPSB1,chr1,9293098,7.159,0.00687071,hom,1
HG02694,SPSB1,chr1,9308752,3.029,0.000780762,hom,2
HG02694,SPSB1,chr1,9321560,0.028,0.000780762,hom,1
HG02694,SLC25A33,chr1,9564758,2.746,0.00905684,hom,1
HG02694,TMEM201,chr1,9612756,0.254,0.000312305,hom,2
HG02694,PIK3CD-AS2,chr1,9683229,4.053,0.0062461,hom,1
HG02694,PIK3CD-AS2,chr1,9686007,0.107,0.0062461,hom,1
HG02694,CLSTN1,chr1,9767447,1.457,0.000312305,hom,2
HG02694,CLSTN1,chr1,9786901,0.722,0.000312305,hom,1
HG02694,CLSTN1,chr1,9791367,0.456,0.000936914,hom,1
HG02694,LZIC,chr1,9927077,2.284,0.0062461,hom,2
HG02694,LZIC,chr1,9928366,4.315,0.0062461,hom,1
HG02694,LZIC,chr1,9932369,0.356,0.00499688,hom,1
HG02694,LZIC,chr1,9932685,0.699,0.00390381,het,1
HG02694,TMEM274P,chr1,9952253,2.267,0.0062461,hom,2
HG02694,TMEM274P,chr1,9953020,0.656,0.00312305,hom,1
HG02694,TMEM274P,chr1,9954115,2.65,0.0062461,hom,2
HG02694,TMEM274P,chr1,9954802,0.91,0.0065584,hom,1
HG02694,TMEM274P,chr1,9957933,1.692,0.0062461,hom,1
HG02694,RBP7,chr1,9998413,6.362,0.00796377,hom,1
HG02694,RBP7,chr1,10000449,0.129,0.0062461,hom,1
HG02694,RBP7,chr1,10002546,1.353,0.0062461,hom,1
HG02694,RBP7,chr1,10007059,1.582,0.00640225,hom,1
HG02694,RBP7,chr1,10007171,1.07,0.0062461,hom,1
HG02694,RBP7,chr1,10009978,1.216,0.00640225,hom,1
HG02694,RBP7,chr1,10010572,1.2,0.00640225,hom,1
HG02694,RBP7,chr1,10010764,1.116,0.00640225,hom,1
HG02694,UBE4B,chr1,10033313,18.49,0.00608994,hom,1
HG02694,UBE4B,chr1,10037546,1.019,0.00608994,hom,1
HG02694,UBE4B,chr1,10038792,0.217,0.00608994,hom,1
HG02694,UBE4B,chr1,10040411,0.259,0.00608994,hom,1
HG02694,UBE4B,chr1,10041215,0.605,0.00608994,hom,1
HG02694,UBE4B,chr1,10042151,0.582,0.00640225,hom,1
HG02694,UBE4B,chr1,10042423,0.836,0.00608994,hom,1
HG02694,UBE4B,chr1,10046118,4.009,0.00608994,hom,2
HG02694,UBE4B,chr1,10049163,6.764,0.00608994,hom,1
HG02694,UBE4B,chr1,10051648,8.029,0.00640225,hom,2
HG02694,UBE4B,chr1,10057744,1.494,0.0062461,hom,2
HG02694,UBE4B,chr1,10059665,0.895,0.0062461,hom,1
HG02694,UBE4B,chr1,10063677,0.596,0.00608994,hom,1
HG02694,UBE4B,chr1,10068853,1.584,0.00608994,hom,2
HG02694,UBE4B,chr1,10069322,0.912,0.00608994,hom,1
HG02694,UBE4B,chr1,10087004,1.037,0.00608994,hom,1
HG02694,UBE4B,chr1,10092887,2.121,0.00608994,hom,1
HG02694,UBE4B,chr1,10098787,3.475,0.00577764,hom,1
HG02694,UBE4B,chr1,10101242,0.281,0.00577764,hom,1
HG02694,UBE4B,chr1,10101955,8.953,0.00577764,hom,1
HG02694,UBE4B,chr1,10111683,1.124,0.00577764,hom,1
HG02694,UBE4B,chr1,10115326,1.211,0.00905684,hom,1
HG02694,UBE4B,chr1,10115552,0.95,0.00577764,hom,1
HG02694,UBE4B,chr1,10116539,0.003,0.000312305,hom,1
HG02694,UBE4B,chr1,10116550,1.352,0.00577764,hom,1
HG02694,UBE4B,chr1,10118822,0.138,0.00593379,hom,1
HG02694,UBE4B,chr1,10119266,1.403,0.00577764,hom,1
HG02694,UBE4B,chr1,10119276,0.444,0.00577764,hom,1
HG02694,UBE4B,chr1,10119277,1.55,0.00577764,hom,1
HG02694,UBE4B,chr1,10121154,1.228,0.00905684,hom,1
HG02694,UBE4B,chr1,10121694,4.279,0.00577764,hom,1
HG02694,UBE4B,chr1,10126027,0.583,0.00577764,hom,1
HG02694,UBE4B,chr1,10126127,0.12,0.00640225,hom,1
HG02694,UBE4B,chr1,10127248,1.104,0.00577764,hom,1
HG02694,UBE4B,chr1,10128511,0.35,0.00577764,hom,1
HG02694,UBE4B,chr1,10128669,7.497,0.00577764,hom,1
HG02694,UBE4B,chr1,10129900,3.439,0.00608994,hom,1
HG02694,UBE4B,chr1,10131434,0.262,0.00577764,hom,1
HG02694,UBE4B,chr1,10131769,2.478,0.00577764,hom,1
HG02694,UBE4B,chr1,10134309,1.685,0.00577764,hom,1
HG02694,UBE4B,chr1,10134747,9.031,0.00577764,hom,1
HG02694,UBE4B,chr1,10135420,2.264,0.00577764,hom,1
HG02694,UBE4B,chr1,10135528,0.017,0.00577764,hom,1
HG02694,UBE4B,chr1,10136251,0.289,0.00577764,hom,1
HG02694,UBE4B,chr1,10136416,0.755,0.00577764,hom,1
HG02694,UBE4B,chr1,10136785,0.736,0.00577764,hom,1
HG02694,UBE4B,chr1,10137900,3.719,0.00577764,hom,1
HG02694,UBE4B,chr1,10137932,0.253,0.00562149,hom,1
HG02694,UBE4B,chr1,10138049,0.745,0.00577764,hom,1
HG02694,UBE4B,chr1,10138709,0.635,0.00577764,hom,1
HG02694,UBE4B,chr1,10138874,9.413,0.00577764,hom,1
HG02694,UBE4B,chr1,10139292,0.255,0.00577764,hom,1
HG02694,UBE4B,chr1,10139355,1.024,0.00577764,hom,1
HG02694,UBE4B,chr1,10139570,5.25,0.00577764,hom,1
HG02694,UBE4B,chr1,10139785,0.314,0.00640225,hom,1
HG02694,UBE4B,chr1,10141177,1.122,0.00577764,hom,1
HG02694,UBE4B,chr1,10141851,0.048,0.00577764,hom,1
HG02694,UBE4B,chr1,10142123,0.232,0.00577764,hom,1
HG02694,UBE4B,chr1,10143633,5.233,0.00577764,hom,1
HG02694,UBE4B,chr1,10144297,3.277,0.00577764,hom,1
HG02694,UBE4B,chr1,10144554,2.253,0.00577764,hom,1
HG02694,UBE4B,chr1,10146562,0.115,0.00577764,hom,1
HG02694,UBE4B,chr1,10147137,0.78,0.00577764,hom,2
HG02694,UBE4B,chr1,10147424,0.708,0.00577764,hom,2
HG02694,UBE4B,chr1,10148282,5.334,0.00577764,hom,2
HG02694,UBE4B,chr1,10148911,2.767,0.00577764,hom,1
HG02694,UBE4B,chr1,10148984,0.316,0.00577764,hom,1
HG02694,UBE4B,chr1,10151056,2.035,0.00577764,hom,1
HG02694,UBE4B,chr1,10151293,1.832,0.00577764,hom,2
HG02694,UBE4B,chr1,10151679,0.47,0.00577764,hom,2
HG02694,UBE4B,chr1,10151764,0.5,0.00577764,hom,2
HG02694,UBE4B,chr1,10151943,0.029,0.00577764,hom,1
HG02694,UBE4B,chr1,10151981,0.035,0.00577764,hom,1
HG02694,UBE4B,chr1,10152531,1.576,0.00577764,hom,1
HG02694,UBE4B,chr1,10152764,0.241,0.00577764,hom,2
HG02694,UBE4B,chr1,10153027,0.994,0.00593379,hom,1
HG02694,UBE4B,chr1,10153109,0.951,0.00577764,hom,2
HG02694,UBE4B,chr1,10153229,0.201,0.00577764,hom,1
HG02694,UBE4B,chr1,10153454,2.849,0.00593379,hom,1
HG02694,UBE4B,chr1,10153812,1.218,0.00577764,hom,1
HG02694,UBE4B,chr1,10154185,1.935,0.00577764,hom,1
HG02694,UBE4B,chr1,10155125,0.139,0.00577764,hom,1
HG02694,UBE4B,chr1,10156487,0.176,0.00577764,hom,1
HG02694,UBE4B,chr1,10157210,0.133,0.00593379,hom,1
HG02694,UBE4B,chr1,10158414,6.916,0.00577764,hom,1
HG02694,UBE4B,chr1,10158935,0.86,0.00577764,hom,1
HG02694,UBE4B,chr1,10159206,0.035,0.00577764,hom,2
HG02694,UBE4B,chr1,10159253,9.03,0.00577764,hom,1
HG02694,UBE4B,chr1,10160091,1.046,0.00577764,hom,1
HG02694,UBE4B,chr1,10161078,2.578,0.00577764,hom,2
HG02694,UBE4B,chr1,10162408,0.468,0.00640225,hom,1
HG02694,UBE4B,chr1,10165530,0.722,0.00577764,hom,1
HG02694,UBE4B,chr1,10167197,2.085,0.00577764,hom,1
HG02694,UBE4B,chr1,10167474,0.377,0.00577764,hom,2
HG02694,UBE4B,chr1,10168016,0.033,0.00593379,hom,2
HG02694,UBE4B,chr1,10168100,10.1,0.00577764,hom,2
HG02694,UBE4B,chr1,10177129,4.511,0.0062461,hom,1
HG02694,KIF1B,chr1,10211570,20.4,0.00593379,hom,2
HG02694,KIF1B,chr1,10211900,2.036,0.00593379,hom,2
HG02694,KIF1B,chr1,10212117,13.93,0.00593379,hom,2
HG02694,KIF1B,chr1,10212610,2.486,0.00593379,hom,1
HG02694,KIF1B,chr1,10212880,0.315,0.00593379,hom,2
HG02694,KIF1B,chr1,10212912,3.165,0.00702686,hom,2
HG02694,KIF1B,chr1,10213077,1.068,0.00593379,hom,1
HG02694,KIF1B,chr1,10213557,14.85,0.00593379,hom,2
HG02694,KIF1B,chr1,10214604,2.142,0.00577764,hom,1
HG02694,KIF1B,chr1,10215983,8.3,0.00593379,hom,1
HG02694,KIF1B,chr1,10217401,0.361,0.00577764,hom,1
HG02694,KIF1B,chr1,10219368,3.397,0.00593379,hom,1
HG02694,KIF1B,chr1,10220050,1.603,0.00593379,hom,1
HG02694,KIF1B,chr1,10221142,1.236,0.00577764,hom,1
HG02694,KIF1B,chr1,10221685,2.383,0.00593379,hom,1
HG02694,KIF1B,chr1,10221697,1.659,0.00593379,hom,1
HG02694,KIF1B,chr1,10222206,4.065,0.00593379,hom,1
HG02694,KIF1B,chr1,10222373,3.045,0.00593379,hom,1
HG02694,KIF1B,chr1,10225392,1.618,0.00608994,hom,2
HG02694,KIF1B,chr1,10227898,1.09,0.00608994,hom,2
HG02694,KIF1B,chr1,10230064,0.203,0.00608994,hom,2
HG02694,KIF1B,chr1,10230636,4.234,0.00608994,hom,1
HG02694,KIF1B,chr1,10231522,3.053,0.00608994,hom,2
HG02694,KIF1B,chr1,10232637,0.02,0.0062461,hom,2
HG02694,KIF1B,chr1,10233304,0.258,0.00608994,hom,1
HG02694,KIF1B,chr1,10234716,1.968,0.00608994,hom,1
HG02694,KIF1B,chr1,10235302,8.568,0.00312305,hom,1
HG02694,KIF1B,chr1,10235971,1.635,0.00608994,hom,1
HG02694,KIF1B,chr1,10239438,2.734,0.00608994,hom,1
HG02694,KIF1B,chr1,10239732,0.363,0.00608994,hom,1
HG02694,KIF1B,chr1,10240008,1.92,0.00608994,hom,2
HG02694,KIF1B,chr1,10240232,5.071,0.00608994,hom,2
HG02694,KIF1B,chr1,10242215,4.896,0.00608994,hom,2
HG02694,KIF1B,chr1,10242311,0.5,0.00608994,hom,1
HG02694,KIF1B,chr1,10242448,0.97,0.00608994,hom,1
HG02694,KIF1B,chr1,10242867,3.129,0.00608994,hom,1
HG02694,KIF1B,chr1,10244197,0.226,0.00608994,hom,2
HG02694,KIF1B,chr1,10244752,5.044,0.00608994,hom,2
HG02694,KIF1B,chr1,10245995,2.625,0.00608994,hom,2
HG02694,KIF1B,chr1,10246296,0.493,0.00608994,hom,2
HG02694,KIF1B,chr1,10246362,5.272,0.00608994,hom,2
HG02694,KIF1B,chr1,10247574,8.006,0.00608994,hom,1
HG02694,KIF1B,chr1,10247737,0.399,0.00608994,hom,1
HG02694,KIF1B,chr1,10247836,3.534,0.00608994,hom,2
HG02694,KIF1B,chr1,10247915,1.238,0.00608994,hom,1
HG02694,KIF1B,chr1,10250488,0.41,0.00608994,hom,1
HG02694,KIF1B,chr1,10250826,1.801,0.00608994,hom,2
HG02694,KIF1B,chr1,10250866,1.136,0.00608994,hom,2
HG02694,KIF1B,chr1,10251185,6.192,0.00593379,hom,1
HG02694,KIF1B,chr1,10252411,4.732,0.00608994,hom,2
HG02694,KIF1B,chr1,10253999,15.92,0.00608994,hom,1
HG02694,KIF1B,chr1,10254264,7.634,0.000312305,hom,1
HG02694,KIF1B,chr1,10254349,0.253,0.00608994,hom,1
HG02694,KIF1B,chr1,10255391,8.46,0.00608994,hom,1
HG02694,KIF1B,chr1,10255435,0.912,0.00608994,hom,2
HG02694,KIF1B,chr1,10255437,0.66,0.00608994,hom,1
HG02694,KIF1B,chr1,10257008,0.917,0.00593379,hom,1
HG02694,KIF1B,chr1,10257986,1.621,0.00608994,hom,2
HG02694,KIF1B,chr1,10258895,9.11,0.00608994,hom,1
HG02694,KIF1B,chr1,10259221,4.83,0.00608994,hom,1
HG02694,KIF1B,chr1,10259447,3.744,0.00608994,hom,2
HG02694,KIF1B,chr1,10259711,1.625,0.00608994,hom,1
HG02694,KIF1B,chr1,10259908,1.308,0.00608994,hom,2
HG02694,KIF1B,chr1,10259934,2.521,0.00608994,hom,2
HG02694,KIF1B,chr1,10261434,0.762,0.00608994,hom,1
HG02694,KIF1B,chr1,10262203,7.914,0.00608994,hom,1
HG02694,KIF1B,chr1,10262350,0.845,0.0062461,hom,1
HG02694,KIF1B,chr1,10262715,1.283,0.00608994,hom,1
HG02694,KIF1B,chr1,10263498,4.824,0.00608994,hom,1
HG02694,KIF1B,chr1,10264303,1.747,0.00608994,hom,2
HG02694,KIF1B,chr1,10264316,0.837,0.0062461,hom,1
HG02694,KIF1B,chr1,10265042,2.349,0.00608994,hom,2
HG02694,KIF1B,chr1,10267075,2.695,0.00608994,hom,1
HG02694,KIF1B,chr1,10268477,0.719,0.00608994,hom,1
HG02694,KIF1B,chr1,10268922,0.352,0.00608994,hom,1
HG02694,KIF1B,chr1,10269680,1.078,0.00608994,hom,1
HG02694,KIF1B,chr1,10270446,0.103,0.00608994,hom,1
HG02694,KIF1B,chr1,10270753,3.578,0.00608994,hom,1
HG02694,KIF1B,chr1,10271281,0.522,0.00608994,hom,1
HG02694,KIF1B,chr1,10271893,5.971,0.00608994,hom,1
HG02694,KIF1B,chr1,10273351,0.54,0.00608994,hom,1
HG02694,KIF1B,chr1,10273858,4.517,0.00608994,hom,1
HG02694,KIF1B,chr1,10273968,0.324,0.0062461,hom,1
HG02694,KIF1B,chr1,10274039,0.046,0.00671455,hom,1
HG02694,KIF1B,chr1,10274486,13.18,0.00608994,hom,1
HG02694,KIF1B,chr1,10274564,0.486,0.00608994,hom,1
HG02694,KIF1B,chr1,10277105,1.058,0.00608994,hom,1
HG02694,KIF1B,chr1,10280456,0.439,0.00608994,hom,1
HG02694,KIF1B,chr1,10284064,6.576,0.00608994,hom,1
HG02694,KIF1B,chr1,10284354,1.14,0.00608994,hom,1
HG02694,KIF1B,chr1,10284362,0.408,0.00608994,hom,1
HG02694,KIF1B,chr1,10284653,2.049,0.00593379,hom,1
HG02694,KIF1B,chr1,10284665,0.961,0.00608994,hom,1
HG02694,KIF1B,chr1,10285009,3.852,0.00608994,hom,1
HG02694,KIF1B,chr1,10286007,1.189,0.00608994,hom,2
HG02694,KIF1B,chr1,10286073,1.838,0.00608994,hom,1
HG02694,KIF1B,chr1,10286907,3.964,0.00608994,hom,2
HG02694,KIF1B,chr1,10287469,1.45,0.00608994,hom,1
HG02694,KIF1B,chr1,10291492,0.919,0.0062461,hom,1
HG02694,KIF1B,chr1,10292170,14.11,0.00608994,hom,1
HG02694,KIF1B,chr1,10292700,2.291,0.00608994,hom,1
HG02694,KIF1B,chr1,10293489,0.542,0.00608994,hom,1
HG02694,KIF1B,chr1,10294912,4.76,0.00593379,hom,1
HG02694,KIF1B,chr1,10294921,7.24,0.00608994,hom,2
HG02694,KIF1B,chr1,10296232,0.306,0.00608994,hom,1
HG02694,KIF1B,chr1,10297810,18.08,0.00608994,hom,2
HG02694,KIF1B,chr1,10297971,1.57,0.00608994,hom,2
HG02694,KIF1B,chr1,10298286,5.046,0.00608994,hom,2
HG02694,KIF1B,chr1,10300944,2.209,0.00608994,hom,2
HG02694,KIF1B,chr1,10301236,1.151,0.00608994,hom,2
HG02694,KIF1B,chr1,10301625,3.437,0.00608994,hom,2
HG02694,KIF1B,chr1,10303606,20.1,0.00608994,hom,2
HG02694,KIF1B,chr1,10303999,1.058,0.00608994,hom,1
HG02694,KIF1B,chr1,10306228,0.38,0.00608994,hom,2
HG02694,KIF1B,chr1,10306707,1.361,0.00593379,hom,2
HG02694,KIF1B,chr1,10307000,7.57,0.00608994,hom,2
HG02694,KIF1B,chr1,10307512,4.157,0.00608994,hom,1
HG02694,KIF1B,chr1,10308224,3.373,0.00608994,hom,1
HG02694,KIF1B,chr1,10308442,16.12,0.00484072,hom,2
HG02694,KIF1B,chr1,10309562,1.413,0.00608994,hom,1
HG02694,KIF1B,chr1,10310319,1.423,0.00608994,hom,2
HG02694,KIF1B,chr1,10312419,0.334,0.00608994,hom,1
HG02694,KIF1B,chr1,10312527,0.062,0.00608994,hom,1
HG02694,KIF1B,chr1,10313223,0.68,0.00608994,hom,1
HG02694,KIF1B,chr1,10314040,0.401,0.00640225,hom,1
HG02694,KIF1B,chr1,10314440,4.431,0.00640225,hom,1
HG02694,KIF1B,chr1,10316379,2.582,0.00640225,hom,1
HG02694,KIF1B,chr1,10316912,0.007,0.00640225,hom,1
HG02694,KIF1B,chr1,10318054,8.186,0.00640225,hom,1
HG02694,KIF1B,chr1,10318486,1.376,0.00640225,hom,1
HG02694,KIF1B,chr1,10318501,1.967,0.0062461,hom,1
HG02694,KIF1B,chr1,10318574,0.27,0.00640225,hom,1
HG02694,KIF1B,chr1,10319190,1.451,0.00640225,hom,1
HG02694,KIF1B,chr1,10323152,0.755,0.00640225,hom,1
HG02694,KIF1B,chr1,10323169,0.132,0.00640225,hom,1
HG02694,KIF1B,chr1,10327996,6.874,0.0062461,hom,2
HG02694,KIF1B,chr1,10332959,1.374,0.00640225,hom,1
HG02694,KIF1B,chr1,10332977,0.718,0.00687071,hom,1
HG02694,KIF1B,chr1,10334227,8.551,0.00640225,hom,1
HG02694,KIF1B,chr1,10336991,0.471,0.00640225,hom,1
HG02694,KIF1B,chr1,10337750,0.184,0.00640225,hom,1
HG02694,KIF1B,chr1,10339114,1.187,0.00640225,hom,1
HG02694,KIF1B,chr1,10339301,0.444,0.00640225,hom,1
HG02694,KIF1B,chr1,10340584,1.166,0.00640225,hom,1
HG02694,KIF1B,chr1,10341175,7.276,0.00640225,hom,1
HG02694,KIF1B,chr1,10341760,1.903,0.00640225,hom,1
HG02694,KIF1B,chr1,10342465,0.221,0.00640225,hom,1
HG02694,KIF1B,chr1,10343566,0.633,0.00640225,hom,1
HG02694,KIF1B,chr1,10345112,4.143,0.00640225,hom,1
HG02694,KIF1B,chr1,10348063,0.791,0.0062461,hom,1
HG02694,KIF1B,chr1,10348235,5.809,0.00640225,hom,1
HG02694,KIF1B,chr1,10348250,0.008,0.00640225,hom,1
HG02694,KIF1B,chr1,10349969,0.97,0.00640225,hom,1
HG02694,KIF1B,chr1,10357475,0.976,0.00640225,hom,1
HG02694,KIF1B,chr1,10357579,0.821,0.00640225,hom,1
HG02694,KIF1B,chr1,10359399,4.583,0.0062461,hom,1
HG02694,KIF1B,chr1,10362413,0.548,0.00640225,hom,1
HG02694,KIF1B,chr1,10367315,0.256,0.0062461,hom,1
HG02694,KIF1B,chr1,10367719,4.252,0.0062461,hom,1
HG02694,KIF1B,chr1,10372716,4.509,0.00608994,hom,1
HG02694,KIF1B,chr1,10372880,1.353,0.0062461,hom,1
HG02694,KIF1B,chr1,10373853,0.546,0.00640225,hom,1
HG02694,PGD,chr1,10399345,4.014,0.0065584,hom,2
HG02694,PGD,chr1,10409048,0.169,0.00312305,hom,1
HG02694,PGD,chr1,10409802,2.821,0.0065584,hom,1
HG02694,PGD,chr1,10411336,0.385,0.00811992,hom,1
HG02694,PGD,chr1,10420139,0.104,0.0065584,hom,1
HG02694,PEX14,chr1,10554303,3.94,0.00874454,het,1
HG02694,PEX14,chr1,10557029,2.675,0.000312305,hom,1
HG02694,PEX14,chr1,10585408,2.582,0.00343535,hom,1
HG02694,PEX14,chr1,10588188,2.152,0.00343535,hom,1
HG02694,CASZ1,chr1,10638910,0.941,0.000312305,hom,1
HG02694,CASZ1,chr1,10643492,2.965,0.000312305,hom,1
HG02694,CASZ1,chr1,10702643,3.535,0.00405996,hom,1
HG02694,CASZ1,chr1,10711132,0.545,0.0032792,hom,1
HG02694,CASZ1,chr1,10780589,2.397,0.00437227,hom,1
HG02694,CASZ1,chr1,10787522,15.29,0.000312305,hom,1
HG02694,TARDBP,chr1,11020317,1.908,0.000468457,hom,2
HG02694,MTOR,chr1,11140983,1.149,0.00968145,het,1
HG02694,DISP3,chr1,11495091,0.112,0.00827608,hom,1
HG02694,MAD2L2,chr1,11675553,2.747,0.0095253,hom,2
HG02694,MAD2L2,chr1,11682763,11.92,0.00968145,hom,2
HG02694,TNFRSF8,chr1,12073337,2.932,0.00109307,hom,1
HG02694,VPS13D,chr1,12263994,0.855,0.000468457,hom,1
HG02694,VPS13D,chr1,12288859,1.068,0.00062461,hom,1
HG02694,VPS13D,chr1,12324155,0.926,0.00062461,hom,1
HG02694,VPS13D,chr1,12332474,1.987,0.00062461,hom,1
HG02694,VPS13D,chr1,12333828,0.907,0.000468457,hom,1
HG02694,VPS13D,chr1,12418918,0.736,0.00062461,hom,1
HG02694,VPS13D,chr1,12446754,0.639,0.00062461,hom,2
HG02694,VPS13D,chr1,12455186,0.448,0.00062461,hom,2
HG02694,AADACL4,chr1,12661344,0.121,0.00968145,hom,1
HG02694,PRAMEF15,chr1,13321934,0.502,0.00780762,hom,1
HG02694,PRAMEF20,chr1,13418285,0.027,0.00218613,hom,1
HG02694,PDPN,chr1,13609078,5.211,0.00843223,hom,1
HG02694,PDPN,chr1,13609744,1.88,0.00811992,hom,1
HG02694,PDPN,chr1,13609915,0.739,0.00843223,hom,1
HG02694,PDPN,chr1,13610344,0.953,0.00843223,hom,1
HG02694,PDPN,chr1,13611145,0.796,0.00811992,hom,1
HG02694,PDPN,chr1,13611212,0.238,0.00811992,hom,1
HG02694,PDPN,chr1,13611766,1.598,0.0095253,hom,1
HG02694,PRDM2,chr1,13700405,9.237,0.00671455,hom,1
HG02694,PRDM2,chr1,13823055,0.591,0.00109307,hom,1
HG02694,KAZN-AS1,chr1,14350065,0.181,0.00874454,hom,1
HG02694,KAZN-AS1,chr1,14356181,5.786,0.000312305,hom,1
HG02694,KAZN-AS1,chr1,14367617,10.41,0.00593379,hom,1
HG02694,KAZN-AS1,chr1,14406863,1.426,0.00593379,hom,1
HG02694,KAZN,chr1,14651378,0.241,0.00312305,hom,2
HG02694,KAZN,chr1,14721494,0.769,0.00187383,hom,1
HG02694,KAZN,chr1,14732095,3.696,0.000780762,hom,2
HG02694,KAZN,chr1,14743714,0.536,0.000780762,hom,1
HG02694,KAZN,chr1,14799778,2.131,0.00405996,hom,1
HG02694,KAZN,chr1,14800436,0.181,0.00796377,hom,1
HG02694,KAZN,chr1,14800764,3.837,0.000312305,hom,1
HG02694,KAZN,chr1,14822122,2.645,0.00562149,hom,1
HG02694,KAZN,chr1,14850390,0.508,0.000312305,hom,2
HG02694,KAZN,chr1,14851617,1.684,0.000312305,hom,1
HG02694,KAZN,chr1,14976583,1.116,0.00405996,hom,1
HG02694,KAZN,chr1,15082780,0.98,0.00109307,hom,1
HG02694,KAZN,chr1,15088333,0.769,0.00499688,hom,1
HG02694,TMEM51-AS1,chr1,15120578,5.712,0.00999375,hom,4
HG02694,FHAD1,chr1,15259706,1.047,0.00671455,hom,1
HG02694,FHAD1,chr1,15270257,0.633,0.000312305,hom,1
HG02694,FHAD1,chr1,15270258,0.409,0.000312305,hom,1
HG02694,FHAD1,chr1,15310753,5.838,0.000312305,hom,1
HG02694,CASP9,chr1,15514387,1.601,0.000312305,hom,1
HG02694,CASP9,chr1,15524379,0.589,0.00796377,het,2
HG02694,DDI2,chr1,15629882,2.016,0.000312305,hom,1
HG02694,PLEKHM2,chr1,15689245,0.515,0.00827608,het,1
HG02694,PLEKHM2,chr1,15707080,2.35,0.000312305,hom,2
HG02694,ZBTB17,chr1,15947321,1.775,0.00062461,hom,1
HG02694,EPHA2,chr1,16128477,14.19,0.00249844,hom,1
HG02694,LINC01783,chr1,16535370,7.789,0.00109307,het,2
HG02694,LINC01783,chr1,16535371,6.919,0.00109307,het,2
HG02694,PADI4,chr1,17313172,1.408,0.00796377,hom,1
HG02694,PADI4,chr1,17313646,6.482,0.00796377,hom,1
HG02694,PADI4,chr1,17313873,0.399,0.00796377,hom,1
HG02694,PADI4,chr1,17315260,0.689,0.00796377,hom,1
HG02694,PADI4,chr1,17316645,4.773,0.00796377,hom,1
HG02694,PADI4,chr1,17316685,2.802,0.00811992,hom,1
HG02694,PADI4,chr1,17320300,3.718,0.00796377,hom,1
HG02694,PADI4,chr1,17322944,8.959,0.00796377,hom,1
HG02694,PADI4,chr1,17328272,3.243,0.00796377,hom,1
HG02694,PADI4,chr1,17328529,2.749,0.00796377,hom,1
HG02694,PADI4,chr1,17330842,1.695,0.000312305,hom,1
HG02694,PADI4,chr1,17331778,2.988,0.00796377,hom,1
HG02694,PADI4,chr1,17332891,0.901,0.00796377,hom,1
HG02694,PADI4,chr1,17336210,10.04,0.00796377,hom,2
HG02694,PADI4,chr1,17338932,0.925,0.00796377,hom,1
HG02694,PADI4,chr1,17339169,5.593,0.00796377,hom,1
HG02694,PADI4,chr1,17339509,7.216,0.00796377,hom,1
HG02694,PADI4,chr1,17342393,22.8,0.00468457,hom,1
HG02694,PADI4,chr1,17348346,6.924,0.00749532,hom,2
HG02694,PADI4,chr1,17348517,0.868,0.00749532,hom,1
HG02694,PADI4,chr1,17348898,1.751,0.00811992,hom,1
HG02694,PADI4,chr1,17351349,5.154,0.00671455,hom,1
HG02694,ARHGEF10L,chr1,17524213,3.264,0.00171768,hom,2
HG02694,ARHGEF10L,chr1,17537854,1.252,0.00437227,het,2
HG02694,ARHGEF10L,chr1,17657269,0.035,0.00890069,hom,1
HG02694,ACTL8,chr1,17823660,0.047,0.000312305,hom,1
HG02694,IGSF21,chr1,18155840,5.786,0.0032792,hom,1
HG02694,IGSF21,chr1,18157743,9.779,0.000312305,hom,1
HG02694,IGSF21,chr1,18176886,0.137,0.00109307,hom,1
HG02694,IGSF21,chr1,18190811,1.596,0.0095253,hom,1
HG02694,IGSF21,chr1,18201397,13.56,0.000468457,hom,1
HG02694,IGSF21,chr1,18273065,3.735,0.00202998,het,1
HG02694,IGSF21,chr1,18275717,11.19,0.00140537,hom,1
HG02694,IGSF21,chr1,18352403,3.408,0.000312305,hom,1
HG02694,KLHDC7A,chr1,18485360,0.644,0.00218613,hom,1
HG02694,PAX7,chr1,18633308,19.34,0.00530918,hom,2
HG02694,PAX7,chr1,18732802,0.008,0.00156152,hom,2
HG02694,TAS1R2,chr1,18850942,2.493,0.00281074,hom,1
HG02694,ALDH4A1,chr1,18875101,3.385,0.00936914,hom,2
HG02694,UBR4,chr1,19093320,25.3,0.000312305,hom,1
HG02694,UBR4,chr1,19123583,2.347,0.00109307,hom,1
HG02694,UBR4,chr1,19147646,0.203,0.00109307,hom,1
HG02694,UBR4,chr1,19153975,8.054,0.000312305,hom,1
HG02694,EMC1-AS1,chr1,19210850,2.88,0.00109307,hom,2
HG02694,EMC1,chr1,19223390,7.48,0.000312305,hom,1
HG02694,EMC1,chr1,19228205,4.291,0.00936914,het,1
HG02694,MRTO4,chr1,19258786,11.99,0.00218613,hom,2
HG02694,SLC66A1,chr1,19320694,3.14,0.00109307,hom,1
HG02694,SLC66A1,chr1,19325222,0.621,0.000468457,hom,1
HG02694,CAPZB,chr1,19350415,0.297,0.000312305,hom,1
HG02694,CAPZB,chr1,19359907,4.186,0.00218613,hom,1
HG02694,CAPZB,chr1,19393925,1.379,0.000312305,hom,1
HG02694,CAPZB,chr1,19428150,6.098,0.000312305,hom,1
HG02694,NBL1,chr1,19653285,1.245,0.00608994,het,1
HG02694,HTR6,chr1,19672593,6.327,0.000312305,hom,1
HG02694,TMCO4,chr1,19777046,0.504,0.00499688,het,1
HG02694,TMCO4,chr1,19786668,0.923,0.00140537,het,2
HG02694,RHBDL2,chr1,38928992,4.096,0.000780762,hom,1
HG02694,MACF1,chr1,39105603,15.45,0.00062461,hom,2
HG02694,MACF1,chr1,39315923,0.006,0.00109307,hom,1
HG02694,MACF1,chr1,39336709,6.704,0.00749532,hom,1
HG02694,MACF1,chr1,39385666,19.97,0.000780762,hom,1
HG02694,BMP8B,chr1,39760944,7.494,0.000780762,hom,2
HG02694,LINC02811,chr1,39806523,3.564,0.00390381,hom,1
HG02694,TRIT1,chr1,39861059,1.155,0.000780762,hom,1
HG02694,ZMPSTE24,chr1,40272466,0.4,0.00452842,hom,1
HG02694,SMAP2,chr1,40409275,9.389,0.0062461,hom,1
HG02694,SMAP2,chr1,40416595,5.141,0.00374766,hom,1
HG02694,RIMS3,chr1,40624787,1.138,0.00843223,hom,1
HG02694,RIMS3,chr1,40647039,0.3,0.00999375,hom,1
HG02694,KCNQ4,chr1,40810780,5.377,0.00062461,hom,1
HG02694,KCNQ4,chr1,40814708,1.466,0.00718301,hom,1
HG02694,KCNQ4,chr1,40824198,24.9,0.00062461,hom,1
HG02694,KCNQ4,chr1,40830815,21.1,0.00234229,hom,1
HG02694,CTPS1,chr1,40986895,2.309,0.00109307,hom,1
HG02694,SCMH1,chr1,41028008,6.807,0.00562149,hom,1
HG02694,SCMH1,chr1,41206330,3.487,0.00109307,hom,1
HG02694,SCMH1,chr1,41229800,5.588,0.00109307,hom,1
HG02694,EDN2,chr1,41483327,15.3,0.00968145,hom,1
HG02694,HIVEP3,chr1,41516581,2.804,0.00374766,hom,1
HG02694,HIVEP3,chr1,41539491,1.376,0.00405996,hom,2
HG02694,HIVEP3,chr1,41555240,1.924,0.00405996,hom,1
HG02694,HIVEP3,chr1,41555394,4.392,0.000312305,hom,1
HG02694,HIVEP3,chr1,41560160,9.13,0.00405996,hom,1
HG02694,HIVEP3,chr1,41584988,11.39,0.000468457,hom,2
HG02694,LOC128125817,chr1,41602004,3.994,0.00405996,hom,1
HG02694,YBX1,chr1,42683357,13.2,0.00109307,hom,2
HG02694,TIE1,chr1,43302984,8.598,0.000312305,hom,1
HG02694,CDC20-DT,chr1,43358418,14.76,0.00515303,hom,2
HG02694,SZT2,chr1,43404029,8.431,0.00530918,hom,1
HG02694,SZT2,chr1,43413336,2.628,0.0062461,hom,1
HG02694,SZT2,chr1,43413821,1.951,0.0062461,hom,1
HG02694,PTPRF,chr1,43547803,9.922,0.00515303,hom,1
HG02694,PTPRF,chr1,43615607,0.386,0.000312305,hom,1
HG02694,KDM4A,chr1,43655101,0.849,0.000312305,hom,1
HG02694,IPO13,chr1,43956468,5.103,0.000312305,hom,4
HG02694,KLF17,chr1,44128968,1.464,0.00671455,hom,1
HG02694,DMAP1,chr1,44213663,11.9,0.00733916,hom,1
HG02694,RNF220,chr1,44527515,1.662,0.000312305,hom,1
HG02694,TMEM53,chr1,44658844,0.115,0.000312305,hom,1
HG02694,NMNAT1,chr1,9980105,9.65,0.000468457,hom,5
HG02701,DAB1,chr1,57012001,4.325,0.00343535,hom,1
HG02701,DAB1,chr1,57053408,0.232,0.00359151,hom,1
HG02701,DAB1,chr1,57056516,1.521,0.00374766,hom,1
HG02701,DAB1,chr1,57064994,11.75,0.00062461,hom,1
HG02701,DAB1,chr1,57070876,12.14,0.00281074,hom,1
HG02701,DAB1,chr1,57086688,0.735,0.0062461,het,1
HG02701,DAB1,chr1,57216466,4.317,0.00281074,hom,1
HG02701,DAB1,chr1,57232605,2.369,0.00062461,hom,2
HG02701,DAB1,chr1,57246294,7.036,0.00140537,hom,1
HG02701,DAB1,chr1,57316703,7.792,0.00140537,hom,1
HG02701,DAB1,chr1,57358351,3.359,0.00140537,hom,1
HG02701,DAB1,chr1,57462654,3.447,0.00109307,hom,1
HG02701,DAB1,chr1,57801093,0.041,0.0065584,hom,1
HG02701,JUN-DT,chr1,58846646,0.675,0.00530918,hom,1
HG02701,LINC01358,chr1,59048306,0.867,0.0095253,hom,2
HG02701,HSD52,chr1,59139211,0.066,0.00124922,hom,1
HG02701,FGGY,chr1,59334624,1.489,0.00187383,hom,1
HG02701,FGGY,chr1,59356377,0.144,0.00109307,hom,1
HG02701,FGGY,chr1,59373637,1.141,0.00202998,hom,1
HG02701,FGGY,chr1,59406949,7.136,0.00202998,hom,1
HG02701,FGGY,chr1,59412689,6.452,0.00171768,hom,1
HG02701,FGGY,chr1,59447078,0.397,0.00265459,hom,2
HG02701,FGGY,chr1,59535090,2.05,0.00140537,hom,1
HG02701,FGGY,chr1,59658359,0.886,0.00187383,hom,2
HG02701,FGGY,chr1,59730343,1.419,0.0098376,hom,2
HG02701,CYP2J2,chr1,59923238,5.004,0.000936914,hom,1
HG02701,C1orf87,chr1,60010903,1.298,0.000936914,hom,1
HG02701,C1orf87,chr1,60044053,1.683,0.00202998,hom,1
HG02701,LINC01748,chr1,60527812,10.5,0.00062461,hom,2
HG02701,LINC01748,chr1,60555438,2.957,0.00062461,hom,1
HG02701,LINC01748,chr1,60573772,6.211,0.00062461,hom,2
HG02701,LOC101926964,chr1,60707229,9.055,0.000780762,hom,1
HG02701,LOC101926964,chr1,60708743,4.015,0.00640225,hom,1
HG02701,LOC101926964,chr1,60712463,6.521,0.00062461,hom,1
HG02701,LOC101926964,chr1,60744490,0.495,0.00062461,hom,1
HG02701,LOC101926964,chr1,60793238,8.017,0.00062461,hom,1
HG02701,NFIA-AS2,chr1,60968435,0.399,0.00359151,hom,1
HG02701,NFIA,chr1,61126015,1.798,0.00312305,hom,2
HG02701,NFIA,chr1,61149531,9.849,0.00062461,hom,1
HG02701,NFIA,chr1,61169391,1.762,0.00499688,hom,2
HG02701,NFIA,chr1,61223303,13.63,0.00171768,hom,1
HG02701,TM2D1,chr1,61705174,0.812,0.0029669,hom,1
HG02701,PATJ,chr1,61767249,6.097,0.00312305,hom,1
HG02701,PATJ,chr1,61826454,9.44,0.00062461,hom,1
HG02701,L1TD1,chr1,62203276,0.956,0.0032792,hom,1
HG02701,L1TD1,chr1,62204954,6.22,0.00312305,hom,1
HG02701,KANK4,chr1,62239622,6.662,0.00187383,hom,1
HG02701,DOCK7,chr1,62460098,2.879,0.00546533,hom,1
HG02701,DOCK7,chr1,62478440,5.111,0.000780762,hom,1
HG02701,DOCK7,chr1,62520831,0.877,0.00265459,hom,1
HG02701,LINC00466,chr1,63165087,0.063,0.00796377,hom,1
HG02701,LINC00466,chr1,63226342,3.617,0.00968145,hom,1
HG02701,LINC00466,chr1,63239367,2.384,0.00062461,hom,1
HG02701,ALG6,chr1,63390154,5.049,0.00452842,hom,1
HG02701,ALG6,chr1,63396858,5.988,0.00062461,hom,1
HG02701,ITGB3BP,chr1,63465267,1.134,0.00062461,hom,2
HG02701,EFCAB7,chr1,63524284,13.81,0.00140537,hom,2
HG02701,PGM1,chr1,63596320,1.018,0.00062461,hom,2
HG02701,PGM1,chr1,63599662,0.595,0.00452842,hom,1
HG02701,PGM1,chr1,63619740,1.651,0.00484072,hom,1
HG02701,ROR1,chr1,63837684,0.073,0.000780762,hom,1
HG02701,ROR1,chr1,63863681,1.809,0.00156152,hom,1
HG02701,ROR1,chr1,63867627,5.225,0.0032792,hom,1
HG02701,ROR1,chr1,63896460,4.316,0.00062461,hom,1
HG02701,ROR1,chr1,63919899,8.036,0.000780762,hom,1
HG02701,ROR1,chr1,63948715,0.422,0.00124922,hom,2
HG02701,ROR1,chr1,63951583,1.641,0.00874454,hom,2
HG02701,ROR1,chr1,63976636,2.496,0.00905684,hom,1
HG02701,UBE2U,chr1,64213468,4.733,0.00062461,hom,1
HG02701,CACHD1,chr1,64477602,1.228,0.00765147,hom,1
HG02701,CACHD1,chr1,64495368,4.897,0.00874454,hom,2
HG02701,RAVER2,chr1,64759393,4.038,0.00733916,hom,1
HG02701,LINC01359,chr1,64989998,5.001,0.0032792,hom,1
HG02701,AK4,chr1,65176614,10.06,0.00187383,hom,1
HG02701,DNAJC6,chr1,65380926,2.421,0.00156152,hom,1
HG02701,DNAJC6,chr1,65409158,2.449,0.00281074,hom,1
HG02701,PDE4B,chr1,65848475,1.707,0.00202998,hom,1
HG02701,PDE4B,chr1,65894461,0.219,0.00124922,hom,1
HG02701,PDE4B,chr1,65897726,0.595,0.00234229,hom,1
HG02701,PDE4B,chr1,65953395,2.283,0.00249844,hom,2
HG02701,PDE4B,chr1,65963379,0.595,0.00218613,hom,2
HG02701,SLC35D1,chr1,67024835,1.313,0.000780762,hom,1
HG02701,GNG12,chr1,67724656,8.431,0.000780762,hom,2
HG02701,GNG12,chr1,67737622,0.067,0.00062461,hom,1
HG02701,GNG12,chr1,67764633,1.63,0.00281074,hom,1
HG02701,GNG12-AS1,chr1,67840320,0.007,0.000780762,hom,1
HG02701,GNG12-AS1,chr1,67928683,6.388,0.000780762,hom,1
HG02701,GNG12-AS1,chr1,67971488,2.581,0.000780762,hom,1
HG02701,GNG12-AS1,chr1,67983442,4.991,0.00858838,hom,1
HG02701,WLS,chr1,68106728,1.372,0.00593379,hom,1
HG02701,WLS,chr1,68132165,6.095,0.00608994,hom,1
HG02701,RPE65,chr1,68435790,1.042,0.00062461,hom,2
HG02701,LINC01707,chr1,69095368,5.697,0.00062461,hom,1
HG02701,LINC01707,chr1,69099470,5.869,0.00062461,hom,1
HG02701,LINC01707,chr1,69131399,8.204,0.00062461,hom,1
HG02701,LINC02791,chr1,69216938,1.628,0.00062461,hom,2
HG02701,LRRC7,chr1,69572783,0.455,0.00780762,hom,1
HG02701,LRRC7,chr1,69615162,0.592,0.00062461,hom,1
HG02701,LRRC7,chr1,69656741,7.122,0.00811992,hom,1
HG02701,LRRC7,chr1,69697281,0.084,0.00390381,hom,1
HG02701,LRRC7,chr1,69769983,1.473,0.0098376,hom,1
HG02701,LRRC7,chr1,69812146,1.516,0.00343535,hom,1
HG02701,LRRC7,chr1,69812191,3.904,0.00062461,hom,1
HG02701,LRRC40,chr1,70201222,0.64,0.00202998,hom,1
HG02701,SRSF11,chr1,70215516,1.071,0.00187383,hom,1
HG02701,SRSF11,chr1,70222095,7.195,0.00218613,hom,2
HG02701,SRSF11,chr1,70238692,2.897,0.00202998,hom,1
HG02701,SRSF11,chr1,70245740,2.83,0.00218613,hom,1
HG02701,ANKRD13C,chr1,70274740,7.147,0.00202998,hom,1
HG02701,ANKRD13C,chr1,70292682,4.009,0.00202998,hom,1
HG02701,LINC01788,chr1,70755821,4.73,0.00062461,hom,2
HG02701,PTGER3,chr1,70985412,1.618,0.00780762,hom,2
HG02701,PTGER3,chr1,71046382,2.558,0.00999375,hom,1
HG02701,ZRANB2-DT,chr1,71082745,0.816,0.00062461,hom,1
HG02701,ZRANB2-DT,chr1,71128465,8.672,0.00140537,hom,1
HG02701,NEGR1,chr1,71429406,1.061,0.00202998,hom,1
HG02701,NEGR1,chr1,71698848,4.163,0.00062461,hom,1
HG02701,NEGR1,chr1,71720369,0.5,0.00062461,hom,1
HG02701,NEGR1,chr1,71720533,4.903,0.00062461,hom,1
HG02701,LOC105378798,chr1,72746525,0.672,0.00062461,hom,1
HG02701,LINC02796,chr1,72777126,3.266,0.00062461,hom,1
HG02701,LINC02238,chr1,73681297,0.217,0.0065584,hom,1
HG02701,LINC02238,chr1,73704434,0.959,0.00999375,hom,1
HG02701,LRRIQ3,chr1,74088466,2.591,0.00171768,hom,1
HG02701,LRRIQ3,chr1,74189371,0.582,0.0062461,hom,1
HG02701,TNNI3K,chr1,74267426,0.879,0.0065584,hom,1
HG02701,TNNI3K,chr1,74296270,4.81,0.00062461,hom,1
HG02701,TNNI3K,chr1,74315653,15.83,0.00062461,hom,1
HG02701,TNNI3K,chr1,74446411,2.513,0.00156152,hom,1
HG02701,LRRC53,chr1,74470247,0.406,0.00062461,hom,2
HG02701,LRRC53,chr1,74480620,24.2,0.00124922,hom,1
HG02701,LRRC53,chr1,74486746,2.111,0.00062461,hom,1
HG02701,LRRC53,chr1,74499579,3.352,0.00140537,hom,1
HG02701,SLC44A5,chr1,75236602,6.347,0.00608994,hom,1
HG02701,SLC44A5,chr1,75259486,8.136,0.00312305,hom,1
HG02701,SLC44A5,chr1,75263501,2.537,0.00608994,hom,1
HG02701,SLC44A5,chr1,75280436,3.379,0.00484072,hom,1
HG02701,SLC44A5,chr1,75280450,3.4,0.00827608,hom,1
HG02701,SLC44A5,chr1,75284071,5.076,0.00593379,hom,1
HG02701,SLC44A5,chr1,75284565,7.075,0.00062461,hom,1
HG02701,SLC44A5,chr1,75301531,4.206,0.00265459,hom,1
HG02701,SLC44A5,chr1,75302593,1.487,0.00062461,hom,1
HG02701,SLC44A5,chr1,75355995,13.0,0.00640225,hom,1
HG02701,SLC44A5,chr1,75396462,0.946,0.00687071,hom,1
HG02701,SLC44A5,chr1,75431322,2.26,0.000780762,hom,1
HG02701,SLC44A5,chr1,75461404,0.391,0.00062461,hom,1
HG02701,SLC44A5,chr1,75483857,2.744,0.00437227,hom,1
HG02701,SLC44A5,chr1,75527432,4.113,0.00265459,hom,1
HG02701,SLC44A5,chr1,75562832,12.31,0.00062461,hom,1
HG02701,SLC44A5,chr1,75569512,1.35,0.0029669,hom,1
HG02701,SLC44A5,chr1,75591658,1.983,0.00312305,hom,1
HG02701,SLC44A5,chr1,75606379,5.152,0.000780762,hom,1
HG02701,MSH4,chr1,75829815,3.764,0.000780762,hom,1
HG02701,ST6GALNAC3,chr1,76151661,2.096,0.00062461,hom,1
HG02701,ST6GALNAC3,chr1,76243675,5.037,0.000936914,hom,1
HG02701,ST6GALNAC3,chr1,76263470,1.07,0.00109307,hom,1
HG02701,ST6GALNAC3,chr1,76371973,0.075,0.00968145,hom,1
HG02701,ST6GALNAC3,chr1,76514094,4.569,0.00359151,hom,1
HG02701,ST6GALNAC3,chr1,76544897,1.635,0.00359151,hom,1
HG02701,LINC02567,chr1,76760192,10.25,0.00562149,hom,2
HG02701,ST6GALNAC5,chr1,76936381,12.52,0.000936914,hom,1
HG02701,ST6GALNAC5,chr1,77052940,0.089,0.00562149,het,1
HG02701,ST6GALNAC5,chr1,77059842,0.713,0.00265459,hom,2
HG02701,PIGK,chr1,77171715,6.278,0.00640225,hom,1
HG02701,AK5,chr1,77361973,1.516,0.0095253,hom,1
HG02701,AK5,chr1,77495355,1.53,0.00359151,hom,1
HG02701,ZZZ3,chr1,77593487,3.266,0.00936914,hom,1
HG02701,ZZZ3,chr1,77608672,1.917,0.0095253,hom,1
HG02701,ZZZ3,chr1,77646885,4.365,0.00936914,hom,1
HG02701,USP33,chr1,77717039,0.33,0.00921299,hom,1
HG02701,USP33,chr1,77723200,0.15,0.00062461,hom,1
HG02701,MIGA1,chr1,77866166,2.613,0.00921299,hom,1
HG02701,NEXN,chr1,77903615,6.644,0.00936914,hom,1
HG02701,DNAJB4,chr1,77984743,0.526,0.00905684,hom,1
HG02701,DNAJB4,chr1,78013994,4.706,0.0032792,hom,1
HG02701,MGC27382,chr1,78238932,0.069,0.00062461,hom,1
HG02701,MGC27382,chr1,78308980,0.894,0.00249844,hom,1
HG02701,MGC27382,chr1,78351259,7.322,0.000780762,hom,1
HG02701,ADGRL4,chr1,78915354,0.59,0.00062461,hom,1
HG02701,ADGRL4,chr1,78944111,0.594,0.00062461,hom,1
HG02701,ADGRL4,chr1,78978893,2.909,0.00062461,hom,1
HG02701,ADGRL4,chr1,78996654,0.847,0.00062461,hom,1
HG02701,SLC22A15,chr1,116052051,9.482,0.0029669,hom,1
HG02701,LINC01762,chr1,116455441,7.603,0.00234229,hom,2
HG02701,CD101-AS1,chr1,117029849,2.386,0.00124922,hom,1
HG02701,VTCN1,chr1,117177961,4.145,0.00546533,hom,1
HG02701,VTCN1,chr1,117183120,0.905,0.0062461,hom,1
HG02701,VTCN1,chr1,117196094,2.306,0.00530918,hom,1
HG02701,LINC01525,chr1,117310959,3.323,0.00484072,hom,1
HG02701,LINC01525,chr1,117321025,0.475,0.00484072,hom,1
HG02701,MAN1A2,chr1,117420150,13.78,0.00484072,hom,1
HG02701,MAN1A2,chr1,117453648,2.788,0.00468457,hom,1
HG02701,GDAP2,chr1,117912977,12.24,0.0029669,hom,1
HG02701,GDAP2,chr1,117914325,0.008,0.0029669,hom,1
HG02701,REG4,chr1,119805704,0.191,0.00343535,hom,1
HG02701,RNVU1-15,chr1,144412697,7.988,0.000936914,hom,2
HG02701,NBPF15,chr1,144434851,0.858,0.00109307,hom,1
HG02701,SRGAP2B,chr1,144929016,0.637,0.0029669,hom,1
HG02701,SRGAP2B,chr1,145002990,6.553,0.000468457,het,1
HG02701,SRGAP2B,chr1,145016839,7.706,0.00359151,hom,1
HG02701,LINC01145,chr1,145187148,3.533,0.0032792,hom,1
HG02701,NBPF20,chr1,145342801,3.258,0.00062461,hom,1
HG02701,NBPF25P,chr1,145595444,2.226,0.00062461,hom,1
HG02701,NBPF25P,chr1,145606980,7.807,0.00124922,hom,2
HG02701,GPR89A,chr1,145646523,3.263,0.00124922,hom,1
HG02701,PDZK1,chr1,145678180,13.07,0.00249844,hom,1
HG02701,RNF115,chr1,145743434,2.093,0.00062461,hom,1
HG02701,RNF115,chr1,145763046,2.597,0.00062461,hom,1
HG02701,NBPF10,chr1,146066530,14.69,0.00187383,hom,2
HG02701,NBPF10,chr1,146139186,0.244,0.00156152,het,1
HG02701,NOTCH2NLA,chr1,146182189,1.845,0.000468457,het,1
HG02701,NOTCH2NLA,chr1,146228801,3.51,0.0098376,hom,2
HG02701,HYDIN2,chr1,146650572,8.454,0.00062461,hom,1
HG02701,NBPF12,chr1,146950519,0.829,0.000936914,hom,1
HG02701,NBPF12,chr1,146971748,0.972,0.00687071,hom,1
HG02701,NBPF12,chr1,146995715,1.403,0.00421611,hom,1
HG02701,LOC728989,chr1,147023361,0.024,0.00062461,hom,1
HG02701,FMO5,chr1,147219536,1.016,0.00577764,hom,2
HG02701,LINC00624,chr1,147402641,2.819,0.00140537,hom,1
HG02701,LINC00624,chr1,147404632,5.244,0.00218613,hom,1
HG02701,LINC00624,chr1,147407012,0.344,0.000936914,hom,1
HG02701,LINC00624,chr1,147421619,6.708,0.000936914,hom,2
HG02701,LINC00624,chr1,147437220,0.199,0.00234229,hom,1
HG02701,LINC00624,chr1,147448843,2.257,0.000936914,hom,2
HG02701,LINC00624,chr1,147470914,16.67,0.00515303,hom,1
HG02701,ACP6,chr1,147665731,1.819,0.000936914,hom,1
HG02701,GPR89B,chr1,147971260,2.371,0.00062461,hom,1
HG02701,GPR89B,chr1,147984096,4.335,0.00062461,hom,1
HG02701,RNVU1-7,chr1,148038844,2.2,0.00062461,hom,2
HG02701,NBPF14,chr1,148532951,1.659,0.00062461,het,1
HG02701,NBPF14,chr1,148533216,0.413,0.00499688,het,1
HG02701,NBPF14,chr1,148533233,0.509,0.00452842,het,1
HG02701,NBPF14,chr1,148560487,5.422,0.00484072,het,1
HG02701,NBPF14,chr1,148560500,3.364,0.00109307,het,1
HG02701,NBPF14,chr1,148592479,3.392,0.00827608,het,1
HG02701,NOTCH2NLC,chr1,149459928,3.205,0.000312305,het,1
HG02701,NBPF19,chr1,149479878,1.796,0.00530918,hom,1
HG02701,VPS45,chr1,150108759,0.848,0.00124922,hom,1
HG02701,RPRD2,chr1,150378781,0.159,0.00062461,hom,1
HG02701,RPRD2,chr1,150379943,1.119,0.0029669,hom,1
HG02701,RPRD2,chr1,150389293,1.088,0.00062461,hom,2
HG02701,RPRD2,chr1,150389307,1.853,0.00062461,hom,2
HG02701,GOLPH3L,chr1,150679005,1.185,0.000780762,hom,1
HG02701,ARNT,chr1,150827318,7.48,0.00124922,hom,1
HG02701,PRUNE1,chr1,151023547,2.484,0.00374766,hom,1
HG02701,GABPB2,chr1,151117581,7.901,0.00234229,hom,1
HG02701,VPS72,chr1,151181464,1.372,0.00187383,hom,1
HG02701,PI4KB,chr1,151308260,10.99,0.00062461,hom,1
HG02701,PI4KB,chr1,151322766,4.444,0.00249844,hom,1
HG02701,CGN,chr1,151528016,0.424,0.00062461,hom,1
HG02701,SNX27,chr1,151612797,13.9,0.000780762,hom,2
HG02701,SNX27,chr1,151649331,1.266,0.00499688,hom,1
HG02701,SNX27,chr1,151691969,1.559,0.00499688,hom,2
HG02701,RIIAD1,chr1,151724900,2.123,0.00187383,hom,1
HG02701,TDRKH,chr1,151777670,15.47,0.00062461,hom,1
HG02701,THEM4,chr1,151873659,4.175,0.00452842,hom,1
HG02701,THEM4,chr1,151884797,3.388,0.000780762,hom,2
HG02701,HRNR,chr1,152213625,2.31,0.000936914,hom,1
HG02701,PGLYRP4,chr1,153331999,1.816,0.00062461,hom,2
HG02701,NUP210L,chr1,154091075,2.14,0.00827608,hom,1
HG02701,TPM3,chr1,154179030,18.79,0.00405996,hom,1
HG02701,UBAP2L,chr1,154231420,2.83,0.00421611,hom,1
HG02701,UBAP2L,chr1,154256130,3.256,0.00421611,hom,1
HG02701,IL6R,chr1,154415460,7.028,0.0032792,hom,2
HG02701,IL6R,chr1,154464656,1.586,0.000936914,hom,1
HG02701,TDRD10,chr1,154538547,8.07,0.000936914,hom,1
HG02701,UBE2Q1,chr1,154552910,3.382,0.000936914,hom,2
HG02701,ADAR,chr1,154589751,9.646,0.000936914,hom,1
HG02701,KCNN3,chr1,154714225,4.71,0.00281074,hom,1
HG02701,KCNN3,chr1,154749564,0.109,0.00343535,hom,2
HG02701,KCNN3,chr1,154778936,1.45,0.000780762,hom,1
HG02701,KCNN3,chr1,154814965,0.069,0.00234229,hom,1
HG02701,KCNN3,chr1,154857373,0.769,0.000780762,hom,1
HG02701,DCST1,chr1,155042121,1.732,0.00062461,hom,2
HG02701,MSTO2P,chr1,155745920,6.558,0.00062461,hom,4
HG02701,GON4L,chr1,155758682,1.723,0.00062461,hom,1
HG02701,SSR2,chr1,156018970,0.845,0.00530918,hom,1
HG02701,LAMTOR2,chr1,156056281,0.882,0.00499688,hom,1
HG02701,LAMTOR2,chr1,156056856,5.723,0.00562149,hom,1
HG02701,RAB25,chr1,156068610,5.244,0.00062461,hom,2
HG02701,LMNA,chr1,156111726,0.246,0.00530918,hom,2
HG02701,PMF1,chr1,156238182,0.285,0.00062461,hom,2
HG02701,IQGAP3,chr1,156553219,9.467,0.00062461,hom,2
HG02701,IQGAP3,chr1,156562686,12.96,0.000312305,het,1
HG02701,BCAN-AS2,chr1,156649734,7.738,0.000780762,hom,1
HG02701,ETV3,chr1,157128297,1.148,0.00156152,hom,2
HG02701,FCRL5,chr1,157519162,0.209,0.00062461,hom,1
HG02701,FCRL5,chr1,157535357,0.256,0.00390381,hom,1
HG02701,FCRL5,chr1,157542586,2.798,0.00390381,hom,1
HG02701,FCRL4,chr1,157588440,1.375,0.00124922,hom,1
HG02701,FCRL3,chr1,157688023,4.992,0.000936914,hom,1
HG02701,FCRL1,chr1,157804961,5.455,0.000312305,het,1
HG02701,CD5L,chr1,157829189,2.307,0.00780762,hom,2
HG02701,LOC105371458,chr1,157929537,2.225,0.0029669,hom,2
HG02701,LOC105371458,chr1,157940224,3.251,0.00530918,hom,1
HG02701,LINC01704,chr1,158138455,0.103,0.00062461,hom,1
HG02701,SEMA4A,chr1,156154444,10.5,0.000468457,hom,5
HG02725,MKNK1,chr1,46564553,0.29,0.00718301,hom,1
HG02725,MKNK1,chr1,46567992,9.73,0.00749532,hom,1
HG02725,MKNK1,chr1,46573969,8.207,0.0095253,hom,2
HG02725,ATPAF1,chr1,46650802,1.616,0.00109307,hom,1
HG02725,ATPAF1,chr1,46652900,5.106,0.00499688,hom,2
HG02725,ATPAF1,chr1,46658930,1.449,0.00499688,hom,1
HG02725,EFCAB14,chr1,46696576,25.6,0.00218613,hom,1
HG02725,EFCAB14,chr1,46718647,8.102,0.00499688,hom,1
HG02725,CYP4Z2P,chr1,46849022,3.031,0.00437227,hom,1
HG02725,CYP4X1,chr1,46963213,1.568,0.00312305,hom,2
HG02725,CYP4X1,chr1,47048870,1.931,0.00452842,hom,1
HG02725,CYP4Z1,chr1,47073645,4.193,0.00452842,het,2
HG02725,CYP4A22,chr1,47149311,5.712,0.00452842,het,1
HG02725,STIL,chr1,47250880,3.168,0.00109307,hom,1
HG02725,CMPK1,chr1,47355753,3.495,0.00452842,hom,1
HG02725,TRABD2B,chr1,47783718,0.604,0.000936914,hom,1
HG02725,TRABD2B,chr1,47786849,3.078,0.000936914,hom,1
HG02725,TRABD2B,chr1,47791590,5.181,0.000936914,hom,1
HG02725,TRABD2B,chr1,47815837,3.003,0.00124922,hom,1
HG02725,TRABD2B,chr1,47845188,6.364,0.000936914,hom,1
HG02725,TRABD2B,chr1,47861239,3.465,0.00124922,hom,1
HG02725,TRABD2B,chr1,47939577,0.018,0.00124922,hom,1
HG02725,TRABD2B,chr1,47964072,14.27,0.00156152,hom,2
HG02725,SLC5A9,chr1,48224925,8.14,0.000936914,hom,1
HG02725,SPATA6,chr1,48325764,13.69,0.000936914,hom,1
HG02725,SPATA6,chr1,48382823,5.375,0.00687071,het,1
HG02725,SPATA6,chr1,48389775,9.626,0.000936914,hom,1
HG02725,SPATA6,chr1,48440473,7.344,0.000936914,hom,1
HG02725,AGBL4,chr1,48551458,11.85,0.00109307,hom,1
HG02725,AGBL4,chr1,48641916,3.323,0.00109307,hom,1
HG02725,AGBL4,chr1,48674457,0.151,0.00124922,hom,2
HG02725,AGBL4,chr1,48685945,2.09,0.00124922,hom,1
HG02725,BEND5,chr1,48746349,12.47,0.00124922,hom,1
HG02725,AGBL4-IT1,chr1,49418560,3.534,0.00109307,hom,1
HG02725,AGBL4-IT1,chr1,49454258,4.351,0.00156152,hom,1
HG02725,ELAVL4,chr1,50102058,1.777,0.00124922,hom,2
HG02725,ELAVL4,chr1,50110349,18.16,0.00124922,hom,1
HG02725,FAF1,chr1,50447716,0.695,0.0062461,hom,1
HG02725,FAF1,chr1,50769461,12.04,0.000780762,hom,2
HG02725,FAF1,chr1,50926536,2.689,0.000780762,hom,1
HG02725,TTC39A,chr1,51294553,1.246,0.00187383,hom,1
HG02725,EPS15,chr1,51354286,12.47,0.00499688,hom,1
HG02725,EPS15,chr1,51372248,7.775,0.00171768,hom,2
HG02725,EPS15,chr1,51421406,3.811,0.00499688,hom,2
HG02725,EPS15,chr1,51430006,5.204,0.00171768,hom,2
HG02725,EPS15,chr1,51475032,0.36,0.00109307,hom,1
HG02725,NRDC,chr1,51789881,8.916,0.000780762,hom,2
HG02725,RAB3B,chr1,51943205,1.245,0.00124922,hom,1
HG02725,RAB3B,chr1,51973535,8.464,0.00171768,hom,2
HG02725,RAB3B,chr1,51975819,2.607,0.00109307,hom,2
HG02725,RAB3B,chr1,51987459,2.434,0.00171768,hom,1
HG02725,BTF3L4,chr1,52062673,12.98,0.00171768,hom,1
HG02725,ZFYVE9,chr1,52171387,3.092,0.00921299,hom,1
HG02725,ZFYVE9,chr1,52176794,3.39,0.00171768,hom,2
HG02725,ZFYVE9,chr1,52199205,4.359,0.00905684,hom,1
HG02725,ZFYVE9,chr1,52216971,1.433,0.00171768,hom,1
HG02725,ZFYVE9,chr1,52228270,1.431,0.00109307,hom,1
HG02725,ZFYVE9,chr1,52245832,1.261,0.00124922,hom,1
HG02725,ZFYVE9,chr1,52247614,2.153,0.00171768,hom,1
HG02725,ZFYVE9,chr1,52253568,11.14,0.000936914,hom,2
HG02725,ZFYVE9,chr1,52334080,0.412,0.00202998,hom,1
HG02725,CC2D1B,chr1,52350800,0.415,0.00171768,hom,1
HG02725,CC2D1B,chr1,52354075,0.307,0.00202998,hom,2
HG02725,CC2D1B,chr1,52359418,8.114,0.000312305,het,1
HG02725,TUT4,chr1,52442058,2.0,0.00171768,hom,1
HG02725,TUT4,chr1,52464933,2.063,0.00890069,hom,1
HG02725,ZYG11B,chr1,52743798,2.462,0.00187383,hom,1
HG02725,ZYG11A,chr1,52851842,0.03,0.00171768,hom,1
HG02725,ZYG11A,chr1,52867376,2.266,0.000780762,hom,2
HG02725,ECHDC2,chr1,52903155,7.332,0.00671455,hom,1
HG02725,SLC1A7,chr1,53108546,0.584,0.000780762,hom,1
HG02725,SLC1A7,chr1,53127197,0.253,0.00858838,hom,1
HG02725,SLC1A7,chr1,53134889,3.937,0.000936914,hom,2
HG02725,SLC1A7,chr1,53140377,2.962,0.00140537,hom,1
HG02725,DMRTB1,chr1,53467395,4.664,0.00109307,hom,1
HG02725,GLIS1,chr1,53536142,4.817,0.000780762,hom,1
HG02725,GLIS1,chr1,53556452,4.558,0.00187383,het,1
HG02725,GLIS1,chr1,53654189,0.644,0.00390381,hom,2
HG02725,GLIS1,chr1,53666297,7.927,0.00405996,hom,1
HG02725,GLIS1,chr1,53688688,1.82,0.00156152,hom,2
HG02725,GLIS1,chr1,53697209,8.698,0.00156152,hom,1
HG02725,GLIS1,chr1,53710670,1.144,0.00140537,hom,2
HG02725,NDC1,chr1,53801763,6.9,0.00140537,hom,1
HG02725,LRRC42,chr1,53960632,8.212,0.00249844,hom,1
HG02725,FOXE3,chr1,47417362,26.2,0.00140537,hom,5
HG03022,PAPPA2,chr1,176662051,0.541,0.000780762,hom,1
HG03022,PAPPA2,chr1,176667544,3.912,0.00312305,hom,1
HG03022,PAPPA2,chr1,176689510,12.61,0.000936914,hom,1
HG03022,PAPPA2,chr1,176692006,2.358,0.00312305,hom,1
HG03022,PAPPA2,chr1,176725604,5.717,0.0098376,hom,1
HG03022,PAPPA2,chr1,176843918,21.4,0.00687071,hom,2
HG03022,ASTN1,chr1,176975087,0.161,0.00452842,hom,1
HG03022,RASAL2,chr1,178263932,6.603,0.00140537,hom,1
HG03022,RASAL2,chr1,178465747,3.426,0.00562149,hom,1
HG03022,RALGPS2,chr1,178757358,3.233,0.000312305,hom,1
HG03022,RALGPS2,chr1,178769713,4.032,0.00202998,hom,1
HG03022,RALGPS2,chr1,178825422,7.342,0.00140537,hom,1
HG03022,ANGPTL1,chr1,178850915,11.36,0.00202998,hom,1
HG03022,FAM20B,chr1,179040532,6.037,0.00499688,het,1
HG03022,FAM20B,chr1,179040534,5.366,0.00374766,het,2
HG03022,ABL2,chr1,179130422,13.32,0.000312305,hom,1
HG03022,ABL2,chr1,179139039,5.302,0.000312305,hom,1
HG03022,SOAT1,chr1,179315471,0.3,0.00608994,hom,1
HG03022,SOAT1,chr1,179334696,1.093,0.00577764,hom,1
HG03022,AXDND1,chr1,179393148,2.027,0.000780762,hom,1
HG03022,AXDND1,chr1,179517958,6.101,0.00452842,hom,1
HG03022,CEP350,chr1,179997329,6.757,0.00218613,hom,2
HG03022,CEP350,chr1,180036095,2.465,0.00843223,hom,1
HG03022,CEP350,chr1,180056451,3.198,0.00921299,het,1
HG03022,QSOX1,chr1,180169013,1.772,0.00109307,hom,1
HG03022,QSOX1,chr1,180175204,0.046,0.00109307,hom,1
HG03022,QSOX1,chr1,180192680,0.129,0.00156152,hom,2
HG03022,LHX4,chr1,180267469,3.209,0.000780762,hom,2
HG03022,LHX4-AS1,chr1,180272821,0.133,0.000936914,hom,1
HG03022,ACBD6,chr1,180301351,1.061,0.000936914,hom,1
HG03022,ACBD6,chr1,180322703,12.15,0.00281074,hom,1
HG03022,ACBD6,chr1,180333950,4.899,0.000780762,hom,1
HG03022,ACBD6,chr1,180410713,2.525,0.000780762,hom,1
HG03022,ACBD6,chr1,180436413,2.157,0.000780762,hom,1
HG03022,OVAAL,chr1,180563558,1.604,0.00515303,hom,2
HG03022,XPR1,chr1,180652630,7.77,0.000780762,hom,1
HG03022,XPR1,chr1,180655121,0.542,0.000780762,hom,1
HG03022,XPR1,chr1,180655737,2.899,0.000780762,hom,1
HG03022,XPR1,chr1,180670511,1.51,0.000312305,hom,1
HG03022,XPR1,chr1,180680982,6.645,0.000780762,hom,1
HG03022,XPR1,chr1,180685034,1.349,0.00234229,hom,1
HG03022,XPR1,chr1,180702376,3.893,0.000780762,hom,1
HG03022,XPR1,chr1,180705292,9.446,0.000780762,hom,1
HG03022,XPR1,chr1,180883707,3.645,0.00437227,het,1
HG03022,STX6,chr1,181020002,2.154,0.000780762,hom,1
HG03022,MR1,chr1,181040471,5.547,0.00202998,hom,1
HG03022,CACNA1E,chr1,181568276,1.217,0.00249844,hom,1
HG03022,CACNA1E,chr1,181650735,1.799,0.00140537,hom,1
HG03022,CACNA1E,chr1,181664061,6.484,0.00187383,hom,1
HG03022,CACNA1E,chr1,181665037,0.588,0.00187383,hom,1
HG03022,CACNA1E,chr1,181762537,0.387,0.00202998,hom,1
HG03022,LINC01344,chr1,182272133,1.673,0.00968145,hom,1
HG03022,RGSL1,chr1,182526003,2.128,0.00156152,hom,1
HG03022,SHCBP1L,chr1,182930735,1.548,0.00780762,hom,1
HG03022,LAMC1,chr1,183078310,1.132,0.000312305,hom,2
HG03022,LAMC1,chr1,183086483,7.064,0.00718301,hom,1
HG03022,NMNAT2,chr1,183253905,0.584,0.0098376,hom,1
HG03022,NMNAT2,chr1,183268005,4.962,0.000312305,hom,2
HG03022,NMNAT2,chr1,183317178,2.793,0.000312305,hom,1
HG03022,SMG7-AS1,chr1,183471662,7.053,0.00468457,hom,2
HG03022,SMG7,chr1,183526279,0.303,0.000312305,hom,1
HG03022,NCF2,chr1,183579766,3.744,0.00421611,hom,1
HG03022,COLGALT2,chr1,183947847,2.737,0.000312305,hom,1
HG03022,C1orf21,chr1,184596896,0.438,0.00062461,hom,1
HG03022,EDEM3,chr1,184718117,2.811,0.00999375,hom,1
HG03022,EDEM3,chr1,184718446,13.71,0.000312305,hom,1
HG03022,NIBAN1,chr1,184859357,0.032,0.000312305,hom,1
HG03022,RNF2,chr1,185056174,0.612,0.00202998,hom,1
HG03022,RNF2,chr1,185096561,1.038,0.00140537,hom,2
HG03022,TRMT1L,chr1,185146301,0.16,0.00515303,hom,1
HG03022,SWT1,chr1,185205424,6.669,0.00218613,hom,1
HG03022,SWT1,chr1,185252304,7.255,0.000312305,hom,1
HG03022,SWT1,chr1,185274836,1.864,0.000312305,hom,1
HG03022,SWT1,chr1,185275428,0.649,0.000780762,hom,1
HG03022,IVNS1ABP,chr1,185306360,3.274,0.000780762,hom,1
HG03022,HMCN1,chr1,185734587,10.86,0.000312305,hom,1
HG03022,HMCN1,chr1,185788971,2.511,0.000312305,hom,1
HG03022,HMCN1,chr1,185809357,1.303,0.000312305,hom,2
HG03022,HMCN1,chr1,185868807,0.472,0.000312305,hom,1
HG03022,HMCN1,chr1,185891625,2.997,0.000312305,hom,1
HG03022,HMCN1,chr1,185926434,1.08,0.00562149,hom,1
HG03022,HMCN1,chr1,185945681,5.244,0.00249844,hom,1
HG03022,HMCN1,chr1,186034380,12.42,0.000780762,hom,1
HG03022,HMCN1,chr1,186068868,0.605,0.00874454,het,1
HG03022,HMCN1,chr1,186154090,4.58,0.000312305,hom,1
HG03022,ODR4,chr1,186396108,6.178,0.000312305,hom,1
HG03022,PLA2G4A,chr1,186828996,3.442,0.00843223,hom,1
HG03022,PLA2G4A,chr1,186843373,1.632,0.00171768,hom,2
HG03022,PLA2G4A,chr1,186867473,1.925,0.000312305,hom,1
HG03022,LINC01036,chr1,187175162,6.534,0.0065584,hom,1
HG03022,LINC01036,chr1,187247372,2.324,0.00202998,hom,1
HG03022,LINC01036,chr1,187282485,4.608,0.00687071,hom,1
HG03022,LINC01036,chr1,187349526,5.493,0.00109307,het,1
HG03022,LINC01035,chr1,188979552,5.249,0.00405996,hom,1
HG03022,BRINP3,chr1,190471651,0.712,0.000312305,hom,1
HG03022,LINC02770,chr1,191787228,0.031,0.000312305,hom,2
HG03022,LINC02770,chr1,191842014,0.688,0.000312305,hom,1
HG03022,LINC02770,chr1,191935633,2.808,0.00405996,hom,1
HG03022,LINC02770,chr1,191938764,0.363,0.00421611,hom,1
HG03022,LINC02770,chr1,191958109,1.407,0.000312305,hom,1
HG03022,LINC02770,chr1,192010016,2.218,0.000312305,hom,2
HG03022,RGS18,chr1,192166679,0.158,0.00968145,hom,2
HG03022,RGS18,chr1,192179946,3.77,0.00140537,hom,1
HG03022,RGS21,chr1,192345549,0.543,0.000312305,hom,1
HG03022,RO60,chr1,193090189,4.269,0.00437227,hom,1
HG03022,CDC73,chr1,193129235,1.369,0.000312305,hom,1
HG03022,B3GALT2,chr1,193182754,3.723,0.00421611,hom,1
HG03022,LINC01031,chr1,193353846,1.87,0.000312305,hom,1
HG03022,KCNT2,chr1,196272658,4.154,0.000780762,hom,1
HG03022,KCNT2,chr1,196299947,3.68,0.00109307,hom,1
HG03022,KCNT2,chr1,196331990,0.68,0.000780762,hom,1
HG03022,KCNT2,chr1,196563251,4.054,0.000312305,hom,1
HG03022,KCNT2,chr1,196608224,20.3,0.00437227,hom,1
HG03022,ASPM,chr1,197087652,3.546,0.000312305,hom,1
HG03022,ASPM,chr1,197113823,5.747,0.000312305,hom,1
HG03022,DENND1B,chr1,197564567,1.944,0.00281074,hom,1
HG03022,DENND1B,chr1,197565728,2.142,0.00687071,hom,1
HG03022,DENND1B,chr1,197609611,5.255,0.00718301,hom,1
HG03022,DENND1B,chr1,197611551,0.138,0.00312305,hom,1
HG03022,DENND1B,chr1,197628178,1.948,0.00312305,hom,1
HG03022,DENND1B,chr1,197733067,0.426,0.00281074,hom,1
HG03022,DENND1B,chr1,197741576,5.852,0.0029669,hom,1
HG03022,LHX9,chr1,197921693,0.042,0.000312305,hom,1
HG03022,NEK7,chr1,198239367,0.91,0.00218613,hom,1
HG03022,NEK7,chr1,198239498,1.089,0.00156152,hom,1
HG03022,NEK7,chr1,198240032,3.668,0.00218613,hom,1
HG03022,NEK7,chr1,198255124,11.74,0.000936914,hom,1
HG03022,PTPRC,chr1,198651112,3.564,0.00265459,hom,2
HG03022,MIR181A1HG,chr1,198853174,6.063,0.000312305,hom,1
HG03022,LINC01221,chr1,199052097,0.29,0.00562149,hom,1
HG03022,LINC02789,chr1,199152554,12.06,0.000468457,hom,2
HG03022,LINC02789,chr1,199160793,0.027,0.0032792,hom,1
HG03022,LINC02789,chr1,199207745,5.331,0.00312305,hom,1
HG03022,LINC02789,chr1,199320067,1.465,0.00062461,hom,1
HG03022,LINC02789,chr1,199326912,1.547,0.000468457,hom,1
HG03022,LINC02789,chr1,199337781,9.46,0.000312305,hom,2
HG03022,NR5A2,chr1,200145529,2.796,0.000936914,hom,2
HG03022,KIF14,chr1,200569299,0.658,0.000312305,hom,1
HG03022,DDX59,chr1,200660344,2.909,0.000312305,hom,2
HG03022,INAVA,chr1,200910643,3.647,0.000312305,hom,1
HG03022,MROH3P,chr1,200957252,0.786,0.000312305,hom,1
HG03022,KIF21B,chr1,200981103,1.317,0.00062461,hom,4
HG03022,CACNA1S,chr1,201057324,0.473,0.000312305,hom,1
HG03022,CACNA1S,chr1,201066577,3.205,0.00281074,hom,1
HG03022,CACNA1S,chr1,201081432,3.129,0.00234229,hom,1
HG03022,CACNA1S,chr1,201088774,0.009,0.000312305,hom,1
HG03022,CACNA1S,chr1,201088970,4.257,0.00234229,hom,2
HG03022,PKP1,chr1,201287453,2.146,0.00234229,hom,1
HG03022,TNNT2,chr1,201367438,1.859,0.00234229,hom,1
HG03022,TNNI1,chr1,201404684,7.823,0.00796377,hom,2
HG03022,NAV1,chr1,201597105,0.365,0.00187383,hom,1
HG03022,NAV1,chr1,201599852,12.79,0.00109307,hom,2
HG03022,NAV1,chr1,201606393,2.951,0.00109307,hom,1
HG03022,NAV1,chr1,201679863,1.504,0.00109307,hom,1
HG03022,LMOD1,chr1,201924379,1.679,0.0062461,hom,1
HG03022,PTPN7,chr1,202148287,1.126,0.00343535,hom,2
HG03022,CRB1,chr1,197243403,9.308,0.00187383,hom,5
HG03237,LOC100288069,chr1,740180,0.359,0.00405996,hom,1
HG03237,LOC100288069,chr1,753220,4.782,0.00202998,het,1
HG03237,LINC01409,chr1,790649,6.6,0.00530918,het,1
HG03237,LINC01409,chr1,800750,0.543,0.00218613,hom,1
HG03237,LINC01128,chr1,835185,5.39,0.00218613,het,1
HG03237,LINC01128,chr1,836626,1.18,0.00374766,hom,1
HG03237,NOC2L,chr1,955486,4.89,0.00218613,hom,1
HG03237,HES4,chr1,999657,2.833,0.00187383,hom,2
HG03237,AGRN,chr1,1020239,12.31,0.00843223,hom,2
HG03237,AGRN,chr1,1021087,0.961,0.00843223,hom,2
HG03237,AGRN,chr1,1021213,15.11,0.00843223,hom,2
HG03237,AGRN,chr1,1035771,3.243,0.000468457,hom,1
HG03237,AGRN,chr1,1048767,3.462,0.00702686,het,1
HG03237,LOC100288175,chr1,1063748,3.463,0.00374766,hom,2
HG03237,TTLL10,chr1,1186950,2.44,0.000468457,hom,1
HG03237,LINC01786,chr1,1276774,0.218,0.000468457,hom,2
HG03237,SCNN1D,chr1,1290217,6.467,0.00405996,hom,1
HG03237,SSU72,chr1,1562407,0.45,0.00405996,hom,1
HG03237,LOC105378586,chr1,1605937,0.904,0.0032792,het,2
HG03237,LOC105378586,chr1,1605939,0.147,0.00546533,het,2
HG03237,LOC105378586,chr1,1605953,1.025,0.00765147,het,2
HG03237,LOC105378586,chr1,1605957,1.638,0.00156152,het,2
HG03237,LOC105378586,chr1,1605959,0.786,0.00124922,het,2
HG03237,LOC105378586,chr1,1606157,0.995,0.00202998,het,2
HG03237,MMP23B,chr1,1634411,3.26,0.00109307,het,2
HG03237,SLC35E2B,chr1,1690750,4.472,0.000468457,hom,1
HG03237,CDK11A,chr1,1717056,0.608,0.00124922,hom,1
HG03237,SLC35E2A,chr1,1733874,3.182,0.00109307,hom,1
HG03237,SLC35E2A,chr1,1740183,4.297,0.00109307,hom,2
HG03237,SLC35E2A,chr1,1744025,4.464,0.00062461,het,1
HG03237,GNB1,chr1,1810535,6.588,0.00921299,het,1
HG03237,GNB1,chr1,1834321,1.773,0.00109307,hom,2
HG03237,GNB1,chr1,1847748,0.29,0.00109307,hom,1
HG03237,GNB1,chr1,1864452,6.074,0.00109307,hom,1
HG03237,CALML6,chr1,1916513,23.0,0.00109307,hom,1
HG03237,CFAP74,chr1,1929435,2.795,0.000468457,hom,1
HG03237,CFAP74,chr1,1943988,4.421,0.000468457,hom,1
HG03237,CFAP74,chr1,1996218,5.063,0.00124922,hom,1
HG03237,PRKCZ,chr1,2062084,3.126,0.000780762,hom,1
HG03237,PRKCZ,chr1,2082183,5.224,0.000780762,hom,1
HG03237,SKI,chr1,2248545,7.975,0.000468457,hom,1
HG03237,SKI,chr1,2249328,0.719,0.000468457,hom,1
HG03237,MORN1,chr1,2330146,1.146,0.000780762,hom,2
HG03237,PEX10,chr1,2406576,22.5,0.00843223,hom,2
HG03237,TNFRSF14-AS1,chr1,2553234,0.716,0.00999375,hom,2
HG03237,PRXL2B,chr1,2587992,1.754,0.000936914,hom,2
HG03237,PRDM16-DT,chr1,3063618,4.115,0.00593379,hom,1
HG03237,PRDM16,chr1,3097674,0.776,0.00359151,hom,1
HG03237,PRDM16,chr1,3098037,0.873,0.00187383,hom,1
HG03237,PRDM16,chr1,3109985,0.195,0.0062461,het,1
HG03237,PRDM16,chr1,3125049,6.076,0.00124922,hom,1
HG03237,ARHGEF16,chr1,3462658,0.151,0.00921299,hom,1
HG03237,ARHGEF16,chr1,3477122,0.077,0.000468457,hom,1
HG03237,WRAP73,chr1,3635897,0.131,0.00234229,hom,1
HG03237,TP73-AS3,chr1,3666799,0.565,0.000936914,hom,1
HG03237,CCDC27,chr1,3766220,1.998,0.000780762,hom,1
HG03237,LRRC47,chr1,3780782,3.366,0.00718301,hom,2
HG03237,LRRC47,chr1,3792979,10.41,0.000780762,hom,1
HG03237,CEP104,chr1,3830483,4.706,0.000780762,hom,1
HG03237,DFFB,chr1,3858889,1.114,0.000780762,hom,2
HG03237,DFFB,chr1,3870944,6.496,0.000780762,hom,1
HG03237,DFFB,chr1,3878432,0.904,0.000780762,hom,1
HG03237,LINC02780,chr1,4012390,3.435,0.000468457,hom,2
HG03237,AJAP1,chr1,4655398,19.78,0.000936914,hom,1
HG03237,AJAP1,chr1,4691411,0.769,0.00281074,hom,1
HG03237,AJAP1,chr1,4781367,4.094,0.00202998,hom,1
HG03237,INTS11,chr1,1318863,9.546,0.00124922,hom,5
HG03491,KCNT2,chr1,196277421,0.443,0.000936914,hom,1
HG03491,KCNT2,chr1,196393224,3.359,0.00312305,hom,1
HG03491,KCNT2,chr1,196435721,0.531,0.0029669,hom,1
HG03491,KCNT2,chr1,196452163,0.605,0.000780762,hom,1
HG03491,KCNT2,chr1,196487448,0.734,0.00733916,hom,1
HG03491,KCNT2,chr1,196519750,0.283,0.000780762,hom,1
HG03491,KCNT2,chr1,196522594,2.576,0.00281074,hom,1
HG03491,KCNT2,chr1,196582802,3.471,0.00265459,hom,2
HG03491,ASPM,chr1,197086255,1.663,0.000780762,hom,1
HG03491,ASPM,chr1,197121559,0.249,0.000780762,hom,1
HG03491,ZBTB41,chr1,197157810,1.292,0.000780762,hom,1
HG03491,DENND1B,chr1,197522839,4.924,0.00437227,hom,1
HG03491,DENND1B,chr1,197523928,0.274,0.00687071,hom,1
HG03491,DENND1B,chr1,197580581,7.859,0.000468457,hom,1
HG03491,DENND1B,chr1,197672944,0.029,0.000468457,hom,1
HG03491,NEK7,chr1,198157265,16.52,0.000780762,hom,2
HG03491,NEK7,chr1,198204748,0.559,0.00109307,hom,1
HG03491,NEK7,chr1,198234042,1.467,0.000936914,hom,1
HG03491,NEK7,chr1,198240005,5.437,0.00109307,hom,1
HG03491,NEK7,chr1,198308981,0.228,0.00109307,hom,1
HG03491,MIR181A1HG,chr1,198816697,2.728,0.00156152,hom,1
HG03491,MIR181A1HG,chr1,198850641,1.571,0.00156152,hom,1
HG03491,LINC01222,chr1,199007243,8.466,0.00156152,hom,2
HG03491,LINC02789,chr1,199152510,2.037,0.00171768,hom,1
HG03491,CRB1,chr1,197460261,13.11,0.00187383,hom,5
HG03625,LOC101926964,chr1,60806627,9.533,0.00811992,hom,1
HG03625,LOC101926964,chr1,60809229,2.351,0.000468457,hom,1
HG03625,NFIA-AS2,chr1,60946970,0.773,0.000468457,hom,1
HG03625,NFIA-AS2,chr1,60962158,1.986,0.000468457,hom,2
HG03625,NFIA,chr1,61152172,20.3,0.00499688,hom,1
HG03625,NFIA,chr1,61162583,0.009,0.00577764,hom,1
HG03625,NFIA,chr1,61244827,0.225,0.0032792,hom,2
HG03625,NFIA-AS1,chr1,61250523,1.255,0.00062461,hom,1
HG03625,NFIA-AS1,chr1,61252133,0.005,0.0032792,hom,1
HG03625,PATJ,chr1,61790853,6.838,0.000780762,hom,1
HG03625,PATJ,chr1,61800315,3.0,0.000780762,hom,1
HG03625,L1TD1,chr1,62208007,3.238,0.000468457,hom,2
HG03625,KANK4,chr1,62243335,3.359,0.00109307,hom,1
HG03625,USP1,chr1,62450561,6.885,0.000468457,hom,2
HG03625,USP1,chr1,62450935,25.4,0.000468457,hom,1
HG03625,DOCK7,chr1,62462538,3.82,0.000468457,hom,1
HG03625,DOCK7,chr1,62505385,8.712,0.000468457,hom,1
HG03625,DOCK7,chr1,62524492,8.656,0.00484072,hom,1
HG03625,DOCK7,chr1,62580339,2.341,0.000468457,hom,1
HG03625,LINC01739,chr1,63002078,0.037,0.000468457,hom,1
HG03625,LINC01739,chr1,63009424,5.535,0.000468457,hom,1
HG03625,LINC00466,chr1,63254400,7.916,0.00109307,hom,2
HG03625,FOXD3,chr1,63324082,19.56,0.00109307,hom,1
HG03625,ITGB3BP,chr1,63473383,6.763,0.00577764,hom,1
HG03625,PGM1,chr1,63635533,6.999,0.000468457,hom,1
HG03625,ROR1,chr1,63838029,0.802,0.00437227,hom,1
HG03625,ROR1,chr1,63918488,0.284,0.00484072,hom,1
HG03625,ROR1,chr1,63920092,5.646,0.00811992,hom,1
HG03625,ROR1,chr1,63938002,2.597,0.00811992,hom,2
HG03625,ROR1,chr1,63955900,0.537,0.00499688,hom,1
HG03625,UBE2U,chr1,64239074,0.146,0.00202998,hom,1
HG03625,UBE2U,chr1,64264977,0.276,0.000468457,hom,1
HG03625,UBE2U,chr1,64266664,0.908,0.00499688,hom,1
HG03625,CACHD1,chr1,64473101,14.36,0.000468457,hom,1
HG03625,CACHD1,chr1,64494030,1.496,0.000468457,hom,1
HG03625,CACHD1,chr1,64570814,4.753,0.00780762,hom,2
HG03625,JAK1,chr1,64851315,0.906,0.00265459,hom,1
HG03625,JAK1,chr1,64856581,1.209,0.000468457,hom,1
HG03625,JAK1,chr1,64885961,2.555,0.00218613,hom,1
HG03625,JAK1,chr1,64889030,1.011,0.00234229,hom,1
HG03625,JAK1,chr1,64900079,0.397,0.000468457,hom,1
HG03625,JAK1,chr1,64931834,3.878,0.00187383,hom,1
HG03625,JAK1,chr1,64979506,0.835,0.00156152,hom,1
HG03625,AK4,chr1,65172105,6.044,0.0062461,het,1
HG03625,AK4,chr1,65231110,4.975,0.00608994,hom,2
HG03625,DNAJC6,chr1,65293496,0.623,0.00109307,hom,2
HG03625,DNAJC6,chr1,65343107,2.867,0.000468457,hom,1
HG03625,DNAJC6,chr1,65368469,2.028,0.00234229,hom,1
HG03625,PDE4B,chr1,65812439,3.5,0.000468457,hom,1
HG03625,PDE4B,chr1,65832147,4.177,0.00234229,hom,1
HG03625,PDE4B,chr1,65895045,0.417,0.00062461,hom,1
HG03625,PDE4B,chr1,65982631,2.178,0.000780762,hom,1
HG03625,PDE4B,chr1,65992295,5.423,0.00124922,hom,2
HG03625,SGIP1,chr1,66623181,6.88,0.00405996,hom,1
HG03625,DNAI4,chr1,66834483,4.662,0.00452842,hom,1
HG03625,C1orf141,chr1,67106395,1.821,0.000936914,hom,2
HG03625,IL23R,chr1,67234552,2.185,0.000780762,hom,2
HG03625,IL23R,chr1,67251451,0.995,0.00562149,het,1
HG03625,IL12RB2,chr1,67387700,0.97,0.00905684,het,1
HG03625,SERBP1,chr1,67407824,3.84,0.000468457,hom,2
HG03625,GNG12,chr1,67702184,2.31,0.00843223,hom,1
HG03625,GNG12,chr1,67709839,2.631,0.00905684,hom,1
HG03625,GNG12,chr1,67744083,0.033,0.00921299,hom,2
HG03625,GNG12,chr1,67751213,1.96,0.00843223,hom,1
HG03625,GNG12,chr1,67784389,0.748,0.00171768,hom,1
HG03625,GNG12,chr1,67804726,0.915,0.00156152,hom,2
HG03625,GNG12,chr1,67814380,1.398,0.00874454,hom,1
HG03625,GNG12-AS1,chr1,67932175,5.383,0.00749532,hom,1
HG03625,GNG12-AS1,chr1,67950839,7.952,0.000468457,hom,1
HG03625,GNG12-AS1,chr1,68026914,2.214,0.000468457,hom,1
HG03625,GNG12-AS1,chr1,68042210,1.226,0.00156152,hom,2
HG03625,DEPDC1-AS1,chr1,68497047,0.992,0.000468457,hom,2
HG03625,LINC01707,chr1,69075193,3.569,0.00359151,hom,1
HG03625,LINC01707,chr1,69114606,5.142,0.00405996,hom,1
HG03625,LINC01707,chr1,69182191,4.16,0.00405996,hom,1
HG03625,LRRC7,chr1,69581857,1.444,0.00421611,hom,1
HG03625,LRRC7,chr1,69621020,9.546,0.000468457,hom,1
HG03625,LRRC7,chr1,69631589,1.213,0.000468457,hom,1
HG03625,LRRC7,chr1,69668773,1.992,0.000468457,hom,1
HG03625,LRRC7,chr1,69683580,0.344,0.000468457,hom,1
HG03625,LRRC7,chr1,69688373,4.154,0.000468457,hom,1
HG03625,LRRC7,chr1,69772524,2.53,0.00671455,hom,1
HG03625,LRRC7,chr1,69824271,0.675,0.0095253,hom,1
HG03625,LRRC7,chr1,69854466,2.869,0.00827608,hom,1
HG03625,LRRC7,chr1,69899805,0.581,0.00999375,hom,1
HG03625,LRRC40,chr1,70188689,0.495,0.0098376,hom,1
HG03625,ANKRD13C,chr1,70280188,16.75,0.00936914,hom,1
HG03625,ANKRD13C,chr1,70350263,1.656,0.00249844,hom,2
HG03625,LINC01788,chr1,70724162,12.11,0.000468457,hom,1
HG03625,PTGER3,chr1,70855498,0.35,0.000468457,hom,1
HG03625,ZRANB2-DT,chr1,71136175,1.503,0.00499688,het,1
HG03625,ZRANB2-DT,chr1,71201395,0.81,0.00140537,hom,1
HG03625,NEGR1,chr1,71605480,0.07,0.00109307,hom,1
HG03625,NEGR1,chr1,71738752,3.108,0.000468457,hom,2
HG03625,LOC105378798,chr1,72718591,0.105,0.00171768,hom,1
HG03625,LOC105378798,chr1,72719641,2.83,0.00733916,hom,2
HG03625,LRRIQ3,chr1,74054875,4.39,0.0098376,hom,1
HG03625,LRRIQ3,chr1,74135989,0.325,0.00749532,hom,1
HG03625,TNNI3K,chr1,74257524,0.746,0.000468457,hom,1
HG03625,TNNI3K,chr1,74270394,0.251,0.000468457,hom,1
HG03625,TNNI3K,chr1,74330077,0.229,0.00374766,hom,1
HG03625,TNNI3K,chr1,74449525,1.351,0.00390381,hom,1
HG03625,LRRC53,chr1,74469628,0.885,0.00281074,hom,2
HG03625,LRRC53,chr1,74503257,7.02,0.00968145,hom,1
HG03625,ERICH3-AS1,chr1,74588222,0.374,0.000468457,hom,1
HG03625,LHX8,chr1,75144479,1.029,0.000468457,hom,1
HG03625,LHX8,chr1,75151270,3.74,0.00452842,hom,1
HG03625,SLC44A5,chr1,75289968,0.512,0.000468457,hom,1
HG03625,SLC44A5,chr1,75314397,0.65,0.000468457,hom,1
HG03625,MSH4,chr1,75894281,12.63,0.000468457,hom,1
HG03625,MSH4,chr1,75906748,6.626,0.000468457,hom,1
HG03625,ST6GALNAC3,chr1,76094398,3.845,0.000936914,hom,1
HG03625,ST6GALNAC3,chr1,76116654,1.608,0.000468457,hom,1
HG03625,ST6GALNAC3,chr1,76117142,4.455,0.000468457,hom,1
HG03625,ST6GALNAC3,chr1,76169780,0.281,0.00062461,hom,1
HG03625,ST6GALNAC3,chr1,76189375,1.936,0.000468457,hom,1
HG03625,ST6GALNAC3,chr1,76310058,2.172,0.000468457,hom,1
HG03625,ST6GALNAC3,chr1,76619380,4.291,0.00312305,hom,1
HG03625,ST6GALNAC5,chr1,76948471,0.277,0.00281074,hom,1
HG03625,ST6GALNAC5,chr1,76956405,4.662,0.00265459,hom,1
HG03625,ST6GALNAC5,chr1,76976132,1.618,0.00265459,hom,1
HG03625,ST6GALNAC5,chr1,77016700,3.042,0.00265459,hom,1
HG03625,PIGK,chr1,77100160,0.294,0.00218613,hom,1
HG03625,AK5,chr1,77346651,1.688,0.00156152,hom,1
HG03625,AK5,chr1,77441458,10.64,0.00140537,hom,2
HG03625,AK5,chr1,77473586,10.79,0.00109307,hom,2
HG03625,ZZZ3,chr1,77600274,1.643,0.000468457,hom,1
HG03625,ZZZ3,chr1,77635705,1.282,0.000468457,hom,1
HG03625,USP33,chr1,77731079,3.61,0.000468457,hom,1
HG03625,USP33,chr1,77742549,11.6,0.00124922,hom,2
HG03625,GIPC2,chr1,78092845,13.53,0.00202998,hom,2
HG03625,MGC27382,chr1,78264357,3.353,0.00062461,hom,1
HG03625,MGC27382,chr1,78359293,2.714,0.000468457,hom,1
HG03625,IFI44L,chr1,78630829,3.508,0.00156152,hom,1
HG03625,IFI44L,chr1,78641143,1.448,0.000468457,hom,1
HG03625,ADGRL4,chr1,78902293,0.464,0.000468457,hom,1
HG03625,ADGRL4,chr1,78945164,5.858,0.0032792,het,1
HG03625,LINC01781,chr1,80569262,2.601,0.00530918,hom,1
HG03625,LINC01781,chr1,80628044,4.023,0.000312305,het,1
HG03625,ADGRL2,chr1,81425689,6.988,0.000468457,hom,2
HG03625,ADGRL2,chr1,81445046,12.44,0.000468457,hom,1
HG03625,MED28P8,chr1,81555469,5.083,0.00109307,hom,1
HG03625,LINC01362,chr1,82940212,2.904,0.000468457,hom,1
HG03625,LINC01362,chr1,82970807,0.301,0.00281074,hom,2
HG03625,LINC01725,chr1,83686788,0.893,0.00171768,hom,1
HG03625,LINC01725,chr1,83746311,1.426,0.000468457,hom,1
HG03625,PRKACB,chr1,84082823,0.886,0.000468457,hom,2
HG03625,PRKACB,chr1,84105777,4.063,0.0032792,hom,1
HG03625,PRKACB,chr1,84229922,0.529,0.000468457,hom,1
HG03625,SAMD13,chr1,84347018,5.232,0.0029669,hom,1
HG03625,SPATA1,chr1,84512070,2.113,0.000780762,hom,1
HG03625,LPAR3,chr1,84871920,2.14,0.00702686,hom,1
HG03625,MCOLN2,chr1,84979922,3.193,0.000468457,hom,1
HG03625,SYDE2,chr1,85195032,0.749,0.00421611,hom,1
HG03625,DDAH1,chr1,85365008,5.27,0.00249844,hom,1
HG03625,DDAH1,chr1,85390426,1.596,0.00312305,hom,1
HG03625,DDAH1,chr1,85401436,12.54,0.00249844,hom,1
HG03625,DDAH1,chr1,85439705,0.36,0.00312305,hom,1
HG03625,DDAH1,chr1,85450350,8.256,0.0032792,hom,1
HG03625,DDAH1,chr1,85509211,2.596,0.00530918,hom,1
HG03625,DDAH1,chr1,85546194,0.165,0.00499688,hom,1
HG03625,ZNHIT6,chr1,85672729,5.379,0.000780762,hom,1
HG03625,ZNHIT6,chr1,85679802,1.593,0.00140537,hom,1
HG03625,COL24A1,chr1,85759529,0.285,0.0029669,hom,1
HG03625,COL24A1,chr1,85835193,0.494,0.00405996,hom,1
HG03625,COL24A1,chr1,85946156,0.638,0.00359151,hom,1
HG03625,COL24A1,chr1,85976190,1.097,0.000936914,hom,1
HG03625,COL24A1,chr1,85990488,1.573,0.00718301,hom,1
HG03625,COL24A1,chr1,86054949,2.44,0.000936914,hom,1
HG03625,CLCA2,chr1,86450608,20.8,0.000780762,hom,2
HG03625,CLCA2,chr1,86450609,20.6,0.000780762,hom,2
HG03625,CLCA1,chr1,86484723,1.601,0.00062461,hom,1
HG03625,SELENOF,chr1,86868812,6.074,0.00062461,hom,2
HG03625,SELENOF,chr1,86903188,3.663,0.00062461,hom,1
HG03625,HS2ST1,chr1,86955812,3.449,0.00062461,hom,2
HG03625,HS2ST1,chr1,86994297,4.765,0.00234229,hom,1
HG03625,HS2ST1,chr1,87081970,1.537,0.00733916,het,1
HG03625,HS2ST1,chr1,87084186,3.335,0.00421611,hom,4
HG03625,LINC01140,chr1,87151613,7.006,0.000780762,hom,1
HG03625,RPE65,chr1,68443998,12.07,0.00062461,hom,5
HG03633,LRRC8D,chr1,89865607,10.13,0.00156152,hom,1
HG03633,ZNF326,chr1,89995775,9.515,0.00718301,hom,1
HG03633,ZNF326,chr1,90032651,2.194,0.00718301,hom,1
HG03633,LINC02609,chr1,90825197,8.96,0.00468457,hom,1
HG03633,LINC02788,chr1,90844730,4.549,0.00343535,hom,1
HG03633,ZNF644,chr1,90917198,0.343,0.000468457,hom,1
HG03633,ZNF644,chr1,90924496,13.91,0.00484072,hom,2
HG03633,CDC7,chr1,91503319,7.741,0.000468457,hom,1
HG03633,TGFBR3,chr1,91691987,1.258,0.00109307,hom,1
HG03633,TGFBR3,chr1,91811107,1.93,0.00187383,hom,1
HG03633,TGFBR3,chr1,91893522,4.012,0.00687071,hom,1
HG03633,TGFBR3,chr1,91901062,1.024,0.00202998,hom,2
HG03633,BRDT,chr1,91970910,0.94,0.00265459,het,1
HG03633,BTBD8,chr1,92100021,10.75,0.000468457,hom,1
HG03633,BTBD8,chr1,92114377,7.397,0.00218613,hom,1
HG03633,C1orf146,chr1,92236737,1.845,0.0062461,hom,1
HG03633,GLMN,chr1,92287276,10.83,0.00202998,hom,1
HG03633,RPAP2,chr1,92304465,13.16,0.00484072,hom,1
HG03633,RPAP2,chr1,92317133,2.719,0.00218613,hom,2
HG03633,RPAP2,chr1,92337273,5.178,0.000468457,hom,1
HG03633,RPAP2,chr1,92371315,0.943,0.00577764,hom,1
HG03633,GFI1,chr1,92483141,8.75,0.00530918,hom,2
HG03633,EVI5,chr1,92555848,2.419,0.00843223,het,1
HG03633,MTF2,chr1,93104452,1.467,0.00171768,het,1
HG03633,MTF2,chr1,93104455,0.609,0.00156152,het,1
HG03633,MTF2,chr1,93104456,1.103,0.00156152,het,1
HG03633,MTF2,chr1,93104463,0.363,0.00124922,het,1
HG03633,MTF2,chr1,93104477,1.429,0.000312305,het,1
HG03633,CCDC18,chr1,93251999,0.509,0.00546533,hom,1
HG03633,FNBP1L,chr1,93550313,1.926,0.00608994,hom,1
HG03633,DNTTIP2,chr1,93878695,6.934,0.000468457,hom,1
HG03633,GCLM,chr1,93900740,10.18,0.00515303,hom,1
HG03633,ARHGAP29,chr1,94186747,2.275,0.000468457,hom,1
HG03633,ARHGAP29,chr1,94210360,6.633,0.00796377,hom,1
HG03633,ABCD3,chr1,94485258,0.243,0.0065584,hom,1
HG03633,ABCD3,chr1,94512374,2.183,0.00249844,hom,1
HG03633,SLC44A3-AS1,chr1,94673992,0.509,0.00921299,hom,2
HG03633,SLC44A3-AS1,chr1,94688795,1.282,0.000468457,hom,1
HG03633,SLC44A3-AS1,chr1,94692674,4.816,0.000468457,hom,1
HG03633,SLC44A3-AS1,chr1,94700729,1.967,0.000468457,hom,1
HG03633,SLC44A3-AS1,chr1,94712181,1.906,0.00593379,hom,2
HG03633,SLC44A3-AS1,chr1,94743701,0.881,0.000468457,hom,2
HG03633,SLC44A3,chr1,94842669,0.696,0.0032792,hom,1
HG03633,SLC44A3,chr1,94857107,12.81,0.00109307,hom,1
HG03633,CNN3,chr1,94920084,8.612,0.00156152,hom,1
HG03633,LINC01760,chr1,95316484,1.245,0.00156152,hom,1
HG03633,LINC02607,chr1,95514209,3.261,0.00780762,hom,1
HG03633,LINC01787,chr1,96290057,2.744,0.000468457,hom,1
HG03633,LINC01787,chr1,96311357,2.976,0.000468457,hom,1
HG03633,LINC01787,chr1,96334027,2.848,0.00234229,hom,1
HG03633,LINC01787,chr1,96355291,1.691,0.00437227,hom,1
HG03633,PTBP2,chr1,96745453,1.945,0.00202998,hom,1
HG03633,PTBP2,chr1,96762470,7.753,0.00921299,hom,1
HG03633,PTBP2,chr1,96769621,11.63,0.00593379,hom,1
HG03633,PTBP2,chr1,96774223,0.914,0.000468457,hom,1
HG03633,PTBP2,chr1,96802212,1.378,0.00968145,hom,1
HG03633,DPYD-AS1,chr1,97104796,3.575,0.000468457,hom,1
HG03633,DPYD-AS1,chr1,97115223,1.998,0.00999375,hom,1
HG03633,DPYD-AS1,chr1,97193455,1.092,0.00702686,hom,1
HG03633,DPYD-AS1,chr1,97195622,0.182,0.00249844,hom,1
HG03633,DPYD-AS1,chr1,97196883,0.164,0.00468457,hom,1
HG03633,DPYD-AS1,chr1,97261132,0.083,0.00140537,hom,1
HG03633,DPYD-AS1,chr1,97287759,6.331,0.00530918,hom,1
HG03633,DPYD-AS1,chr1,97290807,3.319,0.000468457,hom,1
HG03633,DPYD-AS1,chr1,97295312,12.6,0.00468457,hom,1
HG03633,ABCA4,chr1,94009298,24.7,0.000936914,hom,5
HG03639,DLGAP3,chr1,34867555,32.0,0.00156152,hom,2
HG03639,DLGAP3,chr1,34894367,4.02,0.00156152,hom,1
HG03639,ZMYM6,chr1,35025679,1.301,0.00265459,hom,1
HG03639,ZMYM1,chr1,35084262,9.047,0.00484072,hom,1
HG03639,ZMYM1,chr1,35084660,9.093,0.000312305,het,2
HG03639,ZMYM1,chr1,35087720,1.545,0.00390381,het,1
HG03639,ZMYM1,chr1,35105344,2.5,0.00484072,hom,1
HG03639,ZMYM1,chr1,35105510,2.935,0.00484072,hom,1
HG03639,SFPQ,chr1,35180309,12.41,0.00234229,hom,2
HG03639,ZMYM4,chr1,35299695,2.499,0.00530918,hom,1
HG03639,ZMYM4,chr1,35299701,1.029,0.00530918,hom,1
HG03639,ZMYM4,chr1,35316488,0.642,0.000780762,hom,1
HG03639,KIAA0319L,chr1,35480038,0.586,0.00281074,hom,1
HG03639,KIAA0319L,chr1,35521617,1.35,0.000780762,hom,1
HG03639,NCDN,chr1,35563577,0.031,0.00281074,hom,1
HG03639,TFAP2E,chr1,35583889,3.725,0.00515303,hom,1
HG03639,PSMB2,chr1,35635557,1.421,0.00749532,hom,1
HG03639,CLSPN-AS1,chr1,35740073,0.716,0.00921299,hom,1
HG03639,CLSPN-DT,chr1,35805662,5.694,0.00905684,het,2
HG03639,AGO1,chr1,35888566,13.11,0.00890069,hom,1
HG03639,AGO1,chr1,35912163,3.798,0.00874454,hom,1
HG03639,AGO1,chr1,35923679,17.8,0.00874454,hom,1
HG03639,AGO3,chr1,35936937,0.745,0.00109307,hom,1
HG03639,AGO3,chr1,36032314,5.215,0.0098376,hom,1
HG03639,AGO3,chr1,36064674,0.016,0.0095253,hom,1
HG03639,COL8A2,chr1,36111846,4.582,0.0095253,hom,1
HG03639,MAP7D1,chr1,36162686,1.034,0.00249844,hom,1
HG03639,MAP7D1,chr1,36177318,0.661,0.00484072,hom,1
HG03639,THRAP3,chr1,36250780,0.817,0.00702686,hom,2
HG03639,SH3D21,chr1,36308359,3.9,0.00765147,hom,1
HG03639,LSM10,chr1,36394390,0.741,0.00499688,hom,1
HG03639,CSF3R,chr1,36478009,2.993,0.000936914,het,1
HG03639,CSF3R,chr1,36478026,2.263,0.00390381,het,1
HG03639,CSF3R,chr1,36478031,3.384,0.00390381,het,1
HG03639,GRIK3,chr1,36899070,3.977,0.00156152,hom,1
HG03639,GRIK3,chr1,36957423,2.518,0.00671455,het,1
HG03639,GRIK3,chr1,36957598,1.52,0.00109307,het,1
HG03639,GRIK3,chr1,36976178,3.145,0.000936914,hom,1
HG03639,GRIK3,chr1,36977709,17.44,0.00140537,hom,1
HG03639,GRIK3,chr1,37013280,4.151,0.00468457,hom,1
HG03639,GRIK3,chr1,37019632,14.06,0.000780762,hom,1
HG03639,GRIK3,chr1,37030234,19.46,0.00484072,hom,1
HG03639,SNIP1,chr1,37546641,1.495,0.00124922,hom,2
HG03639,GNL2,chr1,37595548,8.63,0.00140537,hom,2
HG03639,RSPO1,chr1,37615144,3.696,0.00124922,hom,1
HG03639,RSPO1,chr1,37630109,3.116,0.00140537,hom,1
HG03639,AIRIM,chr1,37688277,5.187,0.00437227,hom,1
HG03639,EPHA10,chr1,37738134,2.264,0.00281074,hom,2
HG03639,MTF1,chr1,37858552,7.036,0.00796377,hom,1
HG03639,INPP5B,chr1,37877969,9.506,0.00780762,hom,1
HG03639,SF3A3,chr1,37982664,0.585,0.00468457,hom,1
HG03639,MIR3659HG,chr1,38074245,4.623,0.00202998,hom,1
HG03639,MIR3659HG,chr1,38077952,3.256,0.00202998,hom,2
HG03639,RHBDL2,chr1,38898553,4.472,0.000468457,hom,1
HG03639,RHBDL2,chr1,38907291,3.212,0.00109307,het,1
HG03639,RHBDL2,chr1,38907294,3.459,0.000780762,het,1
HG03639,RHBDL2,chr1,38907298,3.074,0.00124922,het,1
HG03639,MACF1,chr1,39094067,0.819,0.000780762,hom,1
HG03639,MACF1,chr1,39102062,5.424,0.00374766,het,1
HG03639,MACF1,chr1,39115196,8.518,0.00062461,hom,1
HG03639,MACF1,chr1,39145159,2.669,0.0062461,hom,2
HG03639,MACF1,chr1,39218926,1.437,0.0062461,hom,1
HG03639,MACF1,chr1,39247915,1.337,0.00359151,hom,2
HG03639,MACF1,chr1,39358560,0.002,0.000468457,hom,1
HG03639,MACF1,chr1,39359129,15.57,0.00359151,hom,1
HG03639,PPIEL,chr1,39541403,0.224,0.0095253,hom,1
HG03639,LINC02811,chr1,39815136,3.092,0.00437227,hom,1
HG03639,TRIT1,chr1,39843865,12.02,0.000468457,hom,1
HG03639,MFSD2A,chr1,39967320,6.526,0.00062461,hom,2
HG03639,CAP1,chr1,40046194,1.767,0.000936914,hom,1
HG03639,PPT1,chr1,40075059,3.771,0.00687071,hom,2
HG03639,PPT1,chr1,40081055,0.022,0.0098376,hom,1
HG03639,PPT1,chr1,40081644,4.406,0.0098376,hom,1
HG03639,PPT1,chr1,40084573,2.775,0.0098376,hom,1
HG03639,PPT1,chr1,40085006,4.379,0.0098376,hom,1
HG03639,PPT1,chr1,40091018,3.861,0.000936914,hom,1
HG03639,RLF,chr1,40165172,5.703,0.00968145,hom,1
HG03639,RLF,chr1,40169786,2.809,0.0098376,hom,1
HG03639,RLF,chr1,40171691,0.536,0.00968145,hom,2
HG03639,RLF,chr1,40175642,1.532,0.00968145,hom,2
HG03639,RLF,chr1,40178627,0.833,0.00968145,hom,1
HG03639,RLF,chr1,40181909,4.825,0.00968145,hom,2
HG03639,RLF,chr1,40182674,13.72,0.00968145,hom,2
HG03639,RLF,chr1,40185684,2.549,0.0098376,hom,1
HG03639,RLF,chr1,40185859,4.115,0.0095253,hom,1
HG03639,RLF,chr1,40186955,0.005,0.00968145,hom,1
HG03639,RLF,chr1,40190296,1.236,0.00968145,hom,1
HG03639,RLF,chr1,40191181,0.872,0.00968145,hom,1
HG03639,RLF,chr1,40192975,4.362,0.00968145,hom,1
HG03639,RLF,chr1,40194530,2.361,0.00968145,hom,1
HG03639,RLF,chr1,40200939,0.325,0.00765147,hom,1
HG03639,RLF,chr1,40206911,6.314,0.000936914,hom,1
HG03639,RLF,chr1,40209129,3.028,0.00968145,hom,1
HG03639,RLF,chr1,40214075,3.299,0.00968145,hom,1
HG03639,RLF,chr1,40217570,0.183,0.00968145,hom,1
HG03639,RLF,chr1,40220246,5.43,0.00968145,hom,1
HG03639,RLF,chr1,40222888,7.687,0.00968145,hom,1
HG03639,RLF,chr1,40237302,18.2,0.00968145,hom,1
HG03639,RLF,chr1,40239265,12.49,0.00968145,hom,1
HG03639,RLF,chr1,40239850,5.131,0.00968145,hom,1
HG03639,TMCO2,chr1,40248784,2.755,0.00968145,hom,1
HG03639,TMCO2,chr1,40249695,0.042,0.00968145,hom,1
HG03639,ZMPSTE24,chr1,40261309,7.646,0.000936914,hom,2
HG03639,ZMPSTE24,chr1,40269012,2.18,0.0095253,hom,1
HG03639,ZMPSTE24,chr1,40277805,0.707,0.0095253,hom,1
HG03639,ZMPSTE24,chr1,40277883,0.885,0.00968145,hom,1
HG03639,ZMPSTE24,chr1,40285770,1.291,0.0095253,hom,1
HG03639,ZMPSTE24,chr1,40288685,0.052,0.0095253,hom,1
HG03639,ZMPSTE24,chr1,40289662,1.865,0.0095253,hom,1
HG03639,ZMPSTE24,chr1,40290402,6.009,0.000936914,hom,1
HG03639,ZMPSTE24,chr1,40290561,0.859,0.00936914,hom,1
HG03639,SMAP2,chr1,40374677,13.67,0.00281074,hom,2
HG03639,SMAP2,chr1,40384941,0.848,0.00281074,hom,1
HG03639,ZFP69B,chr1,40455643,2.409,0.00281074,hom,1
HG03639,EXO5,chr1,40512048,5.888,0.00140537,hom,2
HG03639,EXO5,chr1,40515959,8.187,0.00312305,hom,1
HG03639,NFYC,chr1,40694238,6.809,0.000468457,hom,2
HG03639,NFYC,chr1,40719855,0.389,0.00265459,hom,1
HG03639,COL9A2,chr1,40315184,13.93,0.00109307,hom,5
HG02490,SLC9A2,chr2,102659313,0.656,0.000312305,het,1
HG02490,SLC9A2,chr2,102686064,2.219,0.00156152,het,1
HG02490,LINC01796,chr2,102876763,1.447,0.00343535,hom,1
HG02490,LINC01796,chr2,102893159,5.334,0.00218613,hom,2
HG02490,LINC01935,chr2,102979929,3.124,0.00156152,hom,1
HG02490,LINC01103,chr2,104498025,3.616,0.00187383,hom,1
HG02490,LINC01103,chr2,104508601,0.141,0.00780762,hom,1
HG02490,LINC01159,chr2,104867285,14.08,0.000468457,hom,2
HG02490,MRPS9-AS2,chr2,104938421,16.81,0.000468457,hom,2
HG02490,MRPS9-AS2,chr2,104950412,0.111,0.00562149,hom,1
HG02490,MRPS9,chr2,105044506,11.29,0.00562149,hom,1
HG02490,TGFBRAP1,chr2,105281138,2.105,0.00312305,hom,1
HG02490,TGFBRAP1,chr2,105317844,3.774,0.00827608,hom,1
HG02490,TGFBRAP1,chr2,105329432,14.22,0.00140537,hom,1
HG02490,FHL2,chr2,105368180,1.8,0.000936914,hom,1
HG02490,FHL2,chr2,105386889,0.528,0.00140537,hom,1
HG02490,FHL2,chr2,105428219,2.066,0.00484072,hom,1
HG02490,NCK2,chr2,105765742,1.459,0.00312305,hom,1
HG02490,NCK2,chr2,105817588,4.705,0.000468457,hom,1
HG02490,UXS1,chr2,106118575,1.552,0.00999375,hom,1
HG02490,UXS1,chr2,106156336,0.402,0.00109307,hom,1
HG02490,ANAPC1P6,chr2,106371126,15.44,0.000936914,hom,2
HG02490,RGPD3,chr2,106412598,2.235,0.00062461,het,1
HG02490,RGPD3,chr2,106431424,1.49,0.000468457,het,1
HG02490,RGPD3,chr2,106434437,2.503,0.000936914,hom,1
HG02490,RGPD3,chr2,106464117,0.319,0.00562149,hom,1
HG02490,LOC107985931,chr2,106480658,4.05,0.00062461,hom,2
HG02490,CD8B2,chr2,106531774,1.588,0.00062461,hom,1
HG02490,CD8B2,chr2,106534494,0.843,0.00999375,hom,1
HG02490,ST6GAL2,chr2,106832136,4.643,0.00843223,hom,2
HG02490,ST6GAL2,chr2,106851686,2.761,0.00109307,hom,2
HG02490,LINC01789,chr2,107341353,7.974,0.00218613,hom,1
HG02490,LINC01789,chr2,107364160,1.686,0.00062461,hom,1
HG02490,LINC01789,chr2,107365097,0.6,0.00593379,hom,1
HG02490,LINC01885,chr2,107446905,1.783,0.00156152,hom,1
HG02490,LINC01885,chr2,107462805,4.264,0.00671455,hom,1
HG02490,GACAT1,chr2,107759613,2.342,0.00390381,hom,1
HG02490,GACAT1,chr2,107817886,1.156,0.00202998,hom,1
HG02490,RGPD4,chr2,107830696,1.742,0.000936914,hom,1
HG02490,RGPD4,chr2,107855540,0.564,0.000468457,hom,1
HG02490,RGPD4,chr2,107883369,0.158,0.00156152,het,1
HG02490,RGPD4,chr2,107883370,0.067,0.000468457,het,1
HG02490,SLC5A7,chr2,108001363,0.641,0.00124922,hom,1
HG02490,LINC01594,chr2,108190595,3.14,0.00452842,hom,1
HG02490,SULT1C3,chr2,108258482,1.747,0.000936914,hom,1
HG02490,GCC2-AS1,chr2,108531760,2.084,0.00374766,hom,2
HG02490,LIMS1,chr2,108580000,2.639,0.00062461,hom,2
HG02490,LIMS1,chr2,108584748,2.473,0.000780762,hom,1
HG02490,LIMS1,chr2,108656707,1.214,0.00109307,het,1
HG02490,LIMS1,chr2,108658902,4.918,0.00281074,het,1
HG02490,LIMS1,chr2,108674678,1.095,0.00374766,hom,2
HG02490,CCDC138,chr2,108793708,3.558,0.000780762,hom,1
HG02490,EDAR,chr2,108931046,0.025,0.00343535,hom,1
HG02490,SEPTIN10,chr2,109560152,1.133,0.00390381,hom,2
HG02490,SEPTIN10,chr2,109609615,2.726,0.0098376,het,1
HG02490,LOC440895,chr2,109968236,5.705,0.000780762,hom,1
HG02490,LOC100288570,chr2,110423067,9.772,0.00062461,het,1
HG02490,ACOXL,chr2,110918358,0.481,0.000468457,hom,1
HG02490,ACOXL,chr2,110919421,1.933,0.0065584,het,1
HG02490,ACOXL,chr2,111057916,0.014,0.00124922,hom,2
HG02490,ACOXL,chr2,111081691,2.347,0.000780762,hom,1
HG02490,ACOXL-AS1,chr2,111107645,1.88,0.00671455,hom,1
HG02490,BCL2L11,chr2,111141541,1.658,0.00109307,hom,1
HG02490,MIR4435-2HG,chr2,111197626,7.372,0.00234229,hom,1
HG02490,MIR4435-2HG,chr2,111232875,0.115,0.000936914,hom,1
HG02490,MIR4435-2HG,chr2,111260981,1.359,0.000780762,hom,2
HG02490,MIR4435-2HG,chr2,111285765,6.974,0.000468457,hom,1
HG02490,SOCAR,chr2,111509984,0.549,0.000780762,hom,1
HG02490,MERTK,chr2,111911682,0.453,0.000468457,hom,1
HG02490,MERTK,chr2,111913498,3.082,0.000468457,hom,1
HG02490,MERTK,chr2,111925825,1.213,0.00171768,hom,2
HG02490,MERTK,chr2,111994079,3.006,0.00062461,hom,1
HG02490,MERTK,chr2,112000575,5.427,0.00593379,hom,1
HG02490,TMEM87B,chr2,112067402,10.96,0.000468457,hom,2
HG02490,FBLN7,chr2,112138991,10.82,0.00515303,het,2
HG02490,FBLN7,chr2,112150678,0.557,0.000468457,hom,2
HG02490,FBLN7,chr2,112153924,4.337,0.0032792,hom,1
HG02490,FBLN7,chr2,112169530,2.157,0.00218613,hom,1
HG02490,FBLN7,chr2,112179988,4.131,0.00249844,hom,1
HG02490,ZC3H8,chr2,112240604,0.126,0.00437227,hom,2
HG02490,ZC3H8,chr2,112240880,0.289,0.000780762,hom,2
HG02490,ZC3H6,chr2,112288471,7.508,0.000312305,het,2
HG02490,ZC3H6,chr2,112292434,0.753,0.000468457,hom,1
HG02490,ZC3H6,chr2,112320542,5.125,0.00968145,hom,1
HG02490,RGPD8,chr2,112379379,1.937,0.00062461,het,1
HG02490,RGPD8,chr2,112422234,2.232,0.00421611,hom,1
HG02490,CKAP2L,chr2,112743913,0.079,0.000468457,hom,2
HG02490,IL1F10,chr2,113069388,1.77,0.000468457,hom,2
HG02490,IL1F10,chr2,113074226,6.199,0.00405996,hom,1
HG02490,PSD4,chr2,113180702,6.692,0.000312305,het,2
HG02490,PAX8-AS1,chr2,113254552,8.12,0.00062461,hom,1
HG02490,PAX8-AS1,chr2,113257265,5.567,0.000468457,hom,2
HG02490,LINC02966,chr2,113327225,2.896,0.000468457,hom,1
HG02490,LINC02966,chr2,113332225,1.792,0.000468457,hom,1
HG02490,PGM5P4,chr2,113541699,2.941,0.000468457,hom,1
HG02490,PGM5P4,chr2,113544243,0.019,0.000468457,hom,2
HG02490,RABL2A,chr2,113638861,0.946,0.000468457,hom,1
HG02490,LINC02936,chr2,113691184,5.548,0.000936914,hom,1
HG02490,ACTR3-AS1,chr2,113857304,1.467,0.000936914,hom,1
HG02490,DPP10,chr2,114451080,1.368,0.00124922,hom,1
HG02490,DPP10,chr2,114486270,3.445,0.000468457,hom,1
HG02490,DPP10,chr2,114504909,1.893,0.00421611,hom,1
HG02490,DPP10,chr2,114541990,1.045,0.00171768,hom,1
HG02490,DPP10,chr2,114552583,0.279,0.00202998,hom,1
HG02490,DPP10,chr2,114582871,5.133,0.000468457,hom,1
HG02490,DPP10-AS1,chr2,115149489,12.68,0.00515303,hom,1
HG02490,DPP10-AS1,chr2,115154482,7.058,0.00515303,hom,1
HG02490,DPP10-AS1,chr2,115158437,0.231,0.00499688,hom,1
HG02490,MARCO,chr2,118953044,0.243,0.00234229,hom,2
HG02490,MARCO,chr2,118984572,3.057,0.00234229,hom,2
HG02490,STEAP3,chr2,119229766,3.05,0.00765147,hom,1
HG02490,C2orf76,chr2,119312459,3.125,0.00608994,hom,2
HG02490,C2orf76,chr2,119336213,3.336,0.00062461,hom,1
HG02490,C2orf76,chr2,119350514,0.928,0.00640225,hom,1
HG02490,C2orf76,chr2,119353164,2.904,0.00156152,hom,1
HG02490,TMEM37,chr2,119433457,5.11,0.000468457,hom,2
HG02490,SCTR,chr2,119441609,1.401,0.000780762,hom,2
HG02490,PTPN4,chr2,119830764,0.482,0.000780762,hom,1
HG02490,PTPN4,chr2,119837361,1.484,0.000468457,hom,2
HG02490,PTPN4,chr2,119866575,3.103,0.000780762,hom,1
HG02490,PTPN4,chr2,119946565,11.49,0.000780762,hom,1
HG02490,EPB41L5,chr2,120033729,7.635,0.000780762,hom,1
HG02490,EPB41L5,chr2,120051541,1.108,0.000936914,hom,1
HG02490,EPB41L5,chr2,120140841,0.744,0.000468457,hom,1
HG02490,EPB41L5,chr2,120151249,1.261,0.000468457,hom,1
HG02490,EPB41L5,chr2,120151622,4.535,0.000936914,hom,1
HG02490,EPB41L5,chr2,120167223,10.59,0.000936914,hom,1
HG02490,GLI2,chr2,120914165,0.331,0.000936914,hom,1
HG02490,GLI2,chr2,120938556,17.42,0.000936914,hom,2
HG02490,GLI2,chr2,120990121,0.3,0.000780762,hom,1
HG02490,TFCP2L1,chr2,121217581,1.122,0.000468457,hom,1
HG02490,CLASP1,chr2,121350743,1.361,0.00124922,hom,2
HG02490,CLASP1,chr2,121354568,1.792,0.000468457,hom,1
HG02490,CLASP1,chr2,121439335,7.236,0.00421611,hom,1
HG02490,CLASP1,chr2,121508599,3.548,0.00421611,hom,1
HG02490,NIFK-AS1,chr2,121656268,0.423,0.00421611,hom,1
HG02490,LINC01823,chr2,121798323,4.327,0.000936914,hom,1
HG02490,CNTNAP5,chr2,124070397,1.705,0.00874454,hom,1
HG02490,CNTNAP5,chr2,124070472,1.628,0.000468457,hom,1
HG02490,CNTNAP5,chr2,124122693,0.827,0.00140537,hom,1
HG02490,CNTNAP5,chr2,124482633,0.769,0.00109307,hom,2
HG02490,CNTNAP5,chr2,124577409,0.99,0.0029669,hom,1
HG02490,CNTNAP5,chr2,124590309,0.142,0.00218613,hom,1
HG02490,CNTNAP5,chr2,124638978,1.031,0.00796377,hom,1
HG02490,CNTNAP5,chr2,124654487,0.693,0.00218613,hom,1
HG02490,CNTNAP5,chr2,124771256,0.695,0.00281074,hom,1
HG02490,CNTNAP5,chr2,124785041,0.806,0.00718301,het,1
HG02490,CNTNAP5,chr2,124808669,3.644,0.00281074,hom,1
HG02490,CNTNAP5,chr2,124858107,2.356,0.00234229,hom,1
HG02490,CNTNAP5,chr2,124883757,0.254,0.00312305,hom,1
HG02490,GYPC,chr2,126682594,0.657,0.000312305,het,1
HG02490,MAP3K2,chr2,127361141,4.28,0.0029669,hom,1
HG02490,MAP3K2,chr2,127386081,1.012,0.000468457,hom,1
HG02490,MAP3K2-DT,chr2,127392673,0.231,0.0029669,hom,1
HG02490,IWS1,chr2,127522739,6.32,0.000468457,hom,1
HG02490,MYO7B,chr2,127541017,1.949,0.000468457,hom,1
HG02490,GPR17,chr2,127647613,0.836,0.000468457,hom,1
HG02490,AMMECR1L,chr2,127876743,1.181,0.00733916,hom,2
HG02490,SAP130,chr2,128014094,6.16,0.00718301,hom,1
HG02490,HS6ST1,chr2,128316819,2.977,0.00390381,hom,1
HG02490,POTEI,chr2,130487914,3.321,0.00109307,hom,1
HG02490,POTEI,chr2,130487975,0.393,0.000780762,hom,1
HG02490,POTEI,chr2,130488030,16.24,0.000780762,hom,4
HG02490,POTEI,chr2,130488578,5.65,0.000936914,hom,1
HG02490,POTEI,chr2,130488652,0.12,0.00187383,hom,1
HG02490,POTEI,chr2,130491713,0.548,0.000468457,hom,1
HG02490,POTEJ,chr2,130628977,0.498,0.000468457,het,1
HG02490,POTEJ,chr2,130629888,3.146,0.00265459,het,1
HG02490,ARHGEF4,chr2,130907755,0.251,0.00202998,hom,1
HG02490,FAM168B,chr2,131050023,0.899,0.000780762,hom,2
HG02490,FAM168B,chr2,131069556,0.051,0.00343535,hom,1
HG02490,FAM168B,chr2,131088138,0.963,0.0062461,hom,1
HG02490,POTEE,chr2,131237259,4.833,0.000468457,hom,1
HG02490,POTEE,chr2,131237548,4.548,0.000780762,hom,1
HG02490,POTEE,chr2,131237549,3.567,0.000780762,hom,1
HG02490,LOC440910,chr2,131284424,4.505,0.00749532,het,1
HG02490,LOC440910,chr2,131284475,0.453,0.00374766,het,1
HG02490,LINC01087,chr2,131645465,1.795,0.00499688,hom,1
HG02490,LINC01945,chr2,131996232,6.797,0.00999375,hom,2
HG02490,LINC01945,chr2,132009648,4.883,0.00702686,het,2
HG02490,LINC01945,chr2,132013798,1.668,0.0032792,het,1
HG02490,ANKRD30BL,chr2,132159649,0.624,0.00374766,hom,1
HG02490,ANKRD30BL,chr2,132203027,1.391,0.00281074,het,1
HG02490,ANKRD30BL,chr2,132222737,1.891,0.00359151,hom,2
HG02490,ANKRD30BL,chr2,132226781,1.31,0.00202998,hom,1
HG02490,FAM201B,chr2,132353322,5.869,0.00312305,hom,2
HG02490,NCKAP5,chr2,132752755,0.613,0.000468457,hom,2
HG02490,NCKAP5,chr2,132779306,11.67,0.00171768,hom,1
HG02490,NCKAP5,chr2,132782991,33.0,0.00421611,hom,1
HG02490,NCKAP5,chr2,132806189,1.771,0.000468457,hom,1
HG02490,NCKAP5-AS1,chr2,132920747,1.926,0.0029669,hom,1
HG02490,TMEM163,chr2,134491590,0.029,0.00109307,hom,1
HG02490,CCNT2-AS1,chr2,134889184,5.941,0.00999375,hom,1
HG02490,MAP3K19,chr2,134988543,0.837,0.000468457,hom,1
HG02490,RAB3GAP1,chr2,135109342,9.281,0.00156152,hom,1
HG02490,ZRANB3,chr2,135310364,13.81,0.000312305,het,1
HG02490,ZRANB3,chr2,135311447,0.188,0.000468457,hom,1
HG02490,ZRANB3,chr2,135373851,5.945,0.000780762,het,1
HG02490,ZRANB3,chr2,135391604,1.181,0.00405996,hom,1
HG02490,ZRANB3,chr2,135445691,2.849,0.00405996,het,1
HG02490,ZRANB3,chr2,135445695,3.384,0.00359151,het,1
HG02490,ZRANB3,chr2,135445701,2.696,0.00202998,het,1
HG02490,R3HDM1,chr2,135588610,7.233,0.00390381,hom,1
HG02490,UBXN4,chr2,135750431,4.5,0.000468457,hom,1
HG02490,DARS1,chr2,135922309,1.173,0.00202998,hom,1
HG02490,DARS1-AS1,chr2,136004158,0.217,0.00171768,hom,1
HG02490,THSD7B,chr2,136808727,16.23,0.000468457,hom,1
HG02490,THSD7B,chr2,136860185,5.168,0.000468457,hom,1
HG02490,THSD7B,chr2,136961540,1.972,0.000468457,hom,1
HG02490,THSD7B,chr2,137133597,0.06,0.00390381,hom,1
HG02490,THSD7B,chr2,137139981,0.527,0.00374766,hom,1
HG02490,THSD7B,chr2,137270403,0.649,0.000312305,het,1
HG02490,THSD7B,chr2,137298635,6.648,0.000936914,hom,1
HG02490,THSD7B,chr2,137337193,1.923,0.000936914,hom,1
HG02490,THSD7B,chr2,137344129,3.389,0.000936914,hom,1
HG02490,THSD7B,chr2,137397803,3.308,0.000936914,hom,1
HG02490,THSD7B,chr2,137397896,4.789,0.000936914,hom,1
HG02490,HNMT,chr2,137972893,14.64,0.000468457,hom,2
HG02490,LOC105373643,chr2,139255045,3.863,0.00671455,hom,2
HG02490,LOC105373643,chr2,139273895,6.122,0.00343535,hom,2
HG02490,LOC105373643,chr2,139302624,0.78,0.00218613,hom,2
HG02490,KYNU,chr2,142930470,3.185,0.000936914,hom,1
HG02490,KYNU,chr2,142954198,0.454,0.00265459,hom,1
HG02490,KYNU,chr2,143007457,3.738,0.00156152,hom,1
HG02490,ARHGAP15,chr2,143141695,0.326,0.000468457,hom,1
HG02490,ARHGAP15,chr2,143159293,23.4,0.00702686,hom,2
HG02490,ARHGAP15,chr2,143179403,6.956,0.000468457,hom,1
HG02490,ARHGAP15,chr2,143196122,0.34,0.00827608,hom,1
HG02490,ARHGAP15,chr2,143222103,0.386,0.000468457,hom,1
HG02490,ARHGAP15,chr2,143245433,8.328,0.00936914,hom,1
HG02490,ARHGAP15,chr2,143253855,3.54,0.00936914,hom,1
HG02490,ARHGAP15,chr2,143276065,2.637,0.00780762,hom,1
HG02490,ARHGAP15,chr2,143387907,0.33,0.000468457,hom,1
HG02490,ARHGAP15,chr2,143394328,5.202,0.000468457,hom,1
HG02490,ARHGAP15,chr2,143409965,0.044,0.00905684,hom,1
HG02490,ARHGAP15,chr2,143437934,2.835,0.00843223,hom,1
HG02490,ARHGAP15,chr2,143524938,11.31,0.00858838,hom,2
HG02490,ARHGAP15,chr2,143552588,14.14,0.00811992,hom,1
HG02490,ARHGAP15,chr2,143559066,0.92,0.00796377,hom,2
HG02490,ARHGAP15,chr2,143576580,1.222,0.00811992,hom,1
HG02490,ARHGAP15,chr2,143616574,0.061,0.000468457,hom,1
HG02490,ARHGAP15,chr2,143664158,0.234,0.00921299,hom,1
HG02490,ARHGAP15,chr2,143747854,0.002,0.00843223,hom,1
HG02490,ARHGAP15,chr2,143751083,0.086,0.00811992,hom,1
HG02490,QTMAN,chr2,143951097,12.37,0.00156152,hom,2
HG02490,QTMAN,chr2,144046874,1.977,0.000468457,hom,1
HG02490,QTMAN,chr2,144226476,3.441,0.000468457,hom,1
HG02490,QTMAN,chr2,144297174,0.585,0.000468457,hom,1
HG02490,QTMAN,chr2,144299504,2.377,0.000468457,hom,1
HG02490,ZEB2,chr2,144386717,14.66,0.0065584,hom,1
HG02490,ZEB2,chr2,144398984,16.99,0.0065584,hom,1
HG02490,TEX41,chr2,144723185,0.074,0.00718301,hom,1
HG02490,TEX41,chr2,144791352,8.138,0.000468457,hom,1
HG02490,TEX41,chr2,144871554,0.795,0.000468457,hom,1
HG02490,TEX41,chr2,144872570,0.439,0.00530918,hom,1
HG02490,TEX41,chr2,144891903,1.368,0.00608994,hom,1
HG02490,TEX41,chr2,144904786,3.961,0.0062461,hom,1
HG02490,TEX41,chr2,144908234,14.71,0.000468457,hom,1
HG02490,TEX41,chr2,144918307,2.285,0.0062461,hom,1
HG02490,TEX41,chr2,144974697,0.044,0.000468457,het,1
HG02490,TEX41,chr2,145036449,4.6,0.000936914,hom,1
HG02490,TEX41,chr2,145038374,4.858,0.00858838,hom,1
HG02490,TEX41,chr2,145056305,1.443,0.00811992,hom,1
HG02490,ACVR2A,chr2,147852335,8.831,0.000780762,hom,1
HG02490,ACVR2A,chr2,147904034,0.417,0.00202998,hom,1
HG02490,ACVR2A,chr2,147916345,6.289,0.00921299,hom,1
HG02490,MBD5,chr2,148057158,0.726,0.00218613,hom,1
HG02490,MBD5,chr2,148073632,0.427,0.00218613,hom,1
HG02490,MBD5,chr2,148124766,5.51,0.00702686,hom,1
HG02490,MBD5,chr2,148126981,1.837,0.00124922,hom,1
HG02490,MBD5,chr2,148135452,2.167,0.00968145,hom,1
HG02490,MBD5,chr2,148151414,4.632,0.00968145,hom,1
HG02490,MBD5,chr2,148152970,5.187,0.000468457,hom,1
HG02490,MBD5,chr2,148238130,3.891,0.000468457,hom,2
HG02490,MBD5,chr2,148272406,2.784,0.00249844,hom,1
HG02490,MBD5,chr2,148286071,0.515,0.00374766,hom,1
HG02490,MBD5,chr2,148325046,2.135,0.00171768,hom,1
HG02490,MBD5,chr2,148349680,5.464,0.00374766,hom,1
HG02490,MBD5,chr2,148472537,7.383,0.00187383,hom,1
HG02490,MBD5,chr2,148507759,1.098,0.00593379,het,1
HG02490,MBD5,chr2,148510233,0.034,0.000780762,hom,2
HG02490,EPC2,chr2,148730284,1.563,0.00062461,hom,1
HG02490,EPC2,chr2,148736199,4.73,0.000780762,hom,1
HG02490,LYPD6B,chr2,149040643,2.713,0.00124922,hom,1
HG02490,LYPD6B,chr2,149079738,5.294,0.000312305,het,1
HG02490,LYPD6B,chr2,149131363,4.806,0.00171768,hom,1
HG02490,LYPD6B,chr2,149149123,0.169,0.000468457,hom,1
HG02490,LYPD6B,chr2,149212888,8.543,0.000468457,hom,1
HG02490,MMADHC-DT,chr2,149588884,2.825,0.00281074,hom,1
HG02490,MMADHC-DT,chr2,149593069,0.962,0.00281074,hom,1
HG02490,MMADHC-DT,chr2,149620729,5.918,0.000468457,hom,1
HG02490,MMADHC-DT,chr2,149652263,0.33,0.00171768,hom,1
HG02490,MMADHC-DT,chr2,149681583,2.949,0.000468457,hom,1
HG02490,MMADHC-DT,chr2,149718321,0.855,0.000468457,hom,1
HG02490,LINC01931,chr2,149811853,4.937,0.00265459,hom,1
HG02490,LINC01931,chr2,149848449,15.4,0.00890069,hom,1
HG02490,LINC01818,chr2,150179391,2.373,0.00843223,hom,1
HG02490,RNU4ATAC,chr2,121530986,16.24,0.00062461,hom,5
HG02493,UPP2,chr2,158045451,8.523,0.000936914,hom,2
HG02493,UPP2,chr2,158070179,4.084,0.00109307,hom,1
HG02493,UPP2,chr2,158106298,0.41,0.000468457,hom,1
HG02493,CCDC148,chr2,158246926,2.338,0.00249844,hom,1
HG02493,PKP4,chr2,158511343,0.374,0.0029669,hom,1
HG02493,PKP4,chr2,158515912,0.793,0.000468457,hom,1
HG02493,PKP4,chr2,158536895,5.354,0.0029669,hom,1
HG02493,PKP4,chr2,158537043,2.447,0.00281074,hom,1
HG02493,PKP4,chr2,158631095,1.586,0.00281074,hom,1
HG02493,DAPL1,chr2,158811081,9.153,0.00374766,hom,2
HG02493,TANC1,chr2,158976506,0.062,0.0029669,hom,1
HG02493,TANC1,chr2,159029040,0.961,0.0029669,hom,1
HG02493,TANC1,chr2,159029042,2.437,0.0029669,hom,1
HG02493,TANC1,chr2,159029045,2.319,0.0029669,hom,2
HG02493,TANC1,chr2,159034471,4.307,0.0029669,hom,1
HG02493,WDSUB1,chr2,159273863,0.679,0.00124922,hom,1
HG02493,BAZ2B,chr2,159331490,7.395,0.000468457,hom,1
HG02493,BAZ2B,chr2,159334982,0.459,0.00281074,hom,1
HG02493,BAZ2B,chr2,159411317,11.15,0.00109307,hom,1
HG02493,BAZ2B,chr2,159446526,0.08,0.00811992,hom,2
HG02493,BAZ2B,chr2,159492572,6.106,0.00843223,hom,1
HG02493,BAZ2B,chr2,159588836,6.584,0.00749532,hom,1
HG02493,BAZ2B,chr2,159598657,1.107,0.00749532,hom,1
HG02493,MARCHF7,chr2,159715822,3.262,0.00765147,hom,2
HG02493,LY75,chr2,159827954,5.188,0.00140537,hom,1
HG02493,PLA2R1,chr2,160007904,0.609,0.00499688,hom,1
HG02493,PLA2R1,chr2,160013697,0.161,0.00530918,hom,1
HG02493,RBMS1,chr2,160280906,3.288,0.00890069,hom,1
HG02493,RBMS1,chr2,160374795,6.877,0.00905684,hom,1
HG02493,RBMS1,chr2,160382859,2.058,0.00374766,hom,1
HG02493,PSMD14-DT,chr2,161226734,5.886,0.00530918,hom,1
HG02493,SLC4A10,chr2,161635078,2.515,0.00062461,hom,1
HG02493,SLC4A10,chr2,161791965,11.82,0.00390381,hom,1
HG02493,SLC4A10,chr2,161908671,0.859,0.00390381,hom,1
HG02493,SLC4A10,chr2,161925195,3.356,0.00390381,hom,1
HG02493,DPP4,chr2,162028641,9.961,0.000936914,hom,1
HG02493,DPP4,chr2,162066777,0.274,0.00343535,hom,1
HG02493,FAP,chr2,162196714,6.192,0.0032792,hom,1
HG02493,GCA,chr2,162350293,1.814,0.000468457,hom,1
HG02493,KCNH7,chr2,162373501,23.7,0.00359151,hom,2
HG02493,KCNH7,chr2,162394299,0.111,0.00359151,hom,1
HG02493,KCNH7,chr2,162401991,4.732,0.00359151,hom,2
HG02493,KCNH7,chr2,162429673,0.263,0.00359151,hom,1
HG02493,KCNH7,chr2,162468636,3.182,0.00359151,hom,1
HG02493,KCNH7,chr2,162487860,0.448,0.000468457,hom,1
HG02493,KCNH7,chr2,162591106,1.513,0.00640225,hom,1
HG02493,KCNH7,chr2,162602595,0.937,0.00530918,hom,1
HG02493,KCNH7,chr2,162612917,0.105,0.0065584,hom,1
HG02493,KCNH7,chr2,162614486,0.859,0.0065584,hom,1
HG02493,KCNH7,chr2,162614593,1.797,0.00921299,hom,1
HG02493,KCNH7,chr2,162641233,3.563,0.00921299,hom,1
HG02493,KCNH7,chr2,162658069,1.093,0.00359151,hom,1
HG02493,KCNH7,chr2,162744828,3.658,0.00608994,hom,1
HG02493,FIGN,chr2,163690377,1.326,0.00858838,hom,1
HG02493,FIGN,chr2,163726382,19.85,0.0029669,hom,1
HG02493,COBLL1,chr2,164665330,0.799,0.00843223,het,1
HG02493,SCN3A,chr2,165125459,2.918,0.000780762,hom,1
HG02493,SCN3A,chr2,165142950,0.891,0.00484072,hom,1
HG02493,SCN2A,chr2,165280034,2.692,0.00671455,hom,1
HG02493,SCN2A,chr2,165291419,1.347,0.00437227,hom,1
HG02493,SCN2A,chr2,165291422,0.494,0.00452842,hom,1
HG02493,CSRNP3,chr2,165494530,7.528,0.00530918,hom,2
HG02493,CSRNP3,chr2,165590358,0.233,0.00936914,hom,1
HG02493,CSRNP3,chr2,165673248,0.373,0.00187383,hom,1
HG02493,TTC21B,chr2,165894433,0.201,0.00999375,hom,1
HG02493,TTC21B-AS1,chr2,165948236,0.203,0.00874454,hom,2
HG02493,SCN1A-AS1,chr2,166148413,10.31,0.000468457,hom,1
HG02493,SCN1A-AS1,chr2,166167142,1.045,0.000468457,hom,1
HG02493,SCN1A-AS1,chr2,166168651,1.012,0.00374766,hom,1
HG02493,SCN1A-AS1,chr2,166181839,0.861,0.000468457,hom,2
HG02493,SCN9A,chr2,166232130,1.968,0.000468457,hom,1
HG02493,SCN9A,chr2,166327091,1.256,0.00936914,hom,1
HG02493,SCN9A,chr2,166335711,0.732,0.00468457,hom,1
HG02493,SCN7A,chr2,166411111,5.467,0.00921299,hom,2
HG02493,XIRP2,chr2,167086888,3.852,0.000468457,hom,1
HG02493,XIRP2-AS1,chr2,167123128,4.316,0.00811992,hom,2
HG02493,B3GALT1,chr2,167337410,9.362,0.00062461,hom,1
HG02493,B3GALT1,chr2,167359206,5.555,0.00062461,hom,1
HG02493,B3GALT1,chr2,167492819,0.446,0.00062461,hom,1
HG02493,B3GALT1,chr2,167508602,2.093,0.0032792,hom,1
HG02493,B3GALT1,chr2,167716757,5.889,0.00452842,hom,1
HG02493,B3GALT1-AS1,chr2,167830334,2.78,0.00140537,hom,1
HG02493,B3GALT1-AS1,chr2,167838406,0.421,0.00171768,het,1
HG02493,STK39,chr2,168018164,5.748,0.000780762,hom,1
HG02493,STK39,chr2,168177260,0.765,0.00468457,hom,2
HG02493,NOSTRIN,chr2,168862852,4.384,0.00874454,hom,1
HG02493,SPC25,chr2,168882134,0.261,0.00874454,hom,1
HG02493,G6PC2,chr2,168906345,3.2,0.000468457,hom,1
HG02493,DHRS9,chr2,169076519,0.197,0.000468457,hom,1
HG02493,BBS5,chr2,169500483,0.462,0.00062461,het,1
HG02493,FASTKD1,chr2,169565426,2.813,0.000780762,het,1
HG02493,FASTKD1,chr2,169567129,2.827,0.00546533,het,1
HG02493,PPIG,chr2,169608783,11.67,0.000312305,het,1
HG02493,CFAP210,chr2,169664514,8.693,0.000780762,het,1
HG02493,LRP2,chr2,169219520,10.68,0.000468457,hom,5
HG02650,GLI2,chr2,120804051,5.385,0.00484072,hom,2
HG02650,GLI2,chr2,120806813,0.015,0.00156152,hom,1
HG02650,GLI2,chr2,120902007,0.002,0.00062461,hom,1
HG02650,GLI2,chr2,120905886,0.095,0.00687071,hom,1
HG02650,TFCP2L1,chr2,121221791,7.534,0.00265459,hom,1
HG02650,TFCP2L1,chr2,121222055,0.306,0.00265459,hom,1
HG02650,TFCP2L1,chr2,121223422,1.864,0.00265459,hom,1
HG02650,TFCP2L1,chr2,121223668,1.659,0.00265459,hom,1
HG02650,TFCP2L1,chr2,121224072,0.389,0.00265459,hom,1
HG02650,TFCP2L1,chr2,121224518,0.657,0.00265459,hom,1
HG02650,TFCP2L1,chr2,121224547,3.663,0.00749532,hom,1
HG02650,TFCP2L1,chr2,121224949,2.191,0.00265459,hom,1
HG02650,TFCP2L1,chr2,121225135,3.441,0.00749532,hom,1
HG02650,TFCP2L1,chr2,121225339,3.989,0.00765147,hom,1
HG02650,TFCP2L1,chr2,121225834,1.066,0.00530918,hom,1
HG02650,TFCP2L1,chr2,121225835,2.226,0.00546533,hom,1
HG02650,TFCP2L1,chr2,121226589,0.436,0.00765147,hom,1
HG02650,TFCP2L1,chr2,121227064,0.658,0.00265459,hom,1
HG02650,TFCP2L1,chr2,121227285,1.618,0.00265459,hom,1
HG02650,TFCP2L1,chr2,121227552,1.121,0.00265459,hom,1
HG02650,TFCP2L1,chr2,121228430,0.04,0.00265459,hom,1
HG02650,TFCP2L1,chr2,121228770,4.491,0.00593379,het,1
HG02650,TFCP2L1,chr2,121230089,0.161,0.00265459,hom,1
HG02650,TFCP2L1,chr2,121230878,9.423,0.00265459,hom,1
HG02650,TFCP2L1,chr2,121233711,1.833,0.00265459,hom,1
HG02650,TFCP2L1,chr2,121233961,0.023,0.00265459,hom,1
HG02650,TFCP2L1,chr2,121235262,8.602,0.00265459,hom,1
HG02650,TFCP2L1,chr2,121236127,0.048,0.00265459,hom,1
HG02650,TFCP2L1,chr2,121239368,5.709,0.000780762,hom,1
HG02650,TFCP2L1,chr2,121241567,0.599,0.00827608,hom,1
HG02650,TFCP2L1,chr2,121242792,2.234,0.00827608,hom,1
HG02650,TFCP2L1,chr2,121243004,7.861,0.00827608,hom,1
HG02650,TFCP2L1,chr2,121246792,0.188,0.00827608,hom,1
HG02650,TFCP2L1,chr2,121247195,6.003,0.00827608,hom,1
HG02650,TFCP2L1,chr2,121247788,2.006,0.00827608,hom,1
HG02650,TFCP2L1,chr2,121249201,0.197,0.00827608,hom,1
HG02650,TFCP2L1,chr2,121254796,1.563,0.00062461,hom,1
HG02650,TFCP2L1,chr2,121255782,1.114,0.00858838,hom,1
HG02650,TFCP2L1,chr2,121256754,0.177,0.00874454,hom,1
HG02650,TFCP2L1,chr2,121256870,0.963,0.00858838,hom,1
HG02650,TFCP2L1,chr2,121259606,5.965,0.00858838,hom,1
HG02650,TFCP2L1,chr2,121264749,0.293,0.00858838,hom,1
HG02650,CLASP1,chr2,121378419,0.004,0.00124922,hom,1
HG02650,CLASP1,chr2,121383257,0.519,0.0032792,hom,1
HG02650,CLASP1,chr2,121435806,2.078,0.000780762,hom,1
HG02650,CLASP1,chr2,121439762,3.844,0.00124922,hom,1
HG02650,CLASP1,chr2,121446881,0.252,0.00124922,hom,1
HG02650,CLASP1,chr2,121457089,1.563,0.00124922,hom,1
HG02650,CLASP1,chr2,121489709,0.27,0.00124922,hom,2
HG02650,CNTNAP5,chr2,124131174,5.442,0.00124922,hom,1
HG02650,CNTNAP5,chr2,124156362,0.648,0.00608994,hom,1
HG02650,CNTNAP5,chr2,124255321,1.993,0.00156152,hom,1
HG02650,CNTNAP5,chr2,124406752,2.155,0.00234229,hom,1
HG02650,CNTNAP5,chr2,124455206,0.458,0.00062461,hom,1
HG02650,CNTNAP5,chr2,124464240,0.596,0.00187383,hom,1
HG02650,CNTNAP5,chr2,124577409,0.99,0.0029669,hom,1
HG02650,CNTNAP5,chr2,124590309,0.142,0.00218613,hom,1
HG02650,CNTNAP5,chr2,124638978,1.031,0.00796377,hom,1
HG02650,CNTNAP5,chr2,124654487,0.693,0.00218613,hom,1
HG02650,CNTNAP5,chr2,124671730,0.342,0.00062461,hom,1
HG02650,CNTNAP5,chr2,124771256,0.695,0.00281074,hom,1
HG02650,CNTNAP5,chr2,124808669,3.644,0.00281074,hom,1
HG02650,CNTNAP5,chr2,124858107,2.356,0.00234229,hom,1
HG02650,CNTNAP5,chr2,124883757,0.254,0.00312305,hom,1
HG02650,BIN1,chr2,127049149,3.259,0.0098376,hom,1
HG02650,ERCC3,chr2,127286890,5.274,0.00124922,hom,1
HG02650,ERCC3,chr2,127294131,5.861,0.00062461,hom,2
HG02650,MAP3K2,chr2,127357641,2.897,0.00062461,hom,2
HG02650,MYO7B,chr2,127536471,0.736,0.00343535,hom,1
HG02650,MYO7B,chr2,127545516,2.549,0.00062461,hom,1
HG02650,SAP130,chr2,127957455,0.196,0.0062461,hom,1
HG02650,SAP130,chr2,127987808,0.27,0.000936914,hom,1
HG02650,SAP130,chr2,127990601,4.246,0.00202998,hom,1
HG02650,UGGT1,chr2,128097097,2.053,0.00249844,hom,1
HG02650,UGGT1,chr2,128120923,4.478,0.00062461,hom,1
HG02650,UGGT1,chr2,128141678,2.381,0.000936914,hom,1
HG02650,UGGT1,chr2,128167151,0.636,0.0029669,hom,1
HG02650,HS6ST1,chr2,128270357,3.156,0.00062461,hom,1
HG02650,HS6ST1,chr2,128305275,8.306,0.00062461,hom,1
HG02650,HS6ST1,chr2,128307715,0.4,0.00515303,hom,1
HG02650,RNU4ATAC,chr2,121530894,19.59,0.00218613,hom,5
HG02655,LINC01376,chr2,18996151,18.93,0.00312305,hom,1
HG02655,LOC101928196,chr2,19459192,2.583,0.00124922,hom,2
HG02655,LOC101928196,chr2,19462541,6.267,0.000780762,hom,2
HG02655,MATN3,chr2,19994904,8.425,0.00484072,hom,1
HG02655,LAPTM4A,chr2,20041965,6.102,0.00124922,hom,1
HG02655,LAPTM4A-DT,chr2,20055720,0.733,0.000468457,hom,2
HG02655,SDC1,chr2,20220874,1.015,0.000780762,hom,1
HG02655,PUM2,chr2,20297254,7.569,0.000468457,hom,1
HG02655,PUM2,chr2,20334710,3.152,0.00202998,hom,1
HG02655,PUM2,chr2,20336395,0.645,0.000468457,hom,1
HG02655,LOC107985856,chr2,20480869,2.468,0.00858838,hom,2
HG02655,HS1BP3-IT1,chr2,20591509,1.333,0.000468457,hom,1
HG02655,HS1BP3,chr2,20620815,2.424,0.00171768,hom,1
HG02655,HS1BP3,chr2,20624543,4.442,0.00968145,hom,1
HG02655,HS1BP3,chr2,20625215,5.672,0.00968145,hom,2
HG02655,LDAH,chr2,20797973,2.714,0.000468457,hom,1
HG02655,APOB,chr2,21017141,4.097,0.000468457,hom,1
HG02655,LINC01822,chr2,21694481,0.868,0.00780762,hom,1
HG02655,LOC107985792,chr2,23047730,0.29,0.00062461,hom,1
HG02655,LOC107985792,chr2,23113948,0.392,0.00343535,hom,1
HG02655,KLHL29,chr2,23406323,0.059,0.000468457,hom,1
HG02655,KLHL29,chr2,23474988,6.301,0.00124922,hom,1
HG02655,KLHL29,chr2,23516545,7.401,0.00062461,hom,1
HG02655,KLHL29,chr2,23533094,0.031,0.00062461,hom,2
HG02655,KLHL29,chr2,23576999,0.082,0.00374766,hom,1
HG02655,KLHL29,chr2,23613502,0.698,0.00718301,hom,2
HG02655,KLHL29,chr2,23676417,1.495,0.00187383,hom,1
HG02655,ATAD2B,chr2,23759967,1.976,0.00187383,hom,1
HG02655,ATAD2B,chr2,23877067,6.379,0.00577764,het,2
HG02655,ITSN2,chr2,24271149,7.281,0.000468457,hom,2
HG02655,ITSN2,chr2,24279699,0.241,0.000468457,hom,1
HG02655,ITSN2,chr2,24284999,2.257,0.000468457,hom,1
HG02655,NCOA1,chr2,24500387,1.489,0.00249844,hom,1
HG02655,NCOA1,chr2,24527466,2.035,0.000468457,hom,1
HG02655,NCOA1,chr2,24761483,2.935,0.000468457,hom,1
HG02655,CENPO,chr2,24812099,1.747,0.000468457,hom,1
HG02655,CENPO,chr2,24813028,1.702,0.00218613,hom,1
HG02655,CENPO,chr2,24814081,5.234,0.00218613,hom,1
HG02655,DNAJC27,chr2,24961968,10.11,0.000468457,hom,1
HG02655,DNAJC27-AS1,chr2,25005049,4.111,0.00468457,het,2
HG02655,DNMT3A,chr2,25312142,12.29,0.000468457,hom,1
HG02655,ASXL2,chr2,25788507,1.281,0.00109307,hom,1
HG02655,ASXL2,chr2,25858363,2.187,0.000780762,hom,1
HG02655,RAB10,chr2,26038135,0.471,0.00905684,hom,1
HG02655,HADHB,chr2,26245634,8.006,0.00421611,hom,2
HG02655,HADHB,chr2,26280147,6.207,0.00062461,hom,2
HG02655,ADGRF3,chr2,26308594,7.414,0.00312305,hom,1
HG02655,DRC1,chr2,26406574,1.686,0.00171768,hom,1
HG02655,OTOF,chr2,26464231,3.521,0.00312305,hom,1
HG02655,OTOF,chr2,26477863,2.863,0.00062461,hom,1
HG02655,CIB4,chr2,26626115,2.699,0.00265459,hom,1
HG02655,DPYSL5,chr2,26948809,2.038,0.000468457,hom,1
HG02655,MAPRE3-AS1,chr2,26999517,0.096,0.00359151,het,1
HG02655,SPATA31H1,chr2,27539943,8.461,0.00687071,het,1
HG02655,LOC100505736,chr2,28176841,0.692,0.00593379,het,1
HG02655,LOC100505736,chr2,28203268,2.219,0.00062461,hom,1
HG02655,FOSL2,chr2,28395046,8.144,0.00202998,hom,2
HG02655,FOSL2,chr2,28412475,7.678,0.00140537,hom,1
HG02655,FOSL2,chr2,28414801,9.329,0.00140537,hom,2
HG02655,PLB1,chr2,28509571,0.722,0.00140537,hom,1
HG02655,PLB1,chr2,28527178,1.565,0.000468457,hom,1
HG02655,PLB1,chr2,28622411,2.916,0.00109307,hom,1
HG02655,LOC100505774,chr2,28719071,0.426,0.00374766,hom,1
HG02655,SPDYA,chr2,28824038,1.399,0.00405996,hom,1
HG02655,WDR43,chr2,28895548,3.566,0.000468457,hom,1
HG02655,TOGARAM2,chr2,28996653,1.913,0.00936914,hom,1
HG02655,CLIP4,chr2,29146727,4.93,0.000936914,hom,1
HG02655,ALK,chr2,29268746,1.546,0.00249844,hom,1
HG02655,ALK,chr2,29393939,0.958,0.00109307,hom,2
HG02655,LBH,chr2,30239801,5.385,0.00577764,hom,2
HG02655,LINC01936,chr2,30347213,2.2,0.00702686,hom,2
HG02655,LCLAT1,chr2,30465948,3.065,0.000468457,hom,2
HG02655,LCLAT1,chr2,30502223,10.67,0.000780762,hom,1
HG02655,LCLAT1,chr2,30504208,0.939,0.00343535,hom,1
HG02655,LCLAT1,chr2,30526327,0.572,0.000468457,hom,1
HG02655,LCLAT1,chr2,30531724,4.401,0.000468457,hom,1
HG02655,LCLAT1,chr2,30539109,2.021,0.00343535,hom,1
HG02655,LCLAT1,chr2,30555757,2.441,0.00343535,hom,1
HG02655,LCLAT1,chr2,30580558,3.154,0.00343535,hom,2
HG02655,CAPN13,chr2,30723016,1.6,0.00312305,hom,1
HG02655,CAPN13,chr2,30723471,1.038,0.00062461,hom,1
HG02655,CAPN13,chr2,30748883,0.234,0.000936914,hom,1
HG02655,CAPN13,chr2,30800727,4.626,0.00062461,hom,1
HG02655,GALNT14,chr2,30962158,0.486,0.000468457,hom,1
HG02655,GALNT14,chr2,30967293,1.863,0.00452842,hom,1
HG02655,GALNT14,chr2,30995946,3.662,0.000468457,hom,1
HG02655,GALNT14,chr2,31003615,2.623,0.000468457,hom,1
HG02655,GALNT14,chr2,31064320,0.506,0.00249844,hom,1
HG02655,EHD3,chr2,31245312,2.109,0.00124922,hom,1
HG02655,XDH,chr2,31369193,0.336,0.00062461,hom,1
HG02655,SRD5A2,chr2,31560009,0.144,0.00062461,hom,1
HG02655,MEMO1,chr2,31876107,0.903,0.00374766,hom,1
HG02655,MEMO1,chr2,31912145,1.445,0.000780762,hom,1
HG02655,MEMO1,chr2,31984922,6.511,0.00546533,hom,1
HG02655,SPAST,chr2,32093336,2.202,0.00109307,hom,1
HG02655,SLC30A6,chr2,32213796,0.56,0.00749532,het,2
HG02655,SLC30A6,chr2,32223148,3.002,0.00515303,hom,1
HG02655,NLRC4,chr2,32230841,2.689,0.00484072,hom,1
HG02655,BIRC6,chr2,32369961,3.129,0.00140537,hom,1
HG02655,BIRC6,chr2,32374233,1.239,0.00765147,hom,2
HG02655,LINC00486,chr2,32828154,2.506,0.00702686,hom,1
HG02655,LTBP1,chr2,32974169,4.055,0.00062461,hom,1
HG02655,LTBP1,chr2,33082442,5.696,0.00124922,hom,1
HG02655,LTBP1,chr2,33155994,0.522,0.00156152,hom,1
HG02655,LTBP1,chr2,33257486,8.029,0.00062461,hom,1
HG02655,LTBP1,chr2,33275671,3.181,0.00156152,hom,1
HG02655,LTBP1,chr2,33338660,5.592,0.00156152,hom,1
HG02655,LTBP1,chr2,33342925,24.4,0.000468457,hom,2
HG02655,LTBP1,chr2,33382462,2.997,0.00702686,hom,1
HG02655,RASGRP3,chr2,33444754,0.232,0.000468457,hom,2
HG02655,RASGRP3,chr2,33457974,6.642,0.00062461,hom,2
HG02655,RASGRP3,chr2,33473592,1.284,0.00187383,hom,2
HG02655,RASGRP3,chr2,33482658,1.028,0.000780762,hom,1
HG02655,RASGRP3,chr2,33503046,2.092,0.000468457,hom,1
HG02655,CRIM1,chr2,36474225,0.142,0.000468457,hom,1
HG02655,CRIM1,chr2,36487724,10.4,0.00156152,hom,1
HG02655,FEZ2,chr2,36571399,0.179,0.00234229,hom,1
HG02655,FEZ2,chr2,36585607,2.785,0.00234229,hom,1
HG02655,VIT,chr2,36738774,0.583,0.000468457,hom,1
HG02655,VIT,chr2,36758422,5.152,0.00249844,hom,1
HG02655,VIT,chr2,36789202,0.164,0.00936914,hom,2
HG02655,VIT,chr2,36798349,1.121,0.0095253,hom,2
HG02655,STRN,chr2,36876770,4.275,0.00265459,hom,1
HG02655,STRN,chr2,36906439,3.329,0.000468457,hom,1
HG02655,STRN,chr2,36931450,7.475,0.00109307,hom,2
HG02655,HEATR5B,chr2,37073427,5.053,0.000468457,hom,1
HG02655,EIF2AK2,chr2,37124410,2.922,0.00265459,hom,1
HG02655,EIF2AK2,chr2,37124494,0.462,0.000468457,hom,1
HG02655,PRKD3,chr2,37317369,0.694,0.00062461,hom,1
HG02655,QPCT,chr2,37358121,2.613,0.00718301,hom,1
HG02655,CDC42EP3,chr2,37647014,5.242,0.000468457,hom,1
HG02655,PIRAT1,chr2,37837596,7.331,0.000936914,hom,1
HG02655,PIRAT1,chr2,37869491,1.057,0.000936914,hom,1
HG02655,PIRAT1,chr2,37871101,2.147,0.000936914,hom,1
HG02655,RMDN2,chr2,37938474,1.33,0.000468457,hom,1
HG02655,RMDN2-AS1,chr2,37962265,2.487,0.000468457,hom,1
HG02655,RMDN2-AS1,chr2,38004146,25.3,0.000468457,hom,1
HG02655,RMDN2-AS1,chr2,38005784,6.414,0.00140537,hom,1
HG02655,RMDN2-AS1,chr2,38008661,3.399,0.000780762,hom,1
HG02655,CYP1B1-AS1,chr2,38132742,0.199,0.00218613,hom,1
HG02655,CYP1B1-AS1,chr2,38138539,4.211,0.00234229,hom,2
HG02655,ATL2,chr2,38302502,1.818,0.00390381,hom,1
HG02655,ATL2,chr2,38368123,5.333,0.00062461,het,2
HG02655,ATL2,chr2,38368124,2.622,0.000468457,het,1
HG02655,HNRNPLL,chr2,38598309,10.09,0.000468457,hom,2
HG02655,GALM,chr2,38667429,2.895,0.00109307,hom,1
HG02655,GALM,chr2,38667980,3.223,0.00109307,hom,2
HG02655,GALM,chr2,38696808,1.245,0.00780762,het,1
HG02655,GALM,chr2,38699391,3.798,0.00156152,hom,1
HG02655,GALM,chr2,38700602,3.44,0.00936914,hom,1
HG02655,GALM,chr2,38701945,0.921,0.00936914,hom,1
HG02655,GALM,chr2,38704940,8.279,0.00718301,hom,2
HG02655,GALM,chr2,38706573,0.075,0.00765147,hom,1
HG02655,GALM,chr2,38718831,1.588,0.00421611,hom,2
HG02655,GALM,chr2,38722091,1.092,0.000468457,hom,1
HG02655,GALM,chr2,38723498,12.36,0.00437227,hom,1
HG02655,GALM,chr2,38723882,2.939,0.00437227,hom,1
HG02655,GALM,chr2,38729166,0.703,0.00156152,hom,1
HG02655,GALM,chr2,38731353,0.086,0.00312305,hom,1
HG02655,GALM,chr2,38731392,2.889,0.00312305,hom,1
HG02655,GALM,chr2,38733476,13.76,0.00312305,hom,2
HG02655,SRSF7,chr2,38746924,4.676,0.00312305,hom,2
HG02655,SRSF7,chr2,38746962,1.287,0.0032792,hom,2
HG02655,SRSF7,chr2,38748012,3.644,0.00562149,hom,1
HG02655,SRSF7,chr2,38748517,0.232,0.0032792,hom,2
HG02655,SRSF7,chr2,38751364,13.07,0.00109307,hom,2
HG02655,GEMIN6,chr2,38779816,3.066,0.00468457,hom,1
HG02655,GEMIN6,chr2,38780665,1.273,0.00546533,hom,1
HG02655,GEMIN6,chr2,38781000,0.425,0.00843223,hom,1
HG02655,GEMIN6,chr2,38783076,1.431,0.00468457,hom,1
HG02655,GEMIN6,chr2,38783479,1.689,0.00546533,hom,1
HG02655,GEMIN6,chr2,38784606,6.94,0.00484072,hom,1
HG02655,DHX57,chr2,38807159,3.126,0.0095253,hom,2
HG02655,DHX57,chr2,38810050,0.238,0.00999375,hom,1
HG02655,DHX57,chr2,38875683,1.154,0.00156152,hom,2
HG02655,SOS1,chr2,39050734,0.006,0.000468457,hom,1
HG02655,SOS1,chr2,39062817,8.732,0.0095253,hom,1
HG02655,SOS1,chr2,39072755,1.831,0.000936914,hom,1
HG02655,SOS1,chr2,39093261,10.61,0.00359151,hom,1
HG02655,SOS1,chr2,39103441,3.099,0.000468457,hom,2
HG02655,CDKL4,chr2,39212269,1.859,0.00671455,hom,1
HG02655,MAP4K3,chr2,39254184,3.839,0.000468457,hom,1
HG02655,MAP4K3,chr2,39279102,3.732,0.000468457,hom,2
HG02655,MAP4K3,chr2,39319243,0.308,0.000468457,hom,1
HG02655,MAP4K3,chr2,39373215,7.452,0.000468457,hom,2
HG02655,MAP4K3,chr2,39395378,12.79,0.00234229,hom,1
HG02655,MAP4K3,chr2,39420498,0.916,0.000468457,hom,1
HG02655,MAP4K3-DT,chr2,39562746,3.987,0.000468457,hom,1
HG02655,MAP4K3-DT,chr2,39593510,0.374,0.00968145,hom,1
HG02655,TMEM178A,chr2,39668759,7.488,0.000780762,hom,1
HG02655,THUMPD2,chr2,39766593,0.177,0.000468457,hom,1
HG02655,SLC8A1-AS1,chr2,40011178,2.046,0.00343535,hom,1
HG02655,SLC8A1-AS1,chr2,40011184,2.426,0.00312305,hom,1
HG02655,SLC8A1-AS1,chr2,40046899,0.681,0.00124922,hom,1
HG02655,SLC8A1-AS1,chr2,40063459,1.397,0.00687071,hom,1
HG02655,SLC8A1-AS1,chr2,40065251,5.511,0.00249844,hom,1
HG02655,SLC8A1-AS1,chr2,40065940,3.906,0.00312305,hom,1
HG02655,SLC8A1-AS1,chr2,40066047,4.84,0.0032792,het,1
HG02655,SLC8A1-AS1,chr2,40066051,3.827,0.00671455,het,1
HG02655,SLC8A1,chr2,40163633,1.8,0.00593379,hom,1
HG02655,SLC8A1,chr2,40344246,2.405,0.000468457,hom,2
HG02655,SLC8A1,chr2,40354038,8.658,0.00109307,hom,2
HG02655,SLC8A1,chr2,40364815,4.588,0.000936914,hom,1
HG02655,SLC8A1,chr2,40387079,4.552,0.000936914,hom,1
HG02655,SLC8A1,chr2,40444395,1.557,0.00187383,hom,1
HG02655,SLC8A1,chr2,40482916,3.736,0.000468457,hom,1
HG02655,EML4-AS1,chr2,42145397,2.228,0.00374766,hom,1
HG02655,EML4,chr2,42184408,8.459,0.00124922,hom,1
HG02655,EML4,chr2,42193008,6.193,0.00546533,hom,1
HG02655,EML4,chr2,42242865,2.103,0.00124922,hom,1
HG02655,EML4,chr2,42273064,2.237,0.00359151,hom,1
HG02655,COX7A2L,chr2,42354239,5.69,0.00171768,hom,1
HG02655,COX7A2L,chr2,42362709,5.717,0.00421611,hom,2
HG02655,MTA3,chr2,42508846,1.368,0.000780762,hom,1
HG02655,MTA3,chr2,42591168,0.629,0.00405996,hom,1
HG02655,MTA3,chr2,42655344,0.124,0.00562149,hom,2
HG02655,MTA3,chr2,42677373,0.443,0.00187383,hom,1
HG02655,MTA3,chr2,42745800,6.206,0.000468457,hom,1
HG02655,LINC01819,chr2,43031747,2.787,0.000780762,hom,1
HG02655,LINC02580,chr2,43098541,5.838,0.00780762,hom,1
HG02655,LINC02580,chr2,43098762,2.004,0.00780762,hom,1
HG02655,THADA,chr2,43277450,1.827,0.00281074,hom,2
HG02655,THADA,chr2,43344832,0.378,0.00281074,hom,1
HG02655,THADA,chr2,43346689,5.416,0.00281074,hom,1
HG02655,THADA,chr2,43353631,3.453,0.00359151,hom,1
HG02655,THADA,chr2,43362282,3.897,0.00593379,hom,1
HG02655,THADA,chr2,43364799,7.527,0.00608994,hom,1
HG02655,THADA,chr2,43395984,4.752,0.000468457,hom,1
HG02655,THADA,chr2,43431557,1.771,0.000780762,het,1
HG02655,THADA,chr2,43431558,3.422,0.000780762,het,1
HG02655,PLEKHH2,chr2,43648032,0.882,0.00405996,hom,1
HG02655,ABCG5,chr2,43820512,5.304,0.00437227,hom,1
HG02655,ABCG8,chr2,43849354,0.844,0.000468457,hom,1
HG02655,LRPPRC,chr2,43943710,4.099,0.00312305,hom,2
HG02655,PREPL,chr2,44349639,5.121,0.000468457,hom,1
HG02655,CAMKMT,chr2,44372563,2.019,0.000468457,hom,1
HG02655,CAMKMT,chr2,44373742,3.544,0.00062461,hom,1
HG02655,CAMKMT,chr2,44494243,12.53,0.000468457,hom,1
HG02655,CAMKMT,chr2,44654197,10.12,0.0029669,hom,1
HG02655,CAMKMT,chr2,44669425,9.329,0.00999375,hom,1
HG02655,CAMKMT,chr2,44686061,13.83,0.000468457,hom,1
HG02655,CAMKMT,chr2,44726845,10.81,0.00796377,hom,1
HG02655,LINC01833,chr2,44933735,12.36,0.00749532,hom,2
HG02655,LINC01121,chr2,45203482,9.219,0.00390381,hom,1
HG02655,SRBD1,chr2,45452899,11.87,0.000780762,hom,1
HG02655,SRBD1,chr2,45462036,9.908,0.0029669,hom,1
HG02655,SRBD1,chr2,45478896,0.206,0.00187383,hom,1
HG02655,SRBD1,chr2,45491127,0.216,0.00265459,hom,1
HG02655,SRBD1,chr2,45532201,0.468,0.00249844,hom,1
HG02655,SRBD1,chr2,45541509,3.286,0.00249844,hom,1
HG02655,PRKCE,chr2,45963176,2.23,0.000312305,het,2
HG02655,PRKCE,chr2,45977145,1.118,0.00468457,hom,1
HG02655,PRKCE,chr2,45999723,0.278,0.0032792,hom,1
HG02655,PRKCE,chr2,46068597,0.113,0.000468457,hom,1
HG02655,PRKCE,chr2,46158725,10.39,0.00468457,hom,1
HG02655,EPAS1,chr2,46328795,10.23,0.000780762,hom,1
HG02655,EPAS1,chr2,46354908,2.245,0.000468457,hom,1
HG02655,LINC02583,chr2,46435232,6.955,0.000468457,hom,2
HG02655,LINC02583,chr2,46441573,3.746,0.000468457,hom,1
HG02655,RHOQ,chr2,46567187,3.439,0.000468457,hom,2
HG02655,RHOQ-AS1,chr2,46577733,4.349,0.000468457,hom,1
HG02655,PIGF,chr2,46587726,2.34,0.000468457,hom,1
HG02655,PIGF,chr2,46607536,3.438,0.000468457,hom,1
HG02655,SOCS5,chr2,46705059,0.904,0.000468457,hom,1
HG02655,SOCS5,chr2,46706996,1.047,0.00140537,hom,1
HG02655,SOCS5,chr2,46726590,10.1,0.000468457,hom,1
HG02655,LINC01118,chr2,46821457,0.343,0.00156152,hom,1
HG02655,MCFD2,chr2,46904174,4.156,0.00234229,hom,2
HG02655,TTC7A,chr2,46944688,7.334,0.00671455,hom,2
HG02655,TTC7A,chr2,46956119,3.211,0.00546533,hom,2
HG02655,TTC7A,chr2,46966677,0.404,0.000468457,hom,1
HG02655,TTC7A,chr2,47013519,2.337,0.00577764,hom,1
HG02655,STPG4,chr2,47106678,2.94,0.00499688,hom,2
HG02655,EPCAM-DT,chr2,47210118,1.793,0.00109307,hom,1
HG02655,EPCAM-DT,chr2,47226905,13.67,0.00109307,hom,1
HG02655,EPCAM-DT,chr2,47309763,0.65,0.00640225,hom,1
HG02655,MSH2,chr2,47454368,1.95,0.000468457,hom,1
HG02655,MSH2,chr2,47468941,4.136,0.00171768,hom,1
HG02655,MSH2,chr2,47495131,1.721,0.00171768,hom,1
HG02655,MSH2,chr2,47500160,4.725,0.000468457,hom,1
HG02655,FBXO11,chr2,47828609,3.557,0.00437227,het,1
HG02655,FBXO11,chr2,47842905,1.745,0.0095253,hom,2
HG02655,FBXO11,chr2,47845401,9.313,0.000468457,hom,2
HG02655,STON1,chr2,48595121,11.48,0.000468457,hom,1
HG02655,LHCGR,chr2,48713948,16.45,0.00249844,hom,2
HG02655,LHCGR,chr2,48716252,3.463,0.00749532,hom,1
HG02655,FSHR,chr2,48994581,12.68,0.00484072,hom,1
HG02655,FSHR,chr2,49008906,3.222,0.000468457,hom,1
HG02655,FSHR,chr2,49043445,1.206,0.00343535,hom,1
HG02655,NRXN1,chr2,49958601,1.138,0.000780762,hom,1
HG02655,NRXN1,chr2,49996168,8.756,0.00312305,hom,1
HG02655,NRXN1,chr2,50067085,2.688,0.00281074,hom,1
HG02655,NRXN1,chr2,50232892,0.24,0.00405996,hom,1
HG02655,NRXN1,chr2,50259200,4.797,0.000780762,hom,1
HG02655,NRXN1,chr2,50264100,0.041,0.00405996,hom,1
HG02655,NRXN1,chr2,50359737,0.626,0.000468457,hom,1
HG02655,NRXN1,chr2,50386114,7.254,0.000468457,hom,1
HG02655,NRXN1,chr2,50411289,5.827,0.000780762,hom,1
HG02655,NRXN1,chr2,50434892,20.2,0.000936914,hom,1
HG02655,NRXN1,chr2,50469985,0.983,0.000936914,hom,1
HG02655,NRXN1,chr2,50692834,7.453,0.00171768,hom,1
HG02655,NRXN1-DT,chr2,51189235,2.68,0.000468457,hom,1
HG02655,NRXN1-DT,chr2,51262143,1.73,0.00218613,hom,1
HG02655,NRXN1-DT,chr2,51316811,3.787,0.000936914,hom,1
HG02655,NRXN1-DT,chr2,51384127,1.868,0.000468457,hom,1
HG02655,NRXN1-DT,chr2,51390024,2.76,0.00843223,hom,1
HG02655,NRXN1-DT,chr2,51445312,2.782,0.00062461,hom,1
HG02655,NRXN1-DT,chr2,51697773,0.738,0.000780762,hom,1
HG02655,NRXN1-DT,chr2,51703258,0.087,0.000780762,hom,1
HG02655,NRXN1-DT,chr2,51713475,0.569,0.000780762,hom,1
HG02655,NRXN1-DT,chr2,51718414,5.694,0.000780762,hom,1
HG02655,NRXN1-DT,chr2,51731012,5.495,0.000780762,hom,1
HG02655,NRXN1-DT,chr2,51762519,0.583,0.000936914,hom,1
HG02655,NRXN1-DT,chr2,51779536,1.544,0.000936914,hom,1
HG02655,NRXN1-DT,chr2,51784394,7.239,0.000780762,hom,1
HG02655,NRXN1-DT,chr2,51817826,0.814,0.00546533,het,1
HG02655,NRXN1-DT,chr2,51836369,2.565,0.000468457,hom,1
HG02655,NRXN1-DT,chr2,51870070,1.623,0.0029669,hom,1
HG02655,NRXN1-DT,chr2,51874324,0.855,0.0029669,hom,1
HG02655,NRXN1-DT,chr2,51887973,1.28,0.0029669,hom,1
HG02655,NRXN1-DT,chr2,51906039,0.462,0.0029669,hom,1
HG02655,NRXN1-DT,chr2,51916221,0.456,0.0029669,hom,1
HG02655,NRXN1-DT,chr2,51916394,2.024,0.0029669,hom,1
HG02655,NRXN1-DT,chr2,52037565,1.815,0.00312305,hom,1
HG02655,NRXN1-DT,chr2,52037921,7.181,0.000468457,hom,1
HG02655,NRXN1-DT,chr2,52173010,0.433,0.000468457,hom,1
HG02655,NRXN1-DT,chr2,52175888,0.125,0.00843223,hom,1
HG02655,NRXN1-DT,chr2,52176143,1.514,0.00843223,hom,1
HG02655,NRXN1-DT,chr2,52207524,1.356,0.000468457,hom,1
HG02655,NRXN1-DT,chr2,52218630,1.461,0.00874454,hom,1
HG02655,NRXN1-DT,chr2,52224079,1.436,0.00281074,hom,1
HG02655,NRXN1-DT,chr2,52285894,3.08,0.00874454,hom,1
HG02655,NRXN1-DT,chr2,52296208,0.175,0.000468457,hom,2
HG02655,NRXN1-DT,chr2,52350337,0.306,0.00827608,hom,2
HG02655,NRXN1-DT,chr2,52351512,0.21,0.000468457,hom,1
HG02655,LINC01867,chr2,52379102,0.966,0.00827608,hom,1
HG02655,LOC105369165,chr2,52818824,0.069,0.000468457,hom,1
HG02655,LOC105369165,chr2,52921744,4.113,0.000468457,hom,1
HG02655,LOC105369165,chr2,52954642,0.668,0.000936914,hom,1
HG02655,LOC105369165,chr2,52972779,0.278,0.000468457,hom,2
HG02655,LOC105369165,chr2,52977777,0.818,0.00187383,het,2
HG02655,LOC105369165,chr2,53043314,1.097,0.000936914,hom,2
HG02655,LOC105369165,chr2,53157508,0.436,0.00437227,hom,2
HG02655,LOC105369165,chr2,53191330,4.384,0.00749532,hom,2
HG02655,GPR75-ASB3,chr2,53715678,7.435,0.000468457,hom,1
HG02655,GPR75-ASB3,chr2,53727131,6.189,0.00843223,hom,1
HG02655,CHAC2,chr2,53768310,0.762,0.000468457,hom,1
HG02655,CHAC2,chr2,53770564,0.929,0.00140537,hom,1
HG02655,ERLEC1,chr2,53789632,0.832,0.00874454,hom,1
HG02655,ERLEC1,chr2,53816405,4.052,0.000468457,hom,1
HG02655,PSME4,chr2,53912313,1.561,0.00874454,hom,1
HG02655,PSME4,chr2,53932635,4.462,0.0098376,hom,1
HG02655,ACYP2,chr2,53983860,2.851,0.00140537,hom,1
HG02655,ACYP2,chr2,54022580,0.372,0.000468457,hom,1
HG02655,ACYP2,chr2,54103839,1.342,0.00874454,hom,1
HG02655,ACYP2,chr2,54143032,1.891,0.00905684,hom,1
HG02655,ACYP2,chr2,54150730,2.755,0.00109307,het,1
HG02655,ACYP2,chr2,54160348,0.863,0.00874454,hom,1
HG02655,ACYP2,chr2,54177548,2.176,0.00140537,hom,1
HG02655,ACYP2,chr2,54201899,4.091,0.00687071,hom,1
HG02655,SPTBN1,chr2,54458089,3.38,0.00390381,hom,2
HG02655,SPTBN1-AS2,chr2,54673371,0.805,0.00733916,hom,2
HG02655,RTN4,chr2,54978418,0.275,0.000468457,hom,1
HG02655,RTN4,chr2,55070683,2.144,0.000936914,hom,1
HG02655,RTN4,chr2,55127314,1.568,0.00109307,hom,2
HG02655,CLHC1,chr2,55193016,0.998,0.00171768,hom,1
HG02655,MTIF2,chr2,55258811,5.289,0.00515303,het,1
HG02655,CCDC88A,chr2,55410296,7.684,0.00171768,hom,1
HG02655,CFAP36,chr2,55537447,0.169,0.00140537,hom,1
HG02655,PPP4R3B,chr2,55579316,1.989,0.000468457,hom,1
HG02655,PPP4R3B,chr2,55607297,0.379,0.0062461,hom,1
HG02655,PNPT1,chr2,55664343,1.474,0.00171768,hom,1
HG02655,CCDC85A,chr2,56235535,10.05,0.00640225,hom,1
HG02655,CCDC85A,chr2,56265197,2.175,0.00765147,hom,1
HG02655,CCDC85A,chr2,56356839,1.506,0.00593379,hom,1
HG02655,VRK2,chr2,57993889,19.75,0.000468457,hom,1
HG02655,VRK2,chr2,58004815,3.274,0.0095253,hom,1
HG02655,FANCL,chr2,58180517,3.337,0.00234229,hom,1
HG02655,FANCL,chr2,58181345,2.432,0.00234229,hom,1
HG02655,FANCL,chr2,58190393,0.115,0.0095253,hom,1
HG02655,FANCL,chr2,58192280,1.954,0.0095253,hom,1
HG02655,FANCL,chr2,58237615,2.919,0.00234229,hom,1
HG02655,LINC01795,chr2,58283338,0.603,0.00936914,hom,1
HG02655,LINC01795,chr2,58292877,0.283,0.00234229,hom,1
HG02655,LINC01122,chr2,58521089,1.68,0.00218613,hom,2
HG02655,LINC01122,chr2,58543169,0.372,0.00218613,hom,1
HG02655,LINC01122,chr2,58553744,9.052,0.00968145,hom,2
HG02655,LINC01122,chr2,58565596,0.957,0.00218613,hom,1
HG02655,LINC01122,chr2,58571392,8.33,0.00468457,hom,2
HG02655,LINC01122,chr2,58593996,14.66,0.00249844,hom,1
HG02655,LINC01122,chr2,58603535,8.458,0.00968145,hom,1
HG02655,LINC01122,chr2,58746994,8.618,0.00218613,hom,1
HG02655,LINC01122,chr2,58875834,0.003,0.00577764,hom,1
HG02655,LINC01122,chr2,58903600,0.384,0.000780762,hom,1
HG02655,LINC01122,chr2,59003006,0.568,0.00140537,hom,1
HG02655,MIR4432HG,chr2,60375350,5.423,0.000468457,hom,1
HG02655,MIR4432HG,chr2,60383672,7.04,0.0095253,hom,2
HG02655,BCL11A,chr2,60467099,0.839,0.00218613,het,1
HG02655,BCL11A,chr2,60467110,1.577,0.00452842,het,1
HG02655,BCL11A,chr2,60472917,0.868,0.00124922,hom,1
HG02655,BCL11A,chr2,60525092,20.9,0.000468457,hom,1
HG02655,BCL11A,chr2,60538820,21.3,0.000468457,hom,1
HG02655,REL-DT,chr2,60852776,2.466,0.00062461,hom,2
HG02655,REL-DT,chr2,60870070,2.685,0.000468457,hom,1
HG02655,REL,chr2,60900460,11.74,0.000468457,hom,1
HG02655,REL,chr2,60930120,8.299,0.000468457,hom,1
HG02655,PUS10,chr2,60968292,5.108,0.00062461,hom,2
HG02655,SANBR,chr2,61096139,10.13,0.00062461,hom,1
HG02655,C2orf74-AS1,chr2,61154724,0.385,0.00062461,hom,1
HG02655,USP34,chr2,61244202,8.522,0.00062461,hom,1
HG02655,USP34,chr2,61269854,3.833,0.00062461,hom,1
HG02655,USP34,chr2,61284605,0.184,0.00062461,hom,1
HG02655,USP34,chr2,61327535,1.141,0.00062461,hom,1
HG02655,USP34,chr2,61348985,0.118,0.00062461,hom,1
HG02655,USP34,chr2,61413956,0.568,0.00530918,het,2
HG02655,XPO1,chr2,61504314,2.687,0.000468457,hom,1
HG02655,XPO1,chr2,61515210,0.101,0.000780762,hom,1
HG02655,XPO1,chr2,61516861,1.367,0.00062461,hom,1
HG02655,XPO1,chr2,61516876,2.688,0.00062461,hom,1
HG02655,XPO1,chr2,61524436,1.64,0.00062461,hom,1
HG02655,CCT4,chr2,61883412,0.517,0.000780762,hom,2
HG02655,COMMD1,chr2,61941840,2.027,0.000468457,hom,1
HG02655,COMMD1,chr2,61942190,3.709,0.000780762,hom,2
HG02655,COMMD1,chr2,61969994,0.174,0.000468457,hom,1
HG02655,COMMD1,chr2,62021003,0.325,0.00562149,het,1
HG02655,COMMD1,chr2,62043094,13.13,0.000780762,hom,2
HG02655,COMMD1,chr2,62058550,10.38,0.00062461,hom,1
HG02655,COMMD1,chr2,62061578,4.397,0.00765147,hom,1
HG02655,COMMD1,chr2,62088724,5.659,0.00062461,hom,1
HG02655,COMMD1,chr2,62107731,2.784,0.000468457,hom,1
HG02655,EHBP1,chr2,62682217,8.874,0.00421611,hom,1
HG02655,EHBP1,chr2,62682698,3.311,0.00405996,hom,1
HG02655,EHBP1,chr2,62739873,10.42,0.00405996,hom,1
HG02655,EHBP1,chr2,62749117,1.503,0.00405996,hom,1
HG02655,EHBP1,chr2,62791104,5.215,0.00405996,hom,1
HG02655,EHBP1,chr2,62795379,5.053,0.00421611,hom,2
HG02655,EHBP1,chr2,62820710,1.18,0.0065584,het,1
HG02655,EHBP1,chr2,62831621,1.779,0.00796377,hom,1
HG02655,EHBP1,chr2,62838680,1.86,0.00171768,hom,1
HG02655,EHBP1,chr2,62868762,0.885,0.00405996,hom,1
HG02655,EHBP1,chr2,62891940,7.999,0.000468457,hom,1
HG02655,EHBP1,chr2,62894495,11.13,0.00562149,hom,1
HG02655,EHBP1,chr2,62917834,1.557,0.00171768,hom,1
HG02655,EHBP1,chr2,62928694,2.147,0.00593379,hom,1
HG02655,EHBP1,chr2,62950658,0.514,0.000468457,hom,1
HG02655,EHBP1,chr2,62974499,1.358,0.00577764,hom,1
HG02655,EHBP1,chr2,62995535,1.341,0.00796377,hom,1
HG02655,WDPCP,chr2,63189765,5.746,0.00312305,hom,1
HG02655,WDPCP,chr2,63192648,14.52,0.00452842,hom,1
HG02655,WDPCP,chr2,63210010,3.895,0.000468457,hom,1
HG02655,WDPCP,chr2,63211204,0.982,0.00452842,hom,1
HG02655,WDPCP,chr2,63314825,1.357,0.00468457,hom,1
HG02655,WDPCP,chr2,63353031,1.074,0.000468457,hom,1
HG02655,WDPCP,chr2,63408010,7.538,0.00640225,hom,1
HG02655,WDPCP,chr2,63451834,0.659,0.00062461,hom,1
HG02655,WDPCP,chr2,63455823,3.281,0.00640225,hom,1
HG02655,WDPCP,chr2,63456656,6.949,0.000468457,hom,1
HG02655,WDPCP,chr2,63479094,0.365,0.00890069,hom,1
HG02655,WDPCP,chr2,63523266,4.652,0.00171768,hom,1
HG02655,WDPCP,chr2,63559107,2.229,0.00218613,hom,1
HG02655,WDPCP,chr2,63586223,0.309,0.00312305,hom,2
HG02655,MDH1,chr2,63589408,8.983,0.00218613,hom,2
HG02655,VPS54,chr2,63959834,3.351,0.000468457,hom,1
HG02655,LINC00309,chr2,64196520,4.79,0.00062461,hom,1
HG02655,LGALSL,chr2,64460289,2.207,0.000468457,hom,1
HG02655,SERTAD2,chr2,64632890,3.018,0.00562149,hom,1
HG02655,LINC02245,chr2,64907017,0.734,0.000468457,hom,2
HG02655,SLC1A4,chr2,64992695,1.208,0.00265459,hom,2
HG02655,SLC1A4,chr2,65000405,4.489,0.00265459,hom,1
HG02655,LINC02576,chr2,65049948,0.803,0.000936914,hom,1
HG02655,SPRED2,chr2,65316007,6.506,0.00515303,hom,2
HG02655,SPRED2,chr2,65333863,10.54,0.00499688,hom,1
HG02655,SPRED2,chr2,65335135,2.007,0.00499688,hom,1
HG02655,SPRED2,chr2,65426288,12.28,0.000468457,hom,1
HG02655,SPRED2,chr2,65429711,10.7,0.000780762,hom,1
HG02655,LINC02934,chr2,65810032,1.857,0.00640225,het,1
HG02655,LINC02934,chr2,65814204,2.348,0.000468457,hom,2
HG02655,LINC02934,chr2,65822902,0.046,0.000468457,hom,1
HG02655,LINC02934,chr2,65834674,0.583,0.00890069,hom,1
HG02655,LINC02934,chr2,65855253,6.343,0.000468457,hom,1
HG02655,LINC02934,chr2,65865491,11.87,0.00562149,hom,1
HG02655,LINC02934,chr2,66049401,6.177,0.00484072,hom,1
HG02655,LINC01873,chr2,66386718,3.353,0.00124922,hom,1
HG02655,LINC01798,chr2,66593928,0.569,0.00062461,hom,1
HG02655,LINC01798,chr2,66632682,1.247,0.00359151,hom,1
HG02655,LINC01798,chr2,66646911,10.31,0.00374766,hom,2
HG02655,LINC01799,chr2,66914629,1.835,0.000468457,hom,1
HG02655,LINC01829,chr2,67137561,0.813,0.0065584,hom,1
HG02655,PPP3R1,chr2,68223714,5.723,0.00405996,hom,1
HG02655,APLF,chr2,68470952,0.42,0.00218613,hom,1
HG02655,APLF,chr2,68519190,1.145,0.00124922,hom,1
HG02655,APLF,chr2,68538929,0.419,0.00109307,hom,1
HG02655,PROKR1,chr2,68644272,2.374,0.00218613,hom,1
HG02655,PROKR1,chr2,68657268,0.824,0.00124922,hom,1
HG02655,ARHGAP25,chr2,68768390,1.306,0.000780762,hom,2
HG02655,GKN2,chr2,68945558,0.267,0.00780762,hom,1
HG02655,ANTXR1,chr2,69101679,0.597,0.00140537,hom,1
HG02655,TTL,chr2,112503625,0.306,0.00796377,hom,1
HG02655,TTL,chr2,112507103,3.859,0.000936914,hom,1
HG02655,TTL,chr2,112516966,0.911,0.00140537,hom,1
HG02655,TTL,chr2,112521457,0.225,0.00140537,hom,1
HG02655,SLC20A1,chr2,112654895,1.507,0.00780762,het,1
HG02655,SLC20A1,chr2,112659706,9.064,0.00218613,hom,2
HG02655,IL36B,chr2,113036947,1.102,0.00156152,hom,1
HG02655,ZNG1B,chr2,113474663,3.743,0.00546533,hom,1
HG02655,PGM5P4,chr2,113539637,2.346,0.00530918,het,2
HG02655,WASH2P,chr2,113587876,19.56,0.000468457,het,2
HG02655,WASH2P,chr2,113587948,10.14,0.00811992,het,2
HG02655,DDX11L2,chr2,113599267,14.24,0.00234229,het,2
HG02655,LINC02936,chr2,113703384,11.59,0.00249844,hom,1
HG02655,LINC02992,chr2,113978776,2.308,0.00109307,hom,2
HG02655,DPP10,chr2,114464936,0.561,0.00171768,hom,1
HG02655,DPP10,chr2,114749708,0.293,0.0029669,hom,1
HG02655,DPP10,chr2,114756326,0.072,0.000468457,hom,1
HG02655,DPP10,chr2,114766206,2.562,0.00062461,hom,1
HG02655,DPP10-AS1,chr2,115144153,1.573,0.000468457,hom,1
HG02655,DPP10-AS1,chr2,115147254,0.044,0.00109307,hom,1
HG02655,DPP10-AS1,chr2,115156357,4.365,0.000468457,hom,1
HG02655,CCDC93,chr2,117948090,7.883,0.00171768,hom,1
HG02655,CCDC93,chr2,117981644,0.082,0.00140537,hom,1
HG02655,MARCO,chr2,118961276,2.899,0.00374766,hom,1
HG02655,STEAP3,chr2,119229766,3.05,0.00765147,hom,1
HG02655,STEAP3-AS1,chr2,119244975,5.092,0.00187383,hom,1
HG02655,C2orf76,chr2,119306109,0.06,0.000468457,hom,1
HG02655,DBI,chr2,119371711,12.1,0.00265459,hom,1
HG02655,CFAP221,chr2,119548683,6.948,0.0029669,hom,1
HG02655,PTPN4,chr2,119831725,0.854,0.00062461,hom,1
HG02655,EPB41L5,chr2,120069502,0.323,0.000468457,hom,1
HG02655,EPB41L5,chr2,120104128,20.6,0.000468457,hom,2
HG02655,RALB,chr2,120283864,2.688,0.00218613,hom,2
HG02655,GLI2,chr2,120866817,8.936,0.000468457,hom,1
HG02655,GLI2,chr2,120956956,5.282,0.000468457,hom,1
HG02655,GLI2,chr2,120965592,5.099,0.00187383,hom,1
HG02655,CLASP1,chr2,121341437,0.692,0.000468457,hom,1
HG02655,CLASP1,chr2,121390587,2.524,0.00187383,hom,1
HG02655,CLASP1,chr2,121438376,6.059,0.00187383,hom,1
HG02655,NIFK-AS1,chr2,121726616,2.093,0.000468457,hom,1
HG02655,CNTNAP5,chr2,124156208,4.409,0.000468457,hom,1
HG02655,CNTNAP5,chr2,124409157,6.498,0.00749532,het,1
HG02655,CNTNAP5,chr2,124561308,0.008,0.00968145,hom,1
HG02655,CNTNAP5,chr2,124582202,1.072,0.000468457,hom,1
HG02655,CNTNAP5,chr2,124661635,1.401,0.00515303,hom,1
HG02655,CNTNAP5,chr2,124729218,1.252,0.00608994,hom,1
HG02655,CNTNAP5,chr2,124753076,4.472,0.00671455,hom,1
HG02655,CNTNAP5,chr2,124828247,0.929,0.00890069,hom,1
HG02655,BIN1,chr2,127064226,1.86,0.000936914,hom,1
HG02655,MAP3K2-DT,chr2,127390518,1.978,0.00202998,hom,1
HG02655,POLR2D,chr2,127853872,0.733,0.00187383,hom,1
HG02655,SAP130,chr2,127981295,1.136,0.00437227,het,1
HG02655,SAP130,chr2,128005483,1.899,0.000468457,hom,1
HG02655,UGGT1,chr2,128165805,1.235,0.00062461,hom,2
HG02655,UGGT1,chr2,128165809,2.376,0.00062461,hom,1
HG02655,HS6ST1,chr2,128298801,2.883,0.00062461,hom,1
HG02655,RAB6C-AS1,chr2,129974815,4.509,0.00062461,hom,2
HG02655,IFT172,chr2,27487527,16.86,0.000468457,hom,5
HG02686,PNO1,chr2,68165178,1.227,0.00124922,hom,1
HG02686,PPP3R1,chr2,68228738,3.634,0.00062461,hom,1
HG02686,CNRIP1,chr2,68319043,4.225,0.00140537,hom,2
HG02686,LOC101927723,chr2,68362913,3.385,0.00171768,hom,1
HG02686,PLEK,chr2,68376435,9.346,0.00062461,hom,1
HG02686,ARHGAP25,chr2,68757222,4.868,0.00062461,hom,1
HG02686,ARHGAP25,chr2,68757281,3.274,0.000936914,hom,1
HG02686,BMP10,chr2,68861307,0.465,0.000780762,hom,1
HG02686,BMP10,chr2,68867925,0.349,0.00218613,hom,1
HG02686,ANTXR1,chr2,69054161,1.64,0.00608994,hom,1
HG02686,ANTXR1,chr2,69067419,15.34,0.0062461,hom,1
HG02686,ANTXR1,chr2,69091473,1.765,0.00874454,hom,1
HG02686,NFU1,chr2,69438467,1.917,0.00405996,hom,2
HG02686,AAK1,chr2,69484651,2.73,0.00858838,hom,1
HG02686,ANXA4,chr2,69719287,0.315,0.00968145,hom,2
HG02686,ANXA4,chr2,69770828,0.298,0.00577764,hom,1
HG02686,SNRNP27,chr2,69894066,1.995,0.000780762,hom,2
HG02686,ASPRV1,chr2,69934221,1.211,0.000780762,hom,1
HG02686,PCBP1-AS1,chr2,69986605,0.765,0.00405996,hom,1
HG02686,PCBP1-AS1,chr2,70009296,3.578,0.00405996,hom,1
HG02686,TIA1,chr2,70210057,10.06,0.000780762,hom,1
HG02686,TIA1,chr2,70232931,3.488,0.00374766,hom,1
HG02686,PCYOX1,chr2,70273015,3.953,0.00374766,hom,1
HG02686,PCYOX1,chr2,70279769,0.7,0.00374766,hom,2
HG02686,ADD2,chr2,70747586,1.157,0.00109307,hom,1
HG02686,CLEC4F,chr2,70811583,7.887,0.00171768,hom,1
HG02686,VAX2,chr2,70903801,6.248,0.00109307,hom,2
HG02686,TEX261,chr2,70988066,5.683,0.000312305,het,2
HG02686,TEX261,chr2,70988518,5.515,0.00109307,hom,2
HG02686,DYSF,chr2,71488247,0.396,0.00156152,hom,1
HG02686,DYSF,chr2,71569720,6.498,0.000936914,hom,1
HG02686,DYSF,chr2,71684284,5.144,0.00124922,hom,1
HG02686,EXOC6B,chr2,72275935,20.1,0.00249844,hom,2
HG02686,EXOC6B,chr2,72312400,8.377,0.00249844,hom,1
HG02686,EXOC6B,chr2,72409972,1.039,0.00218613,hom,1
HG02686,EXOC6B,chr2,72439610,3.307,0.00062461,hom,1
HG02686,EXOC6B,chr2,72474235,0.373,0.000780762,hom,1
HG02686,EXOC6B,chr2,72490270,0.052,0.00062461,hom,1
HG02686,EXOC6B,chr2,72566069,3.358,0.00218613,hom,1
HG02686,EXOC6B,chr2,72584590,2.666,0.000312305,het,1
HG02686,EXOC6B,chr2,72620824,1.199,0.00234229,hom,1
HG02686,EXOC6B,chr2,72652379,22.2,0.00218613,hom,1
HG02686,EXOC6B,chr2,72667327,5.933,0.000780762,hom,1
HG02686,EXOC6B,chr2,72672242,4.937,0.00218613,hom,1
HG02686,EXOC6B,chr2,72675373,0.052,0.00062461,hom,1
HG02686,EXOC6B,chr2,72679704,0.64,0.000780762,hom,1
HG02686,EXOC6B,chr2,72702748,5.166,0.00577764,het,1
HG02686,EXOC6B,chr2,72749380,5.014,0.00234229,hom,2
HG02686,EXOC6B,chr2,72797551,1.344,0.00234229,hom,1
HG02686,EMX1,chr2,72930490,0.711,0.00187383,hom,1
HG02686,SFXN5,chr2,72949722,5.256,0.000312305,het,1
HG02686,SFXN5,chr2,72949966,10.8,0.0032792,hom,1
HG02686,SFXN5,chr2,72967535,0.557,0.00374766,hom,1
HG02686,SFXN5,chr2,72984778,10.84,0.00468457,hom,1
HG02686,SFXN5,chr2,72992917,1.176,0.00515303,hom,1
HG02686,RAB11FIP5,chr2,73098123,0.713,0.00124922,hom,1
HG02686,RAB11FIP5,chr2,73111666,9.652,0.00421611,hom,2
HG02686,FBXO41,chr2,73271317,5.448,0.00062461,hom,1
HG02686,TPRKB,chr2,73734256,0.479,0.00062461,hom,1
HG02686,STAMBP,chr2,73834282,2.373,0.00062461,hom,1
HG02686,TET3,chr2,73993082,1.157,0.000780762,hom,1
HG02686,BOLA3-DT,chr2,74151605,11.23,0.000780762,hom,2
HG02686,SLC4A5,chr2,74231185,0.12,0.00171768,hom,1
HG02686,SLC4A5,chr2,74284855,0.244,0.00062461,hom,1
HG02686,DCTN1,chr2,74385364,0.204,0.00062461,hom,1
HG02686,WDR54,chr2,74425517,2.118,0.00218613,hom,2
HG02686,RTKN,chr2,74429348,7.085,0.00156152,hom,1
HG02686,LBX2-AS1,chr2,74504472,5.779,0.00156152,hom,2
HG02686,HK2,chr2,74867619,2.5,0.00249844,hom,1
HG02686,HK2,chr2,74869962,0.88,0.000780762,hom,1
HG02686,LOC105374809,chr2,74926918,0.235,0.000780762,hom,1
HG02686,TACR1-AS1,chr2,75172788,3.824,0.00156152,hom,1
HG02686,TACR1-AS1,chr2,75191909,2.046,0.00452842,hom,2
HG02686,TACR1-AS1,chr2,75192447,1.663,0.00577764,hom,1
HG02686,TACR1-AS1,chr2,75219592,7.634,0.00562149,hom,2
HG02686,TACR1-AS1,chr2,75232542,3.804,0.00546533,hom,2
HG02686,UPP2,chr2,158038069,8.087,0.00437227,hom,1
HG02686,UPP2,chr2,158058076,0.526,0.00156152,hom,1
HG02686,UPP2,chr2,158113074,7.701,0.00437227,hom,2
HG02686,UPP2,chr2,158120615,1.111,0.00437227,hom,1
HG02686,CCDC148,chr2,158277721,0.684,0.00234229,hom,1
HG02686,CCDC148,chr2,158298820,1.336,0.00749532,hom,1
HG02686,PKP4,chr2,158486868,0.02,0.00608994,hom,2
HG02686,PKP4,chr2,158534106,0.154,0.00733916,hom,1
HG02686,TANC1,chr2,159071746,8.257,0.0098376,hom,2
HG02686,TANC1,chr2,159087114,6.001,0.0098376,hom,1
HG02686,TANC1,chr2,159094782,0.489,0.00062461,hom,1
HG02686,TANC1,chr2,159167770,3.658,0.00374766,hom,1
HG02686,TANC1,chr2,159183806,0.133,0.00811992,hom,1
HG02686,WDSUB1,chr2,159260940,6.964,0.00062461,hom,1
HG02686,WDSUB1,chr2,159273530,3.97,0.00843223,hom,1
HG02686,BAZ2B,chr2,159362479,0.602,0.00437227,hom,1
HG02686,BAZ2B,chr2,159394996,3.81,0.00437227,hom,1
HG02686,BAZ2B,chr2,159430376,3.841,0.00437227,hom,1
HG02686,LY75,chr2,159892176,0.502,0.00640225,hom,2
HG02686,PLA2R1,chr2,159952251,5.064,0.000780762,hom,1
HG02686,PLA2R1,chr2,159953920,2.379,0.0095253,hom,1
HG02686,TANK,chr2,161174515,0.053,0.0098376,hom,1
HG02686,PSMD14-DT,chr2,161232342,8.794,0.0098376,hom,1
HG02686,LINC01806,chr2,161247309,7.28,0.000780762,hom,1
HG02686,PSMD14,chr2,161376788,1.868,0.00062461,hom,1
HG02686,SLC4A10,chr2,161658122,8.234,0.000780762,hom,1
HG02686,SLC4A10,chr2,161667382,0.74,0.00780762,hom,1
HG02686,SLC4A10,chr2,161673792,1.522,0.00171768,hom,1
HG02686,SLC4A10,chr2,161692896,1.614,0.00765147,hom,1
HG02686,SLC4A10,chr2,161702964,1.195,0.00218613,hom,1
HG02686,SLC4A10,chr2,161712159,10.07,0.00171768,hom,1
HG02686,SLC4A10,chr2,161716999,4.444,0.00218613,hom,1
HG02686,SLC4A10,chr2,161726315,1.142,0.00702686,hom,1
HG02686,SLC4A10,chr2,161807387,0.382,0.00171768,hom,1
HG02686,SLC4A10,chr2,161832156,0.68,0.00171768,hom,1
HG02686,DPP4,chr2,162003398,3.213,0.00171768,hom,1
HG02686,LOC101929532,chr2,162134098,4.393,0.00249844,hom,2
HG02686,FAP,chr2,162208122,1.425,0.00562149,hom,1
HG02686,FAP,chr2,162233590,2.241,0.000780762,hom,2
HG02686,KCNH7,chr2,162515978,0.744,0.000936914,hom,1
HG02686,KCNH7,chr2,162539245,16.95,0.00312305,hom,1
HG02686,KCNH7,chr2,162576688,2.729,0.00234229,hom,1
HG02686,KCNH7-AS1,chr2,162774754,4.007,0.000780762,hom,1
HG02686,KCNH7-AS1,chr2,162793136,2.594,0.000780762,hom,1
HG02686,FIGN,chr2,163614143,10.53,0.000780762,hom,2
HG02686,FIGN,chr2,163682773,2.365,0.00171768,hom,1
HG02686,FIGN,chr2,163683674,15.71,0.000780762,hom,1
HG02686,FIGN,chr2,163690572,0.502,0.000780762,hom,1
HG02686,GRB14,chr2,164517017,6.283,0.00249844,hom,1
HG02686,GRB14,chr2,164590146,1.608,0.00374766,hom,1
HG02686,SCN3A,chr2,165102357,0.057,0.00733916,hom,1
HG02686,SCN3A,chr2,165155510,1.53,0.00218613,hom,1
HG02686,SCN2A,chr2,165255984,0.049,0.00811992,hom,1
HG02686,SCN2A,chr2,165348442,6.733,0.00921299,hom,1
HG02686,SCN2A,chr2,165355830,1.052,0.00890069,hom,1
HG02686,SCN2A,chr2,165370944,1.657,0.00124922,hom,1
HG02686,SCN2A,chr2,165374050,5.188,0.00062461,hom,2
HG02686,CSRNP3,chr2,165490031,2.257,0.00140537,hom,1
HG02686,CSRNP3,chr2,165521752,2.703,0.00062461,hom,2
HG02686,CSRNP3,chr2,165522056,1.509,0.00874454,hom,1
HG02686,CSRNP3,chr2,165526321,0.483,0.00124922,hom,1
HG02686,CSRNP3,chr2,165536197,0.414,0.00874454,hom,1
HG02686,CSRNP3,chr2,165544126,5.383,0.000780762,hom,1
HG02686,CSRNP3,chr2,165552982,0.772,0.00468457,hom,1
HG02686,CSRNP3,chr2,165558414,2.176,0.00468457,hom,1
HG02686,GALNT3,chr2,165780725,2.924,0.00140537,hom,1
HG02686,TTC21B,chr2,165877023,0.032,0.00124922,hom,2
HG02686,TTC21B,chr2,165921658,4.975,0.00156152,hom,1
HG02686,TTC21B-AS1,chr2,165941046,13.86,0.00156152,hom,1
HG02686,LOC102724058,chr2,165965964,3.274,0.00218613,hom,1
HG02686,SCN1A-AS1,chr2,166104426,0.212,0.00218613,hom,1
HG02686,SCN1A-AS1,chr2,166114295,5.026,0.00156152,hom,1
HG02686,SCN1A-AS1,chr2,166140740,13.69,0.00187383,hom,1
HG02686,SCN1A-AS1,chr2,166142340,5.16,0.00187383,hom,1
HG02686,SCN1A-AS1,chr2,166155695,2.318,0.000936914,hom,1
HG02686,SCN9A,chr2,166222368,6.878,0.00124922,hom,1
HG02686,SCN9A,chr2,166245433,0.166,0.00968145,hom,1
HG02686,SCN9A,chr2,166263132,0.684,0.0095253,hom,1
HG02686,SCN9A,chr2,166352134,8.591,0.00140537,hom,1
HG02686,SCN7A,chr2,166433555,0.634,0.00905684,hom,1
HG02686,SCN7A,chr2,166456565,7.691,0.00140537,hom,1
HG02686,XIRP2,chr2,167010286,2.514,0.00733916,hom,1
HG02686,XIRP2,chr2,167063939,2.188,0.00062461,hom,1
HG02686,XIRP2,chr2,167100057,6.215,0.00608994,hom,1
HG02686,B3GALT1,chr2,167323252,0.113,0.0098376,hom,1
HG02686,B3GALT1,chr2,167456771,0.982,0.0065584,hom,1
HG02686,B3GALT1,chr2,167510777,15.35,0.00140537,hom,1
HG02686,B3GALT1,chr2,167560121,3.782,0.00062461,hom,2
HG02686,B3GALT1,chr2,167565361,2.225,0.00140537,hom,1
HG02686,B3GALT1,chr2,167626762,0.218,0.00171768,hom,2
HG02686,B3GALT1,chr2,167672090,1.251,0.00811992,hom,1
HG02686,B3GALT1,chr2,167785995,13.28,0.00343535,hom,2
HG02686,B3GALT1,chr2,167808048,5.988,0.00062461,hom,1
HG02686,B3GALT1-AS1,chr2,167839692,3.011,0.00936914,hom,1
HG02686,STK39,chr2,167956386,6.73,0.0065584,hom,1
HG02686,STK39,chr2,167975544,0.879,0.00874454,hom,1
HG02686,STK39,chr2,168048019,9.442,0.00062461,hom,1
HG02686,STK39,chr2,168113584,1.518,0.00999375,hom,1
HG02686,NOSTRIN,chr2,168788086,0.235,0.00062461,hom,1
HG02686,NOSTRIN,chr2,168845320,1.292,0.00530918,hom,1
HG02686,LRP2,chr2,169155944,1.646,0.00062461,hom,1
HG02686,LRP2,chr2,169237007,0.63,0.00702686,hom,1
HG02686,NABP1,chr2,191684378,2.588,0.00062461,hom,2
HG02686,TMEFF2,chr2,192079875,8.313,0.00062461,hom,1
HG02686,TMEFF2,chr2,192084526,4.852,0.00202998,hom,1
HG02686,TMEFF2,chr2,192096865,3.02,0.000780762,hom,1
HG02686,TMEFF2,chr2,192132205,1.946,0.00234229,hom,1
HG02686,TMEFF2,chr2,192178784,1.883,0.00577764,hom,1
HG02686,LINC01821,chr2,194358255,2.729,0.00312305,hom,1
HG02686,LINC01790,chr2,194760692,7.518,0.00062461,hom,2
HG02686,DNAH7,chr2,195823553,6.934,0.00874454,hom,1
HG02686,DNAH7,chr2,195888760,4.83,0.00140537,hom,1
HG02686,DNAH7,chr2,195918575,1.222,0.00921299,hom,1
HG02686,DNAH7,chr2,195934204,5.524,0.00062461,hom,1
HG02686,DNAH7,chr2,195935829,1.174,0.00140537,hom,1
HG02686,DNAH7,chr2,195962089,3.645,0.00140537,hom,1
HG02686,DNAH7,chr2,195978230,6.375,0.00062461,hom,1
HG02686,DNAH7,chr2,196036257,0.761,0.00062461,hom,1
HG02686,STK17B,chr2,196134029,16.05,0.00968145,hom,1
HG02686,STK17B,chr2,196143322,9.343,0.000780762,hom,1
HG02686,STK17B,chr2,196153156,7.739,0.00968145,hom,1
HG02686,STK17B,chr2,196165530,0.551,0.00718301,hom,2
HG02686,CCDC150,chr2,196644007,3.387,0.00671455,hom,2
HG02686,CCDC150,chr2,196695922,2.899,0.00062461,hom,1
HG02686,PGAP1,chr2,196906948,2.449,0.00249844,hom,1
HG02686,ANKRD44,chr2,197119326,0.278,0.00062461,hom,1
HG02686,ANKRD44-IT1,chr2,197275081,0.962,0.00249844,hom,1
HG02686,ANKRD44-IT1,chr2,197292249,1.269,0.00062461,hom,1
HG02686,ANKRD44-IT1,chr2,197301039,1.182,0.000780762,hom,2
HG02686,COQ10B,chr2,197456194,0.488,0.000936914,hom,1
HG02686,HSPE1-MOB4,chr2,197514948,6.491,0.00062461,hom,2
HG02686,MOB4,chr2,197517623,4.098,0.00218613,hom,1
HG02686,MOB4,chr2,197542030,8.577,0.00062461,hom,1
HG02686,RFTN2,chr2,197669214,5.671,0.00124922,hom,1
HG02686,PLCL1,chr2,197902200,3.677,0.00124922,hom,1
HG02686,PLCL1,chr2,198038475,0.031,0.00062461,hom,1
HG02686,PLCL1,chr2,198116395,0.085,0.000780762,hom,1
HG02686,SATB2,chr2,199289955,4.09,0.00109307,hom,1
HG02686,SATB2,chr2,199297626,6.488,0.00515303,hom,1
HG02686,SATB2,chr2,199348423,7.807,0.00499688,hom,1
HG02686,SATB2,chr2,199460221,12.95,0.00109307,hom,2
HG02686,SATB2,chr2,199464794,7.191,0.00546533,hom,1
HG02686,FTCDNL1,chr2,199828599,2.241,0.00124922,hom,1
HG02686,C2orf69,chr2,199918448,1.052,0.00062461,hom,1
HG02686,TYW5,chr2,199942952,2.165,0.00062461,hom,1
HG02686,SPATS2L,chr2,200351871,4.744,0.00062461,hom,2
HG02686,SPATS2L,chr2,200378617,12.09,0.000936914,hom,2
HG02686,SPATS2L,chr2,200415178,12.59,0.00390381,hom,1
HG02686,SPATS2L,chr2,200416688,7.401,0.000936914,hom,1
HG02686,AOX3P-AOX2P,chr2,200699317,2.444,0.00187383,hom,1
HG02686,LINC01792,chr2,200717723,0.094,0.00156152,hom,1
HG02686,BZW1,chr2,200815940,5.218,0.00156152,hom,2
HG02686,NIF3L1,chr2,200896012,0.543,0.000780762,hom,2
HG02686,HYCC2,chr2,201047961,5.986,0.00062461,hom,1
HG02686,CATSPERT,chr2,201536109,0.383,0.00202998,hom,1
HG02686,CATSPERT,chr2,201558157,2.096,0.00202998,hom,2
HG02686,MPP4,chr2,201669061,1.836,0.00796377,hom,2
HG02686,MPP4,chr2,201679573,0.075,0.00062461,hom,1
HG02686,ALS2,chr2,201736467,11.08,0.00359151,hom,1
HG02686,CDK15,chr2,201836670,1.133,0.00062461,hom,1
HG02686,CDK15,chr2,201838965,1.758,0.00390381,hom,1
HG02686,SUMO1,chr2,202225534,0.701,0.00171768,hom,1
HG02686,BMPR2,chr2,202422719,1.672,0.00156152,hom,1
HG02686,BMPR2,chr2,202428451,0.736,0.00530918,hom,1
HG02686,BMPR2,chr2,202485060,1.251,0.00562149,hom,1
HG02686,BMPR2,chr2,202554003,0.022,0.00562149,hom,1
HG02686,FAM117B,chr2,202654027,5.531,0.00062461,hom,1
HG02686,FAM117B,chr2,202667163,0.241,0.00405996,hom,1
HG02686,FAM117B,chr2,202673896,8.686,0.00062461,hom,1
HG02686,FAM117B,chr2,202689191,8.713,0.00421611,hom,1
HG02686,FAM117B,chr2,202690866,0.266,0.00062461,hom,1
HG02686,FAM117B,chr2,202695489,1.152,0.00405996,hom,1
HG02686,CARF,chr2,202932318,1.551,0.00187383,hom,1
HG02686,CARF,chr2,202941328,6.098,0.00468457,hom,1
HG02686,CARF,chr2,202945365,0.946,0.00062461,hom,1
HG02686,CARF,chr2,202986740,13.19,0.00062461,hom,1
HG02686,NBEAL1,chr2,203019320,2.279,0.00187383,hom,2
HG02686,NBEAL1,chr2,203112436,2.132,0.00484072,hom,1
HG02686,NBEAL1,chr2,203117025,2.17,0.00468457,hom,1
HG02686,NBEAL1,chr2,203119005,3.897,0.00484072,hom,1
HG02686,NBEAL1,chr2,203143898,3.954,0.00062461,hom,1
HG02686,NBEAL1,chr2,203172937,0.313,0.0065584,hom,1
HG02686,ABI2,chr2,203350003,1.027,0.00468457,hom,1
HG02686,RAPH1,chr2,203456763,5.568,0.00484072,hom,1
HG02686,CTLA4,chr2,203872598,13.67,0.00577764,hom,1
HG02686,PARD3B,chr2,204621240,5.111,0.00062461,hom,1
HG02686,PARD3B,chr2,204650702,0.508,0.00827608,hom,1
HG02686,PARD3B,chr2,204692036,0.051,0.00312305,hom,1
HG02686,PARD3B,chr2,204860780,7.551,0.00718301,hom,1
HG02686,PARD3B,chr2,204920131,1.42,0.00109307,hom,1
HG02686,PARD3B,chr2,204983947,1.879,0.00187383,hom,1
HG02686,PARD3B,chr2,205005971,0.803,0.000780762,hom,1
HG02686,PARD3B,chr2,205028248,0.936,0.00171768,hom,1
HG02686,PARD3B,chr2,205054451,1.897,0.00343535,hom,2
HG02686,PARD3B,chr2,205082602,1.305,0.00171768,hom,1
HG02686,PARD3B,chr2,205151738,1.297,0.00171768,hom,1
HG02686,PARD3B,chr2,205442606,0.892,0.00515303,hom,1
HG02686,PARD3B,chr2,205453860,10.47,0.00452842,hom,1
HG02686,PARD3B,chr2,205463461,7.367,0.00109307,hom,2
HG02686,PARD3B,chr2,205500679,3.543,0.00187383,hom,1
HG02686,PARD3B,chr2,205526124,0.357,0.00140537,hom,1
HG02686,PARD3B,chr2,205573557,1.17,0.0098376,hom,1
HG02686,PARD3B,chr2,205612277,1.051,0.00109307,hom,2
HG02686,NRP2,chr2,205761841,5.614,0.00936914,hom,1
HG02686,NRP2,chr2,205785369,0.369,0.000936914,hom,1
HG02686,CMKLR2,chr2,206194033,6.079,0.00827608,hom,2
HG02686,ADAM23,chr2,206471562,0.99,0.000780762,hom,1
HG02686,TMEM237,chr2,201630268,12.68,0.00109307,hom,5
HG02734,LINC00954,chr2,19869247,2.614,0.00156152,hom,2
HG02734,WDR35,chr2,19962650,9.894,0.00109307,hom,1
HG02734,LAPTM4A-DT,chr2,20053468,6.652,0.00312305,hom,1
HG02734,LAPTM4A-DT,chr2,20075648,0.922,0.00312305,hom,1
HG02734,PUM2,chr2,20258692,3.736,0.000780762,hom,1
HG02734,PUM2,chr2,20323948,2.374,0.000780762,hom,1
HG02734,HS1BP3,chr2,20634699,2.517,0.00733916,hom,2
HG02734,LDAH,chr2,20786311,2.724,0.00890069,hom,1
HG02734,LDAH,chr2,20787239,8.771,0.00187383,hom,1
HG02734,APOB,chr2,21038974,3.309,0.0062461,hom,2
HG02734,KHK,chr2,27097962,3.097,0.00702686,hom,2
HG02734,PREB,chr2,27134005,8.135,0.000780762,hom,2
HG02734,SLC5A6,chr2,27203009,0.339,0.00390381,hom,1
HG02734,SLC5A6,chr2,27209019,3.416,0.00343535,hom,2
HG02734,IFT172,chr2,27465323,6.683,0.000780762,hom,1
HG02734,GCKR,chr2,27498613,7.386,0.00249844,hom,1
HG02734,GCKR,chr2,27511617,2.121,0.00390381,hom,1
HG02734,SPATA31H1,chr2,27539944,4.967,0.00124922,het,1
HG02734,SPATA31H1,chr2,27557764,3.745,0.00593379,het,1
HG02734,ZNF512,chr2,27604883,2.904,0.00156152,hom,1
HG02734,SLC4A1AP,chr2,27684288,0.31,0.00156152,hom,1
HG02734,SLC4A1AP,chr2,27689898,0.03,0.00281074,hom,1
HG02734,LOC105374378,chr2,27719893,0.096,0.00390381,hom,2
HG02734,MRPL33,chr2,27776639,8.498,0.00390381,hom,2
HG02734,LOC100505736,chr2,28173444,0.151,0.00405996,hom,1
HG02734,LOC100505736,chr2,28178150,7.268,0.00156152,hom,1
HG02734,LOC100505736,chr2,28179348,0.837,0.00405996,hom,1
HG02734,LOC100505736,chr2,28206728,12.29,0.00343535,hom,1
HG02734,PLB1,chr2,28542404,1.369,0.00218613,hom,1
HG02734,PLB1,chr2,28598938,0.704,0.00062461,hom,1
HG02734,PCARE,chr2,29071387,1.003,0.00218613,hom,1
HG02734,CLIP4,chr2,29156244,8.585,0.000468457,hom,1
HG02734,ALK,chr2,29355636,19.5,0.000468457,hom,1
HG02734,ALK,chr2,29394252,0.158,0.00343535,hom,1
HG02734,LCLAT1,chr2,30556026,4.434,0.00109307,hom,1
HG02734,LCLAT1,chr2,30559615,0.219,0.000468457,hom,1
HG02734,LCLAT1,chr2,30563174,1.658,0.00062461,hom,1
HG02734,LCLAT1,chr2,30571584,5.891,0.00062461,hom,1
HG02734,LCLAT1,chr2,30643945,0.066,0.000468457,hom,1
HG02734,CAPN13,chr2,30732833,0.375,0.00608994,hom,1
HG02734,GALNT14,chr2,30959784,7.37,0.000468457,hom,1
HG02734,GALNT14,chr2,30964392,1.012,0.000780762,hom,1
HG02734,GALNT14,chr2,30985751,2.253,0.000312305,het,1
HG02734,GALNT14,chr2,31038114,5.951,0.00640225,het,1
HG02734,GALNT14,chr2,31038116,4.758,0.00780762,het,1
HG02734,GALNT14,chr2,31090860,8.692,0.00265459,hom,1
HG02734,GALNT14,chr2,31104026,2.214,0.0062461,hom,1
HG02734,XDH,chr2,31336855,1.777,0.00062461,het,1
HG02734,XDH,chr2,31363936,0.548,0.00780762,hom,1
HG02734,MEMO1,chr2,31885346,5.45,0.00156152,hom,1
HG02734,DPY30,chr2,32015618,0.328,0.000468457,hom,1
HG02734,BIRC6,chr2,32485251,0.025,0.000468457,hom,1
HG02734,LTBP1,chr2,32986643,2.583,0.000468457,hom,1
HG02734,LTBP1,chr2,33016085,0.176,0.000468457,hom,1
HG02734,LTBP1,chr2,33025279,0.855,0.00171768,hom,1
HG02734,LTBP1,chr2,33074601,1.975,0.00124922,hom,1
HG02734,LTBP1,chr2,33105393,0.091,0.000936914,hom,1
HG02734,LTBP1,chr2,33115328,3.076,0.00124922,het,1
HG02734,LTBP1,chr2,33348371,0.009,0.000468457,hom,1
HG02734,LTBP1,chr2,33382158,0.417,0.000468457,hom,1
HG02734,RASGRP3,chr2,33483891,1.309,0.000468457,hom,2
HG02734,RASGRP3,chr2,33536322,1.877,0.00468457,hom,1
HG02734,RASGRP3-AS1,chr2,33568966,7.693,0.000936914,hom,2
HG02734,LINC01317,chr2,33711106,1.282,0.00062461,hom,1
HG02734,CRIM1,chr2,36391184,2.874,0.00109307,hom,1
HG02734,CRIM1,chr2,36456327,0.005,0.00437227,hom,1
HG02734,CRIM1,chr2,36528686,6.698,0.00562149,hom,2
HG02734,FEZ2,chr2,36555638,6.31,0.00546533,hom,2
HG02734,FEZ2,chr2,36564822,0.857,0.00562149,hom,1
HG02734,FEZ2,chr2,36583188,6.795,0.00530918,hom,1
HG02734,VIT,chr2,36699531,1.113,0.00780762,hom,1
HG02734,VIT,chr2,36703030,1.753,0.00343535,hom,1
HG02734,VIT,chr2,36731488,6.487,0.000468457,hom,1
HG02734,VIT,chr2,36741606,22.1,0.00234229,hom,1
HG02734,VIT,chr2,36761371,1.453,0.000780762,hom,1
HG02734,VIT,chr2,36787969,0.265,0.00452842,hom,1
HG02734,VIT,chr2,36804963,1.174,0.00437227,hom,1
HG02734,STRN,chr2,36875996,1.937,0.00140537,hom,1
HG02734,HEATR5B,chr2,36994803,1.967,0.00562149,hom,1
HG02734,HEATR5B,chr2,37058617,6.801,0.00530918,hom,1
HG02734,GPATCH11,chr2,37091470,0.137,0.00499688,hom,1
HG02734,EIF2AK2,chr2,37136411,7.483,0.00546533,hom,1
HG02734,CEBPZ,chr2,37206704,6.317,0.00405996,hom,2
HG02734,CEBPZ,chr2,37229114,11.56,0.000468457,hom,1
HG02734,NDUFAF7,chr2,37239120,2.487,0.00312305,hom,1
HG02734,PRKD3,chr2,37303150,3.185,0.000468457,hom,1
HG02734,QPCT,chr2,37353820,1.076,0.00405996,hom,1
HG02734,QPCT,chr2,37362221,3.499,0.00124922,hom,2
HG02734,LINC03063,chr2,37567788,4.409,0.00405996,hom,1
HG02734,LINC03063,chr2,37603273,6.296,0.00171768,hom,1
HG02734,CDC42EP3,chr2,37649111,5.881,0.000468457,hom,2
HG02734,CDC42EP3,chr2,37663360,2.29,0.00140537,hom,2
HG02734,PIRAT1,chr2,37836344,5.222,0.000468457,hom,1
HG02734,PIRAT1,chr2,37872096,12.74,0.00234229,hom,1
HG02734,RMDN2,chr2,37932508,2.452,0.00780762,hom,1
HG02734,ATL2,chr2,38348242,1.937,0.00202998,hom,1
HG02734,GALM,chr2,38685260,1.971,0.0029669,hom,1
HG02734,GALM,chr2,38691393,0.604,0.00546533,hom,1
HG02734,GALM,chr2,38733869,10.43,0.00265459,hom,1
HG02734,GEMIN6,chr2,38781212,0.932,0.000936914,hom,1
HG02734,DHX57,chr2,38828736,0.126,0.000780762,hom,1
HG02734,SOS1,chr2,39116437,0.219,0.00437227,hom,1
HG02734,MAP4K3,chr2,39303016,1.707,0.000936914,hom,1
HG02734,MAP4K3,chr2,39342739,0.243,0.00062461,hom,1
HG02734,MAP4K3,chr2,39358094,4.352,0.00796377,hom,1
HG02734,MAP4K3,chr2,39374539,1.14,0.00062461,hom,1
HG02734,MAP4K3,chr2,39409634,3.649,0.00843223,hom,1
HG02734,MAP4K3-DT,chr2,39443455,1.614,0.00062461,hom,1
HG02734,MAP4K3-DT,chr2,39466944,2.484,0.00062461,hom,1
HG02734,MAP4K3-DT,chr2,39596838,0.935,0.00234229,hom,1
HG02734,TMEM178A,chr2,39711648,0.969,0.00374766,hom,1
HG02734,SLC8A1-AS1,chr2,39961807,4.267,0.000780762,hom,1
HG02734,SLC8A1-AS1,chr2,39985207,2.329,0.000780762,hom,1
HG02734,SLC8A1-AS1,chr2,39995822,1.312,0.00062461,hom,1
HG02734,SLC8A1-AS1,chr2,40028064,9.533,0.00140537,hom,1
HG02734,SLC8A1-AS1,chr2,40079474,2.124,0.00452842,hom,1
HG02734,SLC8A1-AS1,chr2,40086801,1.711,0.0098376,hom,1
HG02734,SLC8A1-AS1,chr2,40096565,6.481,0.000468457,hom,2
HG02734,SLC8A1,chr2,40106486,0.531,0.00343535,hom,1
HG02734,SLC8A1,chr2,40169992,2.024,0.00202998,hom,1
HG02734,SLC8A1,chr2,40292589,11.46,0.000936914,hom,1
HG02734,SLC8A1,chr2,40306122,0.019,0.00171768,hom,1
HG02734,SLC8A1,chr2,40307509,0.672,0.000936914,hom,1
HG02734,SLC8A1,chr2,40351118,1.193,0.00124922,hom,2
HG02734,SLC8A1,chr2,40364516,1.876,0.00249844,hom,1
HG02734,SLC8A1,chr2,40477498,0.622,0.0029669,hom,1
HG02734,LINC01794,chr2,40764928,12.64,0.00530918,hom,1
HG02734,LINC02898,chr2,41940613,0.335,0.00843223,hom,2
HG02734,EML4,chr2,42185056,3.692,0.00359151,hom,1
HG02734,EML4,chr2,42187652,0.823,0.00905684,hom,1
HG02734,EML4,chr2,42251116,1.327,0.00062461,hom,2
HG02734,EML4,chr2,42322332,9.963,0.000468457,hom,2
HG02734,EML4,chr2,42327891,0.523,0.000468457,hom,1
HG02734,COX7A2L,chr2,42354561,1.564,0.00374766,hom,1
HG02734,COX7A2L,chr2,42363015,0.749,0.00374766,hom,2
HG02734,KCNG3,chr2,42443762,4.258,0.00062461,hom,1
HG02734,KCNG3,chr2,42478259,0.511,0.00390381,hom,1
HG02734,MTA3,chr2,42591990,0.389,0.00062461,hom,1
HG02734,MTA3,chr2,42605929,4.105,0.00405996,het,1
HG02734,MTA3,chr2,42652188,0.993,0.00062461,hom,1
HG02734,MTA3,chr2,42700121,0.182,0.000936914,hom,1
HG02734,MTA3,chr2,42720564,2.144,0.00780762,hom,1
HG02734,MTA3,chr2,42728039,9.888,0.00437227,hom,1
HG02734,HAAO,chr2,42787638,6.817,0.00249844,hom,2
HG02734,THADA,chr2,43238432,4.382,0.000468457,hom,1
HG02734,THADA,chr2,43243645,2.915,0.00593379,hom,1
HG02734,THADA,chr2,43342511,0.842,0.000468457,hom,2
HG02734,THADA,chr2,43371186,0.033,0.00671455,hom,1
HG02734,THADA,chr2,43445916,5.944,0.00249844,hom,2
HG02734,THADA,chr2,43451926,1.392,0.00062461,hom,2
HG02734,THADA,chr2,43475202,1.633,0.00281074,hom,1
HG02734,THADA,chr2,43544306,1.818,0.00608994,hom,1
HG02734,THADA,chr2,43544307,0.688,0.00608994,hom,1
HG02734,ABCG5,chr2,43814925,8.621,0.000468457,hom,2
HG02734,ABCG8,chr2,43850010,2.843,0.00249844,hom,1
HG02734,LRPPRC,chr2,43886639,5.051,0.0029669,hom,2
HG02734,LRPPRC,chr2,43928295,0.742,0.00968145,hom,1
HG02734,LRPPRC,chr2,43933257,0.527,0.000468457,hom,1
HG02734,LRPPRC,chr2,43970287,13.37,0.000468457,hom,1
HG02734,LRPPRC,chr2,43989309,0.293,0.000468457,hom,1
HG02734,PPM1B,chr2,44179774,2.166,0.00234229,hom,1
HG02734,PREPL,chr2,44324804,11.82,0.00374766,hom,2
HG02734,CAMKMT,chr2,44374511,2.842,0.000468457,hom,1
HG02734,CAMKMT,chr2,44512732,7.133,0.000468457,hom,1
HG02734,CAMKMT,chr2,44632822,1.449,0.00265459,hom,2
HG02734,CAMKMT,chr2,44640239,8.626,0.0029669,hom,1
HG02734,CAMKMT,chr2,44741099,3.454,0.00499688,hom,1
HG02734,CAMKMT,chr2,44749085,4.809,0.00312305,hom,1
HG02734,CAMKMT,chr2,44752066,1.869,0.00312305,hom,1
HG02734,CAMKMT,chr2,44767233,4.193,0.00312305,hom,1
HG02734,ARHGAP15,chr2,143412418,5.005,0.000468457,hom,1
HG02734,ARHGAP15,chr2,143423546,1.454,0.00109307,hom,1
HG02734,ARHGAP15,chr2,143664351,2.776,0.00109307,hom,1
HG02734,ARHGAP15,chr2,143666385,0.387,0.00156152,hom,1
HG02734,ARHGAP15,chr2,143666389,0.236,0.00171768,hom,1
HG02734,ARHGAP15,chr2,143674945,2.664,0.000780762,hom,1
HG02734,ARHGAP15,chr2,143691809,15.23,0.000780762,hom,1
HG02734,ARHGAP15,chr2,143723691,6.683,0.00608994,hom,1
HG02734,ARHGAP15,chr2,143735053,12.91,0.000780762,hom,1
HG02734,ARHGAP15,chr2,143749721,13.01,0.00811992,hom,1
HG02734,ARHGAP15,chr2,143751575,0.296,0.00811992,hom,1
HG02734,ARHGAP15,chr2,143752067,3.34,0.00811992,hom,1
HG02734,ARHGAP15,chr2,143752532,0.225,0.00811992,hom,1
HG02734,ARHGAP15,chr2,143762060,0.968,0.00780762,hom,2
HG02734,QTMAN,chr2,143981638,17.99,0.000468457,hom,1
HG02734,QTMAN,chr2,143986294,0.391,0.00062461,hom,1
HG02734,QTMAN,chr2,143991008,0.764,0.000468457,hom,1
HG02734,QTMAN,chr2,143991532,6.767,0.00811992,hom,1
HG02734,QTMAN,chr2,144142957,0.35,0.00999375,hom,1
HG02734,ZEB2,chr2,144414378,2.579,0.000936914,hom,1
HG02734,TEX41,chr2,144777405,1.916,0.00530918,hom,1
HG02734,TEX41,chr2,144840961,5.001,0.000468457,hom,1
HG02734,TEX41,chr2,144910073,11.49,0.00421611,hom,1
HG02734,ORC4,chr2,147962867,0.631,0.000468457,hom,1
HG02734,MBD5,chr2,148050527,4.466,0.00234229,hom,2
HG02734,MBD5,chr2,148096590,5.292,0.00234229,hom,1
HG02734,MBD5,chr2,148256986,3.819,0.000468457,hom,2
HG02734,MBD5,chr2,148282201,1.125,0.00249844,hom,2
HG02734,MBD5,chr2,148348870,3.229,0.000468457,hom,1
HG02734,MBD5,chr2,148368026,0.969,0.000468457,hom,1
HG02734,EPC2,chr2,148681012,9.443,0.000468457,hom,1
HG02734,EPC2,chr2,148756201,1.264,0.000468457,hom,2
HG02734,LYPD6B,chr2,149106805,0.421,0.00921299,hom,1
HG02734,LYPD6B,chr2,149189357,3.647,0.0032792,hom,2
HG02734,MMADHC,chr2,149579353,1.785,0.000468457,hom,1
HG02734,MMADHC-DT,chr2,149748145,5.403,0.00062461,hom,1
HG02734,LINC01931,chr2,149774622,0.082,0.000468457,hom,1
HG02734,LINC01931,chr2,149822461,1.521,0.00171768,hom,1
HG02734,LINC01817,chr2,150248403,4.315,0.00499688,hom,1
HG02734,LOC101929319,chr2,151338947,5.381,0.00062461,hom,2
HG02734,CACNB4,chr2,151845763,3.108,0.00827608,hom,1
HG02734,CACNB4,chr2,151923727,1.319,0.000468457,hom,1
HG02734,CACNB4,chr2,151931680,11.73,0.00187383,hom,1
HG02734,CACNB4,chr2,151994353,0.821,0.000468457,hom,1
HG02734,CACNB4,chr2,152012043,4.616,0.00671455,hom,1
HG02734,STAM2,chr2,152138216,3.325,0.000468457,hom,1
HG02734,STAM2,chr2,152139380,8.55,0.000312305,het,1
HG02734,STAM2,chr2,152160841,6.289,0.000468457,hom,1
HG02734,PRPF40A,chr2,152673167,2.592,0.00499688,hom,1
HG02734,GALNT13,chr2,153087874,2.261,0.000780762,hom,2
HG02734,GALNT13,chr2,153120008,12.46,0.00890069,hom,2
HG02734,GALNT13,chr2,153128060,0.728,0.00905684,hom,2
HG02734,GALNT13,chr2,153139292,6.949,0.0062461,hom,2
HG02734,GALNT13,chr2,153154177,1.581,0.000468457,hom,2
HG02734,GALNT13,chr2,153206271,2.759,0.000780762,hom,2
HG02734,GALNT13,chr2,153231562,1.299,0.000780762,hom,2
HG02734,GALNT13,chr2,153263621,3.702,0.000780762,hom,2
HG02734,GALNT13,chr2,153271966,4.67,0.000780762,hom,2
HG02734,GALNT13,chr2,153278735,1.648,0.000780762,hom,2
HG02734,GALNT13,chr2,153281815,5.348,0.000468457,hom,2
HG02734,GALNT13,chr2,153292053,4.813,0.00827608,hom,2
HG02734,GALNT13,chr2,153316396,4.423,0.00124922,hom,2
HG02734,GALNT13,chr2,153331106,7.989,0.00109307,hom,2
HG02734,GALNT13,chr2,153341088,5.403,0.00109307,hom,1
HG02734,GALNT13,chr2,153346036,0.853,0.000468457,hom,1
HG02734,GALNT13,chr2,153366701,2.231,0.000468457,hom,2
HG02734,GALNT13,chr2,153391961,1.809,0.00109307,hom,2
HG02734,GALNT13,chr2,153403043,2.688,0.00109307,hom,2
HG02734,GALNT13,chr2,153475505,0.802,0.00109307,hom,2
HG02734,GALNT13-AS1,chr2,154455036,13.92,0.00062461,hom,1
HG02734,KCNJ3,chr2,154720178,3.175,0.000468457,hom,1
HG02734,KCNJ3,chr2,154787191,0.436,0.000468457,hom,1
HG02734,KCNJ3,chr2,154799609,4.596,0.00577764,hom,1
HG02734,LINC01876,chr2,156234134,9.07,0.00234229,het,1
HG02734,LINC01876,chr2,156235220,0.082,0.000468457,hom,1
HG02734,FLJ46875,chr2,156339501,3.873,0.000468457,hom,1
HG02734,GPD2,chr2,156453377,8.921,0.00905684,hom,1
HG02734,GPD2,chr2,156532682,0.026,0.00577764,hom,1
HG02734,GPD2,chr2,156567394,0.545,0.000468457,hom,1
HG02734,GPD2,chr2,156581692,0.48,0.00890069,hom,1
HG02734,ERMN,chr2,157327609,1.078,0.00999375,hom,2
HG02734,ACVR1C,chr2,157565073,3.034,0.000468457,hom,1
HG02734,ACVR1,chr2,157742857,0.184,0.00546533,hom,1
HG02734,ACVR1,chr2,157810800,0.448,0.00421611,hom,1
HG02734,ACVR1,chr2,157825565,3.414,0.00468457,hom,2
HG02734,ACVR1,chr2,157871876,13.06,0.00546533,hom,2
HG02734,CCDC148,chr2,158242651,2.439,0.000468457,hom,1
HG02734,CCDC148,chr2,158309115,3.046,0.000468457,hom,1
HG02734,CCDC148,chr2,158349766,12.08,0.00687071,hom,1
HG02734,CCDC148,chr2,158353865,2.907,0.00140537,hom,1
HG02734,CCDC148,chr2,158454640,1.786,0.00109307,hom,1
HG02734,PKP4,chr2,158469404,7.424,0.000468457,hom,1
HG02734,PKP4,chr2,158481769,11.94,0.000780762,hom,1
HG02734,PKP4,chr2,158524357,1.94,0.00968145,hom,1
HG02734,PKP4,chr2,158629300,1.577,0.000468457,hom,2
HG02734,PKP4,chr2,158642758,6.052,0.00156152,hom,1
HG02734,PKP4-AS1,chr2,158687054,0.067,0.00109307,hom,1
HG02734,DAPL1,chr2,158802194,14.43,0.000468457,hom,1
HG02734,TANC1,chr2,158990776,6.245,0.000468457,hom,1
HG02734,TANC1,chr2,159021800,0.401,0.00827608,hom,1
HG02734,TANC1,chr2,159041747,2.237,0.000468457,hom,1
HG02734,TANC1,chr2,159130044,1.429,0.00780762,hom,1
HG02734,TANC1,chr2,159168202,0.12,0.00968145,hom,1
HG02734,TANC1,chr2,159172182,16.12,0.00921299,hom,1
HG02734,TANC1,chr2,159179444,5.141,0.000468457,hom,1
HG02734,WDSUB1,chr2,159240420,1.676,0.000468457,hom,1
HG02734,WDSUB1,chr2,159254946,1.716,0.000468457,hom,1
HG02734,WDSUB1,chr2,159283423,4.652,0.000468457,hom,1
HG02734,BAZ2B,chr2,159357130,0.036,0.000468457,hom,1
HG02734,BAZ2B,chr2,159465262,4.588,0.000468457,hom,1
HG02734,LY75,chr2,159871514,2.411,0.000468457,hom,1
HG02734,PLA2R1,chr2,159978575,2.737,0.00499688,hom,1
HG02734,ITGB6,chr2,160169707,5.409,0.00156152,hom,1
HG02734,TANK-AS1,chr2,161097628,8.809,0.000468457,hom,1
HG02734,TANK-AS1,chr2,161099333,1.244,0.00062461,hom,1
HG02734,TANK-AS1,chr2,161099336,0.976,0.00062461,hom,1
HG02734,TANK-AS1,chr2,161099341,0.813,0.00062461,hom,1
HG02734,TANK,chr2,161166890,8.975,0.00124922,hom,1
HG02734,TANK,chr2,161167211,1.528,0.000468457,hom,1
HG02734,PSMD14,chr2,161312759,12.89,0.00265459,hom,2
HG02734,PSMD14,chr2,161405042,6.15,0.00593379,hom,1
HG02734,SLC4A10,chr2,161646927,13.28,0.00281074,hom,1
HG02734,SLC4A10,chr2,161697667,2.072,0.000468457,hom,1
HG02734,SLC4A10,chr2,161718456,5.449,0.00733916,hom,1
HG02734,SLC4A10,chr2,161748134,0.699,0.000468457,hom,1
HG02734,SLC4A10,chr2,161751102,8.601,0.00765147,hom,1
HG02734,SLC4A10,chr2,161764089,1.4,0.00765147,hom,1
HG02734,SLC4A10,chr2,161767129,3.104,0.00749532,hom,1
HG02734,SLC4A10,chr2,161767131,2.96,0.00921299,hom,1
HG02734,SLC4A10,chr2,161796234,11.55,0.000468457,hom,1
HG02734,SLC4A10,chr2,161824473,4.43,0.000936914,hom,1
HG02734,SLC4A10,chr2,161958047,0.998,0.00281074,hom,1
HG02734,DPP4,chr2,162029532,0.882,0.0065584,hom,1
HG02734,DPP4,chr2,162059724,6.632,0.00187383,hom,2
HG02734,FAP,chr2,162191331,3.634,0.0029669,hom,1
HG02734,IFIH1,chr2,162301897,0.454,0.000468457,hom,2
HG02734,GCA,chr2,162344104,8.937,0.000468457,hom,2
HG02734,GCA,chr2,162361486,7.536,0.000468457,hom,1
HG02734,KCNH7,chr2,162437057,3.347,0.00390381,hom,1
HG02734,KCNH7,chr2,162502556,0.18,0.00437227,hom,1
HG02734,KCNH7,chr2,162559021,0.449,0.00499688,hom,1
HG02734,KCNH7,chr2,162661961,2.939,0.00187383,hom,1
HG02734,KCNH7,chr2,162662979,9.826,0.00249844,hom,1
HG02734,KCNH7,chr2,162700470,0.311,0.000468457,hom,1
HG02734,KCNH7,chr2,162705851,11.19,0.00468457,hom,1
HG02734,KCNH7-AS1,chr2,162795562,0.181,0.00062461,hom,2
HG02734,FIGN,chr2,163637533,3.538,0.000468457,hom,1
HG02734,FIGN,chr2,163719821,1.006,0.00359151,hom,1
HG02734,FIGN,chr2,163720407,5.71,0.00359151,hom,1
HG02734,FIGN,chr2,163727552,5.254,0.00359151,hom,1
HG02734,GRB14,chr2,164546503,2.631,0.000468457,hom,1
HG02734,GRB14,chr2,164554912,0.358,0.00484072,hom,1
HG02734,GRB14,chr2,164591781,0.035,0.000468457,hom,1
HG02734,GRB14,chr2,164604355,1.209,0.00468457,hom,1
HG02734,SLC38A11,chr2,164914752,3.374,0.00218613,hom,1
HG02734,SCN3A,chr2,165099012,0.104,0.000936914,hom,1
HG02734,SCN3A,chr2,165112063,11.28,0.00062461,hom,1
HG02734,SCN3A,chr2,165154065,3.737,0.000936914,hom,1
HG02734,SCN2A,chr2,165326022,5.037,0.00905684,hom,1
HG02734,SCN2A,chr2,165368135,2.106,0.00905684,hom,2
HG02734,CSRNP3,chr2,165474055,1.412,0.00437227,hom,1
HG02734,ZNF513,chr2,27380226,16.05,0.00062461,hom,5
HG02736,ZNF514,chr2,95156878,2.281,0.00608994,het,1
HG02736,ZNF892,chr2,95207810,11.94,0.00156152,het,2
HG02736,PROM2,chr2,95279260,1.484,0.00156152,het,1
HG02736,PROM2,chr2,95286455,1.261,0.000312305,het,1
HG02736,LINC00342,chr2,95817681,3.676,0.00562149,het,1
HG02736,ANKRD36C,chr2,95883747,0.273,0.00140537,het,1
HG02736,ANKRD36C,chr2,95889074,1.729,0.000468457,het,1
HG02736,ANKRD36C,chr2,95889186,2.186,0.00140537,het,1
HG02736,ANKRD36C,chr2,95955691,0.41,0.00109307,het,1
HG02736,ANKRD36C,chr2,95955701,3.421,0.00109307,het,1
HG02736,ANKRD36C,chr2,95955708,1.528,0.00109307,het,1
HG02736,ANKRD36C,chr2,95955756,0.732,0.00234229,het,1
HG02736,ANKRD36C,chr2,95956087,6.938,0.00874454,het,1
HG02736,ANKRD36C,chr2,95956102,0.683,0.00905684,het,1
HG02736,ANKRD36C,chr2,95956755,0.55,0.00140537,het,1
HG02736,FAHD2CP,chr2,96017826,0.604,0.00359151,het,1
HG02736,ASTL,chr2,96133430,21.1,0.00156152,het,1
HG02736,ASTL,chr2,96136901,2.017,0.00405996,het,1
HG02736,STARD7,chr2,96197939,2.041,0.00171768,het,1
HG02736,TMEM127,chr2,96258934,0.574,0.00187383,het,1
HG02736,SNRNP200,chr2,96277190,21.4,0.00452842,het,2
HG02736,NCAPH,chr2,96338128,0.613,0.00765147,het,1
HG02736,NCAPH,chr2,96349765,0.698,0.00811992,het,1
HG02736,NCAPH,chr2,96368698,1.228,0.00718301,het,1
HG02736,NEURL3,chr2,96507359,1.059,0.00718301,het,2
HG02736,KANSL3,chr2,96611628,0.099,0.00671455,het,1
HG02736,KANSL3,chr2,96629935,0.678,0.00671455,het,1
HG02736,FER1L5,chr2,96681612,4.658,0.00202998,het,1
HG02736,FER1L5,chr2,96684370,0.047,0.00156152,het,1
HG02736,CNNM3,chr2,96827280,2.311,0.00608994,het,1
HG02736,FAM178B,chr2,96903109,1.341,0.00515303,het,1
HG02736,ANKRD36B,chr2,97578014,9.471,0.000468457,het,1
HG02736,VWA3B,chr2,98112659,2.074,0.00718301,het,1
HG02736,VWA3B,chr2,98201023,1.738,0.00530918,hom,1
HG02736,VWA3B,chr2,98279040,2.116,0.00608994,hom,1
HG02736,VWA3B,chr2,98279733,3.805,0.00187383,hom,1
HG02736,CNGA3,chr2,98355565,3.494,0.00156152,hom,1
HG02736,CNGA3,chr2,98377053,5.958,0.000468457,het,1
HG02736,CNNM4,chr2,96783291,12.32,0.000780762,hom,5
HG02786,ZNF385B,chr2,179613622,5.923,0.0032792,hom,1
HG02786,ZNF385B,chr2,179617063,8.399,0.0062461,hom,1
HG02786,ZNF385B,chr2,179620283,2.476,0.0032792,hom,1
HG02786,ZNF385B,chr2,179624010,6.903,0.0062461,hom,1
HG02786,ZNF385B,chr2,179626483,12.22,0.0062461,hom,1
HG02786,ZNF385B,chr2,179628601,5.617,0.0062461,hom,1
HG02786,ZNF385B,chr2,179633123,3.725,0.0032792,hom,1
HG02786,ZNF385B,chr2,179635520,6.364,0.00312305,hom,1
HG02786,ZNF385B,chr2,179636525,3.009,0.00234229,hom,1
HG02786,ZNF385B,chr2,179643364,5.117,0.00468457,hom,1
HG02786,ZNF385B,chr2,179644000,3.053,0.00452842,hom,1
HG02786,ZNF385B,chr2,179650683,0.056,0.00874454,hom,1
HG02786,ZNF385B,chr2,179651939,0.399,0.00265459,hom,1
HG02786,ZNF385B,chr2,179652166,3.664,0.00874454,hom,1
HG02786,ZNF385B,chr2,179656255,0.403,0.00858838,hom,1
HG02786,ZNF385B,chr2,179656729,1.619,0.00265459,hom,1
HG02786,ZNF385B,chr2,179663429,1.092,0.00858838,hom,1
HG02786,ZNF385B,chr2,179664532,2.613,0.00265459,hom,1
HG02786,ZNF385B,chr2,179664835,6.976,0.00858838,hom,1
HG02786,ZNF385B,chr2,179667444,0.911,0.00858838,hom,1
HG02786,ZNF385B,chr2,179673615,0.923,0.00874454,hom,1
HG02786,ZNF385B,chr2,179674101,4.861,0.00265459,hom,1
HG02786,ZNF385B,chr2,179676379,0.37,0.00874454,hom,1
HG02786,ZNF385B,chr2,179677806,0.079,0.00890069,hom,1
HG02786,ZNF385B,chr2,179679183,0.713,0.00921299,hom,1
HG02786,ZNF385B,chr2,179683105,4.041,0.00843223,hom,1
HG02786,ZNF385B,chr2,179683371,1.62,0.00265459,hom,1
HG02786,ZNF385B,chr2,179685325,20.9,0.00234229,hom,1
HG02786,ZNF385B,chr2,179685689,1.935,0.00811992,hom,1
HG02786,ZNF385B,chr2,179685833,2.842,0.00811992,hom,1
HG02786,ZNF385B,chr2,179691961,2.481,0.00234229,hom,1
HG02786,ZNF385B,chr2,179711208,2.369,0.0062461,hom,1
HG02786,ZNF385B,chr2,179713357,1.365,0.00562149,hom,1
HG02786,ZNF385B,chr2,179748750,5.729,0.00171768,hom,1
HG02786,ZNF385B,chr2,179752320,4.707,0.00234229,hom,1
HG02786,ZNF385B,chr2,179756316,0.465,0.00156152,hom,1
HG02786,ZNF385B,chr2,179809134,5.711,0.0029669,hom,1
HG02786,ZNF385B,chr2,179835600,0.769,0.00187383,hom,1
HG02786,CWC22,chr2,180003019,0.047,0.00187383,hom,1
HG02786,SCHLAP1,chr2,180859790,0.236,0.00140537,hom,1
HG02786,UBE2E3,chr2,181005296,2.724,0.00827608,hom,1
HG02786,UBE2E3,chr2,181007449,1.692,0.00843223,hom,1
HG02786,UBE2E3,chr2,181058749,0.627,0.00843223,hom,1
HG02786,LINC01934,chr2,181221629,2.301,0.00780762,hom,1
HG02786,LINC01934,chr2,181265207,1.003,0.00843223,hom,1
HG02786,LINC01934,chr2,181265307,0.976,0.00796377,hom,1
HG02786,ITGA4,chr2,181464224,3.687,0.00171768,hom,1
HG02786,CERKL,chr2,181565480,6.293,0.00484072,hom,1
HG02786,CERKL,chr2,181634414,19.59,0.0062461,hom,1
HG02786,ITPRID2,chr2,181892204,12.1,0.00202998,hom,2
HG02786,ITPRID2,chr2,181919776,3.764,0.00499688,hom,1
HG02786,ITPRID2,chr2,181929867,11.96,0.00702686,hom,1
HG02786,PPP1R1C,chr2,182114816,7.116,0.00671455,hom,1
HG02786,PDE1A,chr2,182157998,2.08,0.00811992,hom,1
HG02786,PDE1A,chr2,182189720,6.112,0.00749532,hom,1
HG02786,PDE1A,chr2,182247968,2.845,0.00811992,hom,1
HG02786,PDE1A,chr2,182266737,1.302,0.00343535,hom,1
HG02786,PDE1A,chr2,182304643,10.08,0.00171768,hom,1
HG02786,PDE1A,chr2,182321821,0.533,0.00749532,hom,1
HG02786,PDE1A,chr2,182344616,0.87,0.0062461,hom,1
HG02786,PDE1A,chr2,182354957,2.462,0.00234229,hom,1
HG02786,PDE1A,chr2,182363716,5.4,0.00671455,hom,1
HG02786,PDE1A,chr2,182380045,10.82,0.00156152,hom,1
HG02786,PDE1A,chr2,182386647,2.39,0.00671455,hom,1
HG02786,PDE1A,chr2,182389018,2.039,0.00671455,hom,1
HG02786,PDE1A,chr2,182477097,0.836,0.00156152,hom,1
HG02786,DNAJC10,chr2,182778794,2.014,0.0029669,hom,1
HG02786,FRZB,chr2,182844454,5.823,0.00452842,hom,1
HG02786,NUP35,chr2,183124222,1.065,0.00218613,hom,2
HG02786,NUP35,chr2,183124420,15.18,0.00421611,hom,2
HG02786,NUP35,chr2,183149597,8.881,0.00421611,hom,1
HG02786,ZNF804A,chr2,184635648,0.91,0.0029669,hom,1
HG02786,ZNF804A,chr2,184642885,2.712,0.00234229,hom,1
HG02786,ZNF804A,chr2,184718904,1.604,0.00312305,hom,1
HG02786,ZNF804A,chr2,184732994,1.278,0.0032792,hom,1
HG02786,ZNF804A,chr2,184750140,0.161,0.00234229,hom,1
HG02786,ZNF804A,chr2,184847615,0.242,0.00171768,hom,1
HG02786,ZNF804A,chr2,184874098,0.308,0.0032792,hom,1
HG02786,ITGAV,chr2,186674178,0.663,0.000312305,het,1
HG02786,FAM171B,chr2,186758754,1.016,0.00202998,hom,1
HG02786,CALCRL-AS1,chr2,187018549,0.221,0.00437227,hom,1
HG02786,CALCRL-AS1,chr2,187127280,3.188,0.00202998,hom,2
HG02786,CALCRL-AS1,chr2,187130588,0.587,0.00281074,hom,1
HG02786,CALCRL-AS1,chr2,187257132,1.058,0.00421611,hom,1
HG02786,CALCRL-AS1,chr2,187287381,2.847,0.00421611,hom,1
HG02786,CALCRL,chr2,187357724,2.458,0.00218613,hom,1
HG02786,CALCRL,chr2,187360096,3.71,0.00218613,hom,1
HG02786,TFPI,chr2,187465338,1.935,0.00202998,hom,1
HG02786,TFPI,chr2,187505335,0.608,0.00437227,hom,2
HG02786,TFPI,chr2,187507256,1.018,0.00484072,hom,1
HG02786,TFPI,chr2,187520016,2.178,0.00156152,hom,2
HG02786,TFPI,chr2,187524494,1.791,0.00202998,hom,1
HG02786,LINC01090,chr2,188170639,3.191,0.00811992,hom,1
HG02786,LINC01090,chr2,188233400,1.12,0.00187383,hom,1
HG02786,LINC01090,chr2,188234163,5.546,0.000468457,het,1
HG02786,LINC01090,chr2,188241341,2.543,0.00749532,hom,1
HG02786,LINC01090,chr2,188281153,0.91,0.000312305,het,2
HG02786,DIRC1,chr2,188735160,0.078,0.00156152,hom,1
HG02786,DIRC1,chr2,188744420,0.169,0.00140537,hom,1
HG02786,DIRC1,chr2,188749693,1.36,0.00156152,hom,1
HG02786,COL5A2,chr2,189055965,10.68,0.00156152,hom,1
HG02786,COL5A2,chr2,189089169,1.286,0.00156152,hom,2
HG02786,ANKAR,chr2,189682591,2.669,0.00187383,hom,1
HG02786,ORMDL1,chr2,189769370,0.328,0.00968145,hom,2
HG02786,PMS1,chr2,189807943,6.478,0.0098376,hom,1
HG02786,NEUROD1,chr2,181679377,11.89,0.00202998,hom,5
HG02788,PRKCE,chr2,45990094,1.855,0.00890069,het,1
HG02788,PRKCE,chr2,46016572,0.08,0.00374766,het,1
HG02788,PRKCE,chr2,46025396,7.876,0.00921299,het,1
HG02788,PRKCE,chr2,46035976,3.888,0.00187383,het,1
HG02788,PRKCE,chr2,46049259,0.231,0.00874454,het,1
HG02788,PRKCE,chr2,46051989,1.41,0.00202998,het,1
HG02788,PRKCE,chr2,46057630,0.886,0.00437227,het,2
HG02788,PRKCE,chr2,46126363,0.199,0.00390381,hom,1
HG02788,PRKCE,chr2,46178110,1.761,0.00390381,hom,1
HG02788,EPAS1,chr2,46319932,4.972,0.00546533,hom,1
HG02788,EPAS1,chr2,46321756,5.002,0.00530918,hom,1
HG02788,EPAS1,chr2,46345344,3.607,0.00484072,hom,2
HG02788,ATP6V1E2,chr2,46525069,0.641,0.00515303,hom,2
HG02788,SOCS5,chr2,46703206,3.071,0.00530918,hom,1
HG02788,SOCS5,chr2,46712491,4.939,0.00452842,hom,1
HG02788,MCFD2,chr2,46907569,7.468,0.00405996,hom,2
HG02788,TTC7A,chr2,47037728,1.337,0.00390381,hom,1
HG02788,TTC7A,chr2,47041919,0.927,0.00702686,hom,2
HG02788,STPG4,chr2,47115933,0.133,0.00733916,hom,1
HG02788,CALM2,chr2,47176295,4.995,0.0065584,hom,1
HG02788,EPCAM-DT,chr2,47208456,2.619,0.000312305,het,1
HG02788,EPCAM-DT,chr2,47275504,0.716,0.00405996,hom,1
HG02788,EPCAM-DT,chr2,47317948,0.892,0.00390381,hom,1
HG02788,EPCAM-DT,chr2,47321099,11.9,0.00390381,hom,1
HG02788,MSH2,chr2,47408584,5.508,0.000468457,het,1
HG02788,MSH2,chr2,47467734,0.431,0.00405996,hom,1
HG02788,MSH2,chr2,47479936,6.724,0.00390381,hom,1
HG02788,KCNK12,chr2,47521880,0.341,0.00530918,hom,1
HG02788,KCNK12,chr2,47523111,1.277,0.00921299,hom,1
HG02788,KCNK12,chr2,47526687,0.261,0.00530918,hom,1
HG02788,MSH6,chr2,47794761,3.604,0.00359151,hom,1
HG02788,FBXO11,chr2,47814235,2.273,0.00374766,hom,1
HG02788,FBXO11,chr2,47824852,5.361,0.00437227,hom,1
HG02788,FBXO11,chr2,47830350,3.155,0.00343535,hom,1
HG02788,FBXO11,chr2,47854368,4.697,0.00437227,hom,2
HG02788,FBXO11,chr2,47891749,1.291,0.00437227,hom,1
HG02788,FOXN2,chr2,48320185,6.912,0.000468457,het,1
HG02788,FOXN2,chr2,48339887,7.992,0.00468457,hom,1
HG02788,FOXN2,chr2,48350664,11.41,0.00546533,hom,1
HG02788,FOXN2,chr2,48363987,8.293,0.00437227,hom,1
HG02788,PPP1R21,chr2,48486363,6.969,0.00452842,hom,1
HG02788,STON1,chr2,48535249,8.507,0.00905684,hom,1
HG02788,FSHR,chr2,49041683,2.679,0.00405996,hom,1
HG02788,FSHR,chr2,49041771,6.409,0.000312305,het,1
HG02788,NRXN1,chr2,49967836,1.526,0.00452842,hom,1
HG02788,NRXN1,chr2,49979612,12.55,0.00452842,hom,1
HG02788,NRXN1,chr2,50062888,0.192,0.00484072,hom,1
HG02788,NRXN1,chr2,50135431,5.345,0.00437227,hom,1
HG02788,NRXN1,chr2,50351694,5.452,0.00421611,hom,1
HG02788,NRXN1,chr2,50374042,2.381,0.0029669,hom,1
HG02788,NRXN1,chr2,50394690,0.521,0.00343535,hom,1
HG02788,NRXN1,chr2,50498160,6.653,0.00281074,hom,1
HG02788,NRXN1,chr2,50528438,0.82,0.0029669,hom,1
HG02788,NRXN1,chr2,50544962,0.319,0.00343535,hom,1
HG02788,NRXN1,chr2,50658590,0.609,0.000468457,het,1
HG02788,NRXN1,chr2,50666486,1.044,0.000312305,het,1
HG02788,FRZB,chr2,182844454,5.823,0.00452842,hom,1
HG02788,NUP35,chr2,183124222,1.065,0.00218613,hom,2
HG02788,NUP35,chr2,183124420,15.18,0.00421611,hom,2
HG02788,NUP35,chr2,183149597,8.881,0.00421611,hom,1
HG02788,ZNF804A,chr2,184635648,0.91,0.0029669,hom,1
HG02788,ZNF804A,chr2,184642885,2.712,0.00234229,hom,1
HG02788,ZNF804A,chr2,184718904,1.604,0.00312305,hom,1
HG02788,ZNF804A,chr2,184732994,1.278,0.0032792,hom,1
HG02788,ZNF804A,chr2,184750140,0.161,0.00234229,hom,1
HG02788,ZNF804A,chr2,184847615,0.242,0.00171768,het,1
HG02788,ZNF804A,chr2,184874098,0.308,0.0032792,hom,1
HG02788,ITGAV,chr2,186674178,0.663,0.000312305,het,1
HG02788,FAM171B,chr2,186758754,1.016,0.00202998,hom,1
HG02788,CALCRL-AS1,chr2,187018549,0.221,0.00437227,hom,1
HG02788,CALCRL-AS1,chr2,187127280,3.188,0.00202998,hom,2
HG02788,CALCRL-AS1,chr2,187130588,0.587,0.00281074,hom,1
HG02788,CALCRL-AS1,chr2,187257132,1.058,0.00421611,hom,1
HG02788,CALCRL-AS1,chr2,187287381,2.847,0.00421611,hom,1
HG02788,CALCRL,chr2,187357724,2.458,0.00218613,hom,1
HG02788,CALCRL,chr2,187360096,3.71,0.00218613,hom,1
HG02788,TFPI,chr2,187465338,1.935,0.00202998,hom,1
HG02788,TFPI,chr2,187505335,0.608,0.00437227,hom,2
HG02788,TFPI,chr2,187507256,1.018,0.00484072,hom,1
HG02788,TFPI,chr2,187520016,2.178,0.00156152,hom,2
HG02788,TFPI,chr2,187524494,1.791,0.00202998,hom,1
HG02788,LINC01090,chr2,188170639,3.191,0.00811992,hom,1
HG02788,LINC01090,chr2,188233400,1.12,0.00187383,hom,1
HG02788,LINC01090,chr2,188234163,5.546,0.000468457,het,1
HG02788,LINC01090,chr2,188241341,2.543,0.00749532,hom,1
HG02788,LINC01090,chr2,188281153,0.91,0.000312305,het,2
HG02788,DIRC1,chr2,188735160,0.078,0.00156152,hom,1
HG02788,DIRC1,chr2,188744420,0.169,0.00140537,hom,1
HG02788,DIRC1,chr2,188749693,1.36,0.00156152,hom,1
HG02788,COL5A2,chr2,189055965,10.68,0.00156152,hom,1
HG02788,COL5A2,chr2,189089169,1.286,0.00156152,hom,2
HG02788,ANKAR,chr2,189682591,2.669,0.00187383,hom,1
HG02788,ORMDL1,chr2,189769370,0.328,0.00968145,hom,2
HG02788,PMS1,chr2,189807943,6.478,0.0098376,hom,1
HG02788,PMS1,chr2,189857115,10.91,0.00968145,hom,1
HG02788,AKAP19,chr2,190145002,0.845,0.00234229,hom,1
HG02788,AKAP19,chr2,190159359,3.294,0.00202998,hom,1
HG02788,AKAP19,chr2,190173941,5.679,0.00202998,hom,1
HG02788,HIBCH,chr2,190219995,12.09,0.00265459,hom,1
HG02788,HIBCH,chr2,190288878,0.326,0.00187383,hom,1
HG02788,HIBCH,chr2,190306153,5.042,0.00249844,hom,1
HG02788,HIBCH,chr2,190309767,0.185,0.00390381,hom,1
HG02788,HIBCH,chr2,190316379,0.47,0.00437227,hom,1
HG02788,MFSD6,chr2,190481836,6.546,0.00640225,hom,1
HG02788,NEMP2-DT,chr2,190607169,5.112,0.00187383,hom,2
HG02788,NAB1,chr2,190653893,0.721,0.00171768,hom,1
HG02788,STAT1,chr2,191006752,8.404,0.00171768,hom,1
HG02788,STAT4,chr2,191048070,3.387,0.000780762,hom,1
HG02788,STAT4,chr2,191084355,0.978,0.000780762,hom,1
HG02788,STAT4,chr2,191091120,2.119,0.000780762,hom,1
HG02788,DNAH7,chr2,195965007,0.341,0.00640225,het,1
HG02788,DNAH7,chr2,195971244,5.789,0.000468457,het,1
HG02788,DNAH7,chr2,195973444,2.762,0.0065584,het,1
HG02788,DNAH7,chr2,195990709,0.665,0.0062461,het,1
HG02788,DNAH7,chr2,196007755,1.451,0.0062461,het,1
HG02788,DNAH7,chr2,196035793,0.291,0.0062461,het,1
HG02788,DNAH7,chr2,196055243,4.446,0.00171768,het,1
HG02788,HECW2,chr2,196235615,2.379,0.00171768,hom,1
HG02788,GTF3C3,chr2,196779601,4.03,0.00171768,hom,1
HG02788,PGAP1,chr2,196923575,0.908,0.00171768,hom,1
HG02788,ANKRD44,chr2,197102949,1.183,0.00062461,het,1
HG02788,ANKRD44,chr2,197164076,0.685,0.00218613,hom,1
HG02788,ANKRD44-IT1,chr2,197278396,0.202,0.00140537,hom,1
HG02788,SF3B1,chr2,197429164,10.2,0.000312305,het,1
HG02788,MOB4,chr2,197541877,2.251,0.00593379,hom,1
HG02788,RFTN2,chr2,197591202,3.146,0.00827608,hom,1
HG02788,RFTN2,chr2,197633011,2.952,0.00640225,hom,1
HG02788,RFTN2,chr2,197635304,2.513,0.0065584,hom,1
HG02788,RFTN2,chr2,197639235,5.72,0.00640225,hom,2
HG02788,RFTN2,chr2,197647106,1.75,0.00171768,hom,1
HG02788,BOLL,chr2,197754405,2.732,0.00281074,hom,1
HG02788,BOLL,chr2,197766327,1.169,0.0029669,hom,1
HG02788,PLCL1,chr2,197823521,3.679,0.00171768,hom,1
HG02788,PLCL1,chr2,197837637,8.33,0.0029669,hom,1
HG02788,PLCL1,chr2,197943818,2.574,0.00281074,hom,2
HG02788,PLCL1,chr2,198066851,2.083,0.00171768,hom,1
HG02788,PLCL1,chr2,198075521,3.863,0.00171768,hom,1
HG02788,SATB2,chr2,199284913,2.211,0.000312305,het,1
HG02788,SATB2,chr2,199288215,2.848,0.00343535,hom,1
HG02788,SATB2,chr2,199331689,0.038,0.0032792,hom,1
HG02788,SATB2,chr2,199362124,9.379,0.00234229,hom,1
HG02788,SATB2,chr2,199441599,5.119,0.00374766,hom,1
HG02788,SATB2,chr2,199449676,4.151,0.00374766,hom,2
HG02788,LINC01877,chr2,199617497,1.557,0.00202998,hom,1
HG02788,FTCDNL1,chr2,199846705,19.58,0.00343535,hom,1
HG02788,C2orf69,chr2,199920015,1.808,0.00359151,hom,1
HG02788,TYW5,chr2,199945837,4.193,0.0029669,hom,1
HG02788,SPATS2L,chr2,200344506,4.884,0.00171768,hom,1
HG02788,SPATS2L,chr2,200410780,4.834,0.00171768,hom,1
HG02788,SGO2,chr2,200569422,2.57,0.00156152,hom,1
HG02788,LINC01792,chr2,200719873,2.189,0.00171768,hom,1
HG02788,LINC01792,chr2,200735091,1.17,0.00811992,hom,2
HG02788,BZW1,chr2,200813399,11.74,0.00374766,hom,1
HG02788,BZW1,chr2,200826311,1.419,0.00374766,hom,2
HG02788,CLK1,chr2,200854393,0.523,0.00499688,hom,1
HG02788,PPIL3,chr2,200874005,4.849,0.00468457,hom,2
HG02788,PPIL3,chr2,200886178,4.672,0.00468457,hom,2
HG02788,NIF3L1,chr2,200889923,4.125,0.00515303,hom,2
HG02788,ORC2,chr2,200924670,10.98,0.00468457,hom,1
HG02788,ORC2,chr2,200955862,2.092,0.00171768,hom,1
HG02788,HYCC2,chr2,200996817,0.237,0.00187383,hom,1
HG02788,HYCC2,chr2,201009676,11.12,0.00718301,hom,2
HG02788,HYCC2,chr2,201039224,4.41,0.00343535,hom,1
HG02788,CFLAR,chr2,201121092,9.688,0.00468457,hom,2
HG02788,CASP8,chr2,201271549,1.528,0.0029669,hom,2
HG02788,CASP8,chr2,201278084,0.157,0.00499688,hom,2
HG02788,FLACC1,chr2,201299815,0.004,0.0029669,hom,1
HG02788,FLACC1,chr2,201328169,1.328,0.00281074,hom,1
HG02788,FLACC1,chr2,201329529,3.995,0.00484072,hom,1
HG02788,FLACC1,chr2,201356449,1.862,0.00171768,hom,1
HG02788,CATSPERT,chr2,201506819,1.926,0.00171768,hom,1
HG02788,CATSPERT,chr2,201514850,0.958,0.00312305,hom,1
HG02788,MPP4,chr2,201663544,0.76,0.000312305,het,1
HG02788,MPP4,chr2,201670681,1.799,0.00171768,hom,1
HG02788,ALS2,chr2,201712882,2.26,0.00171768,hom,1
HG02788,ALS2,chr2,201718806,8.993,0.00202998,hom,1
HG02788,ALS2,chr2,201741935,0.797,0.00202998,hom,1
HG02788,CDK15,chr2,201879597,1.768,0.0062461,hom,1
HG02788,BMPR2,chr2,202381126,3.387,0.00062461,het,2
HG02788,BMPR2,chr2,202450403,7.63,0.00265459,hom,1
HG02788,BMPR2,chr2,202515758,0.388,0.00265459,hom,2
HG02788,FAM117B,chr2,202706700,8.809,0.00218613,hom,1
HG02788,FAM117B,chr2,202714156,5.701,0.00234229,hom,1
HG02788,FAM117B,chr2,202715759,6.21,0.00234229,hom,1
HG02788,ICA1L,chr2,202793355,3.981,0.00265459,hom,1
HG02788,ICA1L,chr2,202864885,4.958,0.00265459,hom,1
HG02788,ICA1L,chr2,202869169,1.622,0.00218613,hom,1
HG02788,CARF,chr2,202917103,7.066,0.00421611,hom,1
HG02788,NBEAL1,chr2,203031422,8.574,0.00218613,hom,1
HG02788,NBEAL1,chr2,203119334,1.375,0.00265459,hom,1
HG02788,NBEAL1,chr2,203214729,0.515,0.00218613,hom,1
HG02788,CYP20A1,chr2,203296092,2.117,0.000312305,het,1
HG02788,ABI2,chr2,203364684,0.347,0.00234229,hom,1
HG02788,ABI2,chr2,203376217,5.14,0.00234229,hom,1
HG02788,ABI2,chr2,203405383,1.705,0.000312305,het,1
HG02788,RAPH1,chr2,203447185,1.024,0.00343535,hom,1
HG02788,CD28,chr2,203731095,7.23,0.00218613,hom,1
HG02788,TMEM237,chr2,201621689,10.59,0.00218613,hom,5
HG02789,AQP7B,chr2,94597820,1.942,0.00156152,het,1
HG02789,FAM95A,chr2,94758623,1.184,0.00468457,het,2
HG02789,ANKRD20A8P,chr2,94794542,6.122,0.00234229,het,1
HG02789,ANKRD20A8P,chr2,94832780,1.246,0.00421611,het,1
HG02789,ANKRD20A8P,chr2,94843679,1.638,0.000936914,het,1
HG02789,ANKRD20A8P,chr2,94844352,4.969,0.000936914,het,1
HG02789,MAL,chr2,95039271,0.748,0.00874454,het,1
HG02789,MRPS5,chr2,95092987,1.785,0.000468457,het,1
HG02789,MRPS5,chr2,95095928,2.692,0.00890069,het,1
HG02789,ZNF514,chr2,95146664,0.878,0.00890069,het,1
HG02789,ZNF514,chr2,95146967,1.034,0.000468457,het,1
HG02789,ZNF892,chr2,95211632,17.23,0.00546533,het,1
HG02789,PROM2,chr2,95279873,4.52,0.00546533,het,1
HG02789,PROM2,chr2,95290485,3.75,0.00546533,het,1
HG02789,LOC128966744,chr2,95795694,2.193,0.000780762,het,1
HG02789,LINC00342,chr2,95824005,2.88,0.00718301,het,1
HG02789,ANKRD36C,chr2,95893266,1.57,0.00249844,het,1
HG02789,ANKRD36C,chr2,95893970,2.629,0.00671455,het,1
HG02789,ANKRD36C,chr2,95908110,0.89,0.000936914,het,2
HG02789,ANKRD36C,chr2,95915526,0.733,0.00640225,het,2
HG02789,ANKRD36C,chr2,95925833,1.837,0.000936914,het,1
HG02789,ANKRD36C,chr2,95929055,0.502,0.00515303,het,1
HG02789,ANKRD36C,chr2,95940817,2.257,0.00374766,het,1
HG02789,ANKRD36C,chr2,95956087,6.938,0.00874454,het,1
HG02789,ANKRD36C,chr2,95956102,0.683,0.00905684,het,1
HG02789,FAHD2CP,chr2,96011647,5.169,0.00202998,het,1
HG02789,GPAT2,chr2,96023786,0.557,0.000936914,het,2
HG02789,ASTL,chr2,96125804,2.554,0.00577764,het,1
HG02789,TMEM127,chr2,96259664,4.766,0.00374766,het,1
HG02789,CIAO1,chr2,96271393,1.731,0.000468457,het,1
HG02789,SNRNP200,chr2,96274755,7.128,0.00546533,het,2
HG02789,ITPRIPL1,chr2,96330486,16.87,0.000312305,het,2
HG02789,NCAPH,chr2,96356070,5.124,0.000468457,het,1
HG02789,NEURL3,chr2,96505865,10.99,0.000468457,het,2
HG02789,FER1L5,chr2,96656278,3.422,0.000468457,het,1
HG02789,FER1L5,chr2,96678918,1.582,0.00640225,het,1
HG02789,FER1L5,chr2,96688114,3.784,0.000312305,het,1
HG02789,FAM178B,chr2,96877476,1.883,0.000312305,het,1
HG02789,FAM178B,chr2,96877488,0.928,0.000312305,het,1
HG02789,FAM178B,chr2,96900568,2.021,0.000468457,het,1
HG02789,FAM178B,chr2,96912448,4.401,0.00218613,het,2
HG02789,FAM178B,chr2,96918203,2.5,0.000468457,het,1
HG02789,ACTR1B,chr2,97657817,0.585,0.00062461,het,1
HG02789,ZAP70,chr2,97736799,0.068,0.000468457,het,1
HG02789,CNNM4,chr2,96781814,11.29,0.000468457,hom,5
HG02791,MRPS5,chr2,95090855,1.036,0.000936914,het,1
HG02791,MRPS5,chr2,95092987,1.785,0.000468457,het,1
HG02791,MRPS5,chr2,95095928,2.692,0.00890069,het,1
HG02791,MRPS5,chr2,95097402,8.173,0.00109307,het,1
HG02791,ZNF514,chr2,95146664,0.878,0.00890069,het,1
HG02791,ZNF514,chr2,95146967,1.034,0.000468457,het,1
HG02791,ZNF2,chr2,95178553,3.164,0.00421611,het,1
HG02791,LOC128966744,chr2,95795694,2.193,0.000780762,het,1
HG02791,LINC00342,chr2,95817681,3.676,0.00562149,het,1
HG02791,ANKRD36C,chr2,95908110,0.89,0.000936914,het,2
HG02791,ANKRD36C,chr2,95921599,0.828,0.00343535,het,4
HG02791,ANKRD36C,chr2,95925833,1.837,0.000936914,het,1
HG02791,ANKRD36C,chr2,95956087,6.938,0.00874454,het,1
HG02791,ANKRD36C,chr2,95956102,0.683,0.00905684,het,1
HG02791,FAHD2CP,chr2,96011647,5.169,0.00202998,het,1
HG02791,GPAT2,chr2,96021984,5.914,0.00109307,het,1
HG02791,GPAT2,chr2,96023786,0.557,0.000936914,het,2
HG02791,ASTL,chr2,96133165,12.02,0.000780762,het,1
HG02791,ASTL,chr2,96136901,2.017,0.00405996,het,1
HG02791,TMEM127,chr2,96259664,4.766,0.00374766,het,1
HG02791,SNRNP200,chr2,96277190,21.4,0.00452842,het,2
HG02791,ITPRIPL1,chr2,96330486,16.87,0.000312305,het,2
HG02791,KANSL3,chr2,96638248,7.19,0.00202998,het,2
HG02791,FER1L5,chr2,96688114,3.784,0.000312305,het,1
HG02791,LMAN2L,chr2,96712297,9.6,0.00062461,het,1
HG02791,SEMA4C,chr2,96869645,4.489,0.00562149,het,2
HG02791,FAM178B,chr2,96877476,1.883,0.000312305,het,1
HG02791,FAM178B,chr2,96877488,0.928,0.000312305,het,1
HG02791,FAM178B,chr2,96900568,2.021,0.000468457,het,1
HG02791,FAM178B,chr2,96907964,3.135,0.00234229,het,2
HG02791,FAM178B,chr2,96918203,2.5,0.000468457,het,1
HG02791,ANKRD36B,chr2,97549571,0.387,0.00062461,het,1
HG02791,ANKRD36B,chr2,97556120,1.62,0.000936914,het,1
HG02791,ACTR1B,chr2,97657817,0.585,0.00062461,het,1
HG02791,ZAP70,chr2,97737970,0.003,0.000468457,het,1
HG02791,CNNM4,chr2,96776851,10.09,0.00140537,hom,5
HG03018,CCDC85A,chr2,56301571,0.596,0.00843223,het,1
HG03018,CCDC85A,chr2,56303346,3.492,0.00874454,het,1
HG03018,CCDC85A,chr2,56322236,1.923,0.00827608,het,1
HG03018,CCDC85A,chr2,56353240,0.747,0.00359151,het,1
HG03018,CCDC85A,chr2,56363780,5.806,0.00359151,het,1
HG03018,VRK2,chr2,58003445,2.57,0.00249844,hom,1
HG03018,FANCL,chr2,58166557,9.159,0.00827608,hom,1
HG03018,FANCL,chr2,58169150,0.493,0.00811992,hom,2
HG03018,FANCL,chr2,58195577,0.875,0.00140537,hom,1
HG03018,FANCL,chr2,58212121,3.988,0.00249844,hom,1
HG03018,FANCL,chr2,58228893,0.79,0.00796377,hom,1
HG03018,FANCL,chr2,58234365,5.116,0.00140537,hom,1
HG03018,LINC01122,chr2,58523567,2.394,0.00827608,hom,1
HG03018,LINC01122,chr2,58554373,0.821,0.00499688,hom,2
HG03018,LINC01122,chr2,58584201,17.08,0.00109307,hom,1
HG03018,LINC01122,chr2,58589748,0.25,0.00171768,hom,1
HG03018,LINC01122,chr2,58589749,0.067,0.00171768,hom,1
HG03018,LINC01122,chr2,58907774,12.86,0.0029669,hom,1
HG03018,LINC01122,chr2,59038849,6.006,0.00312305,hom,1
HG03018,LINC01793,chr2,59226373,1.528,0.00202998,hom,1
HG03018,MIR4432HG,chr2,60366694,22.1,0.00187383,hom,1
HG03018,BCL11A,chr2,60453100,19.31,0.000936914,hom,2
HG03018,BCL11A,chr2,60471835,4.187,0.00171768,hom,1
HG03018,BCL11A,chr2,60490310,12.15,0.00234229,hom,1
HG03018,BCL11A,chr2,60544929,5.55,0.00187383,hom,1
HG03018,REL-DT,chr2,60867042,15.73,0.00171768,hom,1
HG03018,PUS10,chr2,60957431,2.251,0.00156152,hom,2
HG03018,PUS10,chr2,60997761,2.758,0.00921299,hom,2
HG03018,SANBR,chr2,61107334,7.467,0.00702686,hom,1
HG03018,USP34,chr2,61237525,3.346,0.00187383,hom,1
HG03018,USP34,chr2,61238457,4.528,0.00156152,hom,1
HG03018,USP34,chr2,61243903,3.673,0.00187383,hom,1
HG03018,USP34,chr2,61244732,7.623,0.00780762,hom,2
HG03018,USP34,chr2,61262048,1.575,0.00780762,hom,1
HG03018,USP34,chr2,61383386,0.288,0.00187383,hom,1
HG03018,USP34,chr2,61401593,2.173,0.00796377,hom,1
HG03018,XPO1,chr2,61530540,0.002,0.00156152,hom,1
HG03018,CCT4,chr2,61883038,0.388,0.00156152,hom,1
HG03018,CCT4,chr2,61885497,2.206,0.00156152,hom,1
HG03018,COMMD1,chr2,61907154,4.395,0.00156152,hom,1
HG03018,COMMD1,chr2,61933508,1.963,0.00156152,hom,1
HG03018,COMMD1,chr2,62015117,1.102,0.00156152,hom,1
HG03018,FAM161A,chr2,61824974,14.22,0.00140537,hom,5
HG03236,LINC01789,chr2,107268613,1.594,0.00374766,het,1
HG03236,LINC01789,chr2,107273797,4.946,0.000312305,het,1
HG03236,LINC01789,chr2,107293728,0.357,0.000780762,het,1
HG03236,LINC01789,chr2,107338880,1.03,0.00218613,hom,1
HG03236,LINC01885,chr2,107468289,0.862,0.00062461,hom,1
HG03236,LINC01885,chr2,107516014,2.244,0.00062461,hom,1
HG03236,LINC01886,chr2,107530980,0.526,0.00202998,hom,1
HG03236,GACAT1,chr2,107776146,3.811,0.00390381,hom,1
HG03236,GCC2-AS1,chr2,108520641,7.552,0.00062461,hom,1
HG03236,EDAR,chr2,108931958,11.17,0.00140537,hom,1
HG03236,SEPTIN10,chr2,109592611,2.123,0.00202998,hom,2
HG03236,NPHP1,chr2,110124798,8.78,0.000468457,hom,5
HG03490,LOC100133920,chr2,94585370,17.26,0.000468457,het,2
HG03490,AQP7B,chr2,94596274,4.779,0.000780762,het,1
HG03490,FAM95A,chr2,94758049,3.74,0.00312305,het,2
HG03490,ANKRD20A8P,chr2,94768905,1.989,0.00312305,het,1
HG03490,ANKRD20A8P,chr2,94782853,4.603,0.00374766,het,1
HG03490,ANKRD20A8P,chr2,94836280,1.922,0.000780762,het,1
HG03490,ANKRD20A8P,chr2,94841878,2.843,0.00265459,het,1
HG03490,ZNF2,chr2,95178553,3.164,0.00421611,het,1
HG03490,LINC00342,chr2,95817681,3.676,0.00562149,het,1
HG03490,ANKRD36C,chr2,95867436,5.22,0.000312305,het,1
HG03490,ANKRD36C,chr2,95876883,2.308,0.00249844,het,1
HG03490,ANKRD36C,chr2,95894160,0.165,0.00062461,het,2
HG03490,ANKRD36C,chr2,95912161,1.422,0.000312305,het,1
HG03490,ANKRD36C,chr2,95921599,0.828,0.00343535,het,4
HG03490,ANKRD36C,chr2,95986444,0.364,0.00312305,het,1
HG03490,FAHD2CP,chr2,96021884,3.3,0.000312305,het,2
HG03490,ASTL,chr2,96136901,2.017,0.00405996,het,1
HG03490,STARD7,chr2,96187901,6.782,0.000312305,het,2
HG03490,TMEM127,chr2,96261423,4.91,0.000312305,het,2
HG03490,CIAO1,chr2,96268604,27.7,0.000312305,het,1
HG03490,SNRNP200,chr2,96277190,21.4,0.00452842,het,2
HG03490,NCAPH,chr2,96363629,0.812,0.00202998,het,1
HG03490,KANSL3,chr2,96607322,1.107,0.00530918,het,2
HG03490,KANSL3,chr2,96617004,0.4,0.000312305,het,1
HG03490,KANSL3,chr2,96638116,11.62,0.00437227,het,2
HG03490,FER1L5,chr2,96679814,8.014,0.000312305,het,2
HG03490,LMAN2L,chr2,96724737,1.743,0.00124922,het,1
HG03490,ANKRD39,chr2,96855354,3.673,0.00218613,het,2
HG03490,SEMA4C,chr2,96869645,4.489,0.00562149,het,2
HG03490,FAM178B,chr2,96890449,0.644,0.000312305,het,2
HG03490,FAM178B,chr2,96904660,3.021,0.00140537,het,1
HG03490,FAM178B,chr2,96907964,3.135,0.00234229,het,2
HG03490,CNNM4,chr2,96775750,15.23,0.00218613,hom,5
HG03618,FAM124B,chr2,224395013,0.554,0.000468457,hom,1
HG03618,FAM124B,chr2,224397746,0.969,0.00468457,hom,1
HG03618,CUL3,chr2,224510849,11.15,0.00484072,hom,1
HG03618,CCDC195,chr2,224713172,2.093,0.00546533,hom,1
HG03618,DOCK10,chr2,224784390,0.052,0.000468457,hom,1
HG03618,DOCK10,chr2,224829854,5.181,0.00421611,hom,1
HG03618,DOCK10,chr2,224833362,6.873,0.00421611,hom,1
HG03618,DOCK10,chr2,224949725,1.57,0.00421611,hom,1
HG03618,DOCK10,chr2,224986339,1.747,0.00608994,hom,1
HG03618,NYAP2,chr2,225571398,4.54,0.000780762,hom,1
HG03618,IRS1,chr2,226764536,2.693,0.00062461,hom,2
HG03618,IRS1,chr2,226784539,1.39,0.000468457,hom,1
HG03618,IRS1,chr2,226797299,3.746,0.00062461,hom,1
HG03618,RHBDD1,chr2,226801633,17.32,0.000312305,het,2
HG03618,RHBDD1,chr2,226853668,1.949,0.00140537,hom,1
HG03618,RHBDD1,chr2,226927677,4.494,0.00062461,hom,1
HG03618,RHBDD1,chr2,226952935,1.263,0.00281074,hom,1
HG03618,RHBDD1,chr2,226956454,1.886,0.0062461,hom,1
HG03618,COL4A4,chr2,227071071,6.016,0.000468457,hom,1
HG03618,COL4A4,chr2,227089711,6.556,0.000468457,hom,1
HG03618,COL4A4,chr2,227120475,0.593,0.000468457,hom,1
HG03618,MFF-DT,chr2,227251675,5.241,0.00921299,hom,1
HG03618,MFF-DT,chr2,227260022,0.61,0.000936914,hom,1
HG03618,MFF-DT,chr2,227272648,0.873,0.00874454,hom,1
HG03618,MFF-DT,chr2,227292903,5.203,0.00171768,hom,1
HG03618,MFF,chr2,227350478,4.411,0.000468457,hom,2
HG03618,AGFG1,chr2,227483766,8.027,0.00608994,hom,1
HG03618,AGFG1,chr2,227488599,2.749,0.00109307,hom,1
HG03618,AGFG1,chr2,227508353,10.33,0.00608994,hom,1
HG03618,AGFG1,chr2,227513004,2.428,0.00608994,hom,1
HG03618,SLC19A3,chr2,227686995,3.341,0.000468457,hom,1
HG03618,SLC19A3,chr2,227708217,0.642,0.00218613,hom,1
HG03618,SLC19A3,chr2,227716357,0.443,0.000780762,hom,2
HG03618,SPHKAP,chr2,228033656,3.251,0.000780762,hom,1
HG03618,SPHKAP,chr2,228056696,1.531,0.00499688,hom,2
HG03618,LINC01807,chr2,228501813,6.988,0.00171768,hom,1
HG03618,LINC01807,chr2,228584013,2.188,0.00109307,hom,1
HG03618,PID1,chr2,229116507,4.604,0.00515303,hom,1
HG03618,PID1,chr2,229131711,0.892,0.00124922,hom,1
HG03618,PID1,chr2,229210579,6.086,0.00343535,hom,1
HG03618,PID1,chr2,229233965,8.519,0.00109307,hom,1
HG03618,DNER,chr2,229363627,5.911,0.000468457,hom,1
HG03618,DNER,chr2,229402657,0.981,0.000468457,hom,2
HG03618,DNER,chr2,229540658,0.036,0.00390381,hom,1
HG03618,DNER,chr2,229541870,0.354,0.0029669,hom,1
HG03618,DNER,chr2,229621488,0.481,0.000468457,hom,1
HG03618,DNER,chr2,229651019,0.004,0.00530918,hom,1
HG03618,TRIP12,chr2,229845039,1.751,0.000936914,hom,1
HG03618,FBXO36,chr2,229970483,4.268,0.00702686,hom,1
HG03618,FBXO36,chr2,229979050,1.425,0.000468457,hom,1
HG03618,SP100,chr2,230459249,1.128,0.00062461,hom,2
HG03618,SP100,chr2,230538203,4.991,0.000468457,hom,1
HG03618,CAB39,chr2,230730352,8.543,0.00530918,hom,1
HG03618,CAB39,chr2,230818906,1.137,0.00999375,hom,1
HG03618,SPATA3,chr2,231002768,10.65,0.00718301,hom,1
HG03618,SPATA3,chr2,231005466,1.309,0.00171768,hom,1
HG03618,ARMC9,chr2,231199183,6.428,0.00593379,hom,1
HG03618,ARMC9,chr2,231222597,0.6,0.00593379,hom,1
HG03618,ARMC9,chr2,231270225,0.35,0.00608994,hom,2
HG03618,ARMC9,chr2,231300926,3.382,0.000468457,hom,1
HG03618,ARMC9,chr2,231302459,5.458,0.0062461,hom,1
HG03618,PDE6D,chr2,231747388,0.575,0.000468457,hom,1
HG03618,DIS3L2,chr2,232018357,19.51,0.000780762,hom,1
HG03618,DIS3L2,chr2,232153535,2.509,0.00437227,hom,1
HG03618,DIS3L2,chr2,232154877,5.249,0.0095253,hom,1
HG03618,DIS3L2,chr2,232154881,3.121,0.0095253,hom,1
HG03618,DIS3L2,chr2,232157962,3.718,0.000468457,hom,1
HG03618,DIS3L2,chr2,232161565,1.321,0.000468457,hom,1
HG03618,DIS3L2,chr2,232172302,1.884,0.00968145,hom,2
HG03618,ECEL1,chr2,232484900,6.067,0.00421611,hom,4
HG03618,LOC105373929,chr2,232589389,1.146,0.000936914,hom,2
HG03618,EFHD1,chr2,232610572,0.124,0.00343535,hom,1
HG03618,EFHD1,chr2,232615529,2.62,0.00390381,hom,2
HG03618,EFHD1,chr2,232620294,3.619,0.00359151,hom,1
HG03618,EFHD1,chr2,232660610,2.545,0.00749532,hom,1
HG03618,EFHD1,chr2,232663307,9.571,0.00593379,hom,1
HG03618,EFHD1,chr2,232668581,1.041,0.00499688,hom,2
HG03618,GIGYF2,chr2,232733257,2.587,0.00671455,het,2
HG03618,NGEF,chr2,232921509,2.297,0.00265459,hom,1
HG03618,NGEF,chr2,232940058,0.201,0.000468457,hom,1
HG03618,NGEF,chr2,232942242,0.509,0.000468457,hom,1
HG03618,INPP5D,chr2,233121677,1.814,0.00062461,hom,1
HG03618,INPP5D,chr2,233202666,0.815,0.00156152,hom,1
HG03618,DGKD,chr2,233361659,2.626,0.000936914,hom,1
HG03618,DGKD,chr2,233372300,1.502,0.000780762,hom,1
HG03618,DGKD,chr2,233453475,2.805,0.00124922,hom,1
HG03618,DGKD,chr2,233469978,0.175,0.00124922,hom,2
HG03618,DGKD,chr2,233471594,1.021,0.000780762,hom,1
HG03618,USP40,chr2,233479292,0.476,0.00312305,hom,1
HG03618,USP40,chr2,233494981,1.639,0.00405996,het,1
HG03618,UGT1A10,chr2,233638917,1.502,0.00109307,hom,1
HG03618,UGT1A3,chr2,233738062,0.711,0.000468457,hom,2
HG03618,MROH2A,chr2,233782021,7.936,0.00109307,hom,1
HG03618,MROH2A,chr2,233788976,3.965,0.00718301,het,1
HG03618,MROH2A,chr2,233813590,0.169,0.00343535,hom,1
HG03618,MROH2A,chr2,233826072,1.863,0.00390381,hom,1
HG03618,TRPM8,chr2,233964813,2.14,0.00062461,hom,1
HG03618,TRPM8,chr2,233984095,1.212,0.00062461,hom,1
HG03618,TRPM8,chr2,233997449,2.34,0.00062461,hom,2
HG03618,SPP2,chr2,234056825,2.862,0.00234229,hom,1
HG03618,SPP2,chr2,234065096,0.217,0.000468457,hom,1
HG03618,LINC01173,chr2,234692687,0.559,0.00218613,hom,1
HG03618,KCNJ13,chr2,232774416,20.6,0.000468457,hom,5
HG03641,LINC00486,chr2,32837412,0.023,0.000312305,het,1
HG03641,LTBP1,chr2,33037787,1.193,0.00187383,hom,1
HG03641,LTBP1,chr2,33095908,0.574,0.00546533,hom,1
HG03641,LTBP1,chr2,33129044,6.38,0.00109307,hom,1
HG03641,LTBP1,chr2,33176552,0.896,0.000936914,hom,1
HG03641,LTBP1,chr2,33262480,0.036,0.00109307,hom,1
HG03641,LTBP1,chr2,33262753,17.82,0.00124922,hom,1
HG03641,LTBP1,chr2,33329581,2.823,0.00718301,hom,1
HG03641,LTBP1,chr2,33356532,0.478,0.00234229,hom,2
HG03641,LTBP1,chr2,33356536,0.652,0.00249844,hom,1
HG03641,RASGRP3,chr2,33529392,0.423,0.00484072,hom,1
HG03641,RASGRP3,chr2,33530903,0.271,0.00608994,hom,1
HG03641,LINC01317,chr2,33711569,0.294,0.00546533,hom,1
HG03641,CRIM1,chr2,36362673,1.583,0.00140537,hom,1
HG03641,CRIM1,chr2,36403854,14.8,0.00202998,hom,1
HG03641,CRIM1,chr2,36418003,0.392,0.00437227,hom,2
HG03641,CRIM1,chr2,36451629,0.125,0.00249844,hom,1
HG03641,CRIM1,chr2,36507857,11.82,0.00249844,hom,1
HG03641,FEZ2,chr2,36596813,5.081,0.00234229,hom,1
HG03641,FEZ2,chr2,36597785,15.09,0.00109307,hom,2
HG03641,VIT,chr2,36697446,0.234,0.00718301,hom,1
HG03641,VIT,chr2,36699278,6.487,0.00749532,hom,1
HG03641,VIT,chr2,36703296,3.342,0.00749532,hom,1
HG03641,VIT,chr2,36736231,6.821,0.00593379,hom,1
HG03641,VIT,chr2,36789202,0.164,0.00936914,hom,2
HG03641,VIT,chr2,36798349,1.121,0.0095253,hom,2
HG03641,STRN,chr2,36837767,2.061,0.00202998,hom,1
HG03641,STRN,chr2,36910745,1.465,0.00171768,hom,1
HG03641,STRN,chr2,36921764,0.186,0.00171768,hom,2
HG03641,STRN,chr2,36931984,1.652,0.00171768,hom,2
HG03641,STRN,chr2,36934102,0.356,0.00171768,hom,1
HG03641,STRN,chr2,36936976,3.169,0.00171768,hom,1
HG03641,STRN,chr2,36938400,4.432,0.00171768,hom,1
HG03641,STRN,chr2,36945380,3.553,0.00171768,hom,1
HG03641,STRN,chr2,36952234,0.18,0.00171768,hom,1
HG03641,HEATR5B,chr2,36984403,0.696,0.00171768,hom,1
HG03641,EIF2AK2,chr2,37132848,8.332,0.00421611,hom,1
HG03641,EIF2AK2,chr2,37149451,5.961,0.00281074,het,2
HG03641,EIF2AK2,chr2,37154116,4.603,0.000936914,het,1
HG03641,GPATCH11,chr2,37089534,19.5,0.000468457,hom,5
HG03652,AQP7B,chr2,94592854,0.485,0.00452842,het,1
HG03652,AQP7B,chr2,94601820,9.214,0.00281074,het,1
HG03652,AQP7B,chr2,94603487,27.9,0.00218613,het,1
HG03652,ANKRD20A8P,chr2,94768297,5.922,0.00109307,het,1
HG03652,ANKRD20A8P,chr2,94807203,5.827,0.00546533,het,2
HG03652,ANKRD20A8P,chr2,94811495,0.209,0.000936914,het,1
HG03652,ANKRD20A8P,chr2,94814613,9.101,0.000312305,het,1
HG03652,ANKRD20A8P,chr2,94817590,0.564,0.000468457,het,1
HG03652,ANKRD20A8P,chr2,94817785,3.045,0.00546533,het,2
HG03652,ANKRD20A8P,chr2,94830930,2.942,0.00218613,het,1
HG03652,ANKRD20A8P,chr2,94837356,3.773,0.00249844,het,1
HG03652,MAL,chr2,95037057,0.793,0.00140537,het,1
HG03652,MAL,chr2,95037065,1.113,0.00187383,het,1
HG03652,MAL,chr2,95043910,0.249,0.000936914,het,1
HG03652,MAL,chr2,95047887,0.159,0.00109307,het,2
HG03652,MAL,chr2,95050191,5.337,0.000312305,het,2
HG03652,MRPS5,chr2,95086037,1.952,0.00281074,het,1
HG03652,MRPS5,chr2,95087103,0.576,0.00249844,het,1
HG03652,MRPS5,chr2,95089953,6.872,0.00249844,het,1
HG03652,MRPS5,chr2,95090446,6.865,0.000936914,het,1
HG03652,MRPS5,chr2,95091052,0.124,0.00249844,het,1
HG03652,MRPS5,chr2,95120462,0.177,0.00109307,het,1
HG03652,ZNF514,chr2,95156878,2.281,0.00608994,het,1
HG03652,ZNF514,chr2,95158228,3.804,0.000312305,het,2
HG03652,ZNF514,chr2,95158567,5.985,0.000936914,het,2
HG03652,ZNF892,chr2,95219252,2.048,0.000312305,het,1
HG03652,LINC00342,chr2,95818540,7.902,0.000312305,het,1
HG03652,ANKRD36C,chr2,95894133,1.535,0.0029669,het,1
HG03652,ANKRD36C,chr2,95900838,0.079,0.00234229,het,1
HG03652,ANKRD36C,chr2,95911946,1.201,0.00374766,hom,2
HG03652,ANKRD36C,chr2,95930548,2.179,0.000312305,het,1
HG03652,ANKRD36C,chr2,95957692,1.782,0.00374766,het,1
HG03652,ANKRD36C,chr2,95981851,1.195,0.00421611,hom,1
HG03652,FAHD2CP,chr2,96011738,0.688,0.00109307,het,2
HG03652,ASTL,chr2,96125804,2.554,0.00577764,het,1
HG03652,STARD7,chr2,96193145,32.0,0.000468457,het,1
HG03652,STARD7-AS1,chr2,96212073,2.273,0.000312305,het,2
HG03652,TMEM127,chr2,96249166,0.981,0.00281074,het,1
HG03652,SNRNP200,chr2,96274755,7.128,0.00546533,het,2
HG03652,SNRNP200,chr2,96276379,0.072,0.00109307,het,2
HG03652,SNRNP200,chr2,96302944,4.195,0.0032792,het,2
HG03652,ITPRIPL1,chr2,96327036,0.097,0.000312305,het,1
HG03652,NCAPH,chr2,96338493,9.685,0.0062461,het,1
HG03652,NCAPH,chr2,96366984,1.897,0.00109307,het,1
HG03652,LMAN2L,chr2,96710883,12.77,0.00109307,het,1
HG03652,LMAN2L,chr2,96710884,11.9,0.00109307,het,1
HG03652,CNNM3,chr2,96827822,5.614,0.00124922,het,1
HG03652,ANKRD23,chr2,96838546,0.599,0.00124922,het,1
HG03652,ANKRD23,chr2,96838548,3.94,0.00124922,het,2
HG03652,ANKRD23,chr2,96838979,7.393,0.00124922,het,2
HG03652,SEMA4C,chr2,96859954,7.963,0.000468457,het,1
HG03652,FAM178B,chr2,96882766,0.194,0.00234229,het,1
HG03652,FAM178B,chr2,96895932,1.539,0.00562149,het,1
HG03652,FAM178B,chr2,96900221,0.213,0.00140537,het,1
HG03652,FAM178B,chr2,96900520,1.106,0.000312305,het,1
HG03652,FAM178B,chr2,96915515,0.996,0.00234229,het,1
HG03652,LOC101927053,chr2,96924249,0.059,0.00234229,het,1
HG03652,LOC100506076,chr2,97286037,3.758,0.000936914,het,2
HG03652,CNNM4,chr2,96781001,10.68,0.000468457,hom,5
HG03660,ANKRD20A8P,chr2,94777383,3.187,0.00484072,het,1
HG03660,ANKRD20A8P,chr2,94782725,4.112,0.0029669,het,1
HG03660,ANKRD20A8P,chr2,94839657,2.273,0.000468457,het,1
HG03660,MAL,chr2,95030428,1.521,0.000312305,het,2
HG03660,MAL,chr2,95039307,1.985,0.00499688,het,1
HG03660,MRPS5,chr2,95103816,3.675,0.00156152,het,1
HG03660,MRPS5,chr2,95121860,12.57,0.00234229,het,2
HG03660,ZNF2,chr2,95173200,1.37,0.0032792,het,1
HG03660,PROM2,chr2,95276044,28.5,0.00249844,het,1
HG03660,ANKRD36C,chr2,95871973,3.017,0.000312305,het,1
HG03660,ANKRD36C,chr2,95910726,0.626,0.00140537,het,1
HG03660,ANKRD36C,chr2,95936810,6.839,0.00546533,het,1
HG03660,ANKRD36C,chr2,95940178,5.533,0.00546533,het,1
HG03660,ANKRD36C,chr2,95944186,0.365,0.000312305,het,1
HG03660,ANKRD36C,chr2,95976443,5.952,0.00249844,het,1
HG03660,ANKRD36C,chr2,95986957,5.422,0.00265459,het,1
HG03660,NEURL3,chr2,96501961,2.591,0.000468457,het,1
HG03660,ARID5A,chr2,96536781,8.421,0.00218613,het,1
HG03660,KANSL3,chr2,96624460,1.011,0.00218613,het,1
HG03660,FER1L5,chr2,96655123,5.583,0.00124922,het,2
HG03660,FER1L5,chr2,96663887,4.592,0.00124922,het,2
HG03660,FER1L5,chr2,96688843,2.193,0.00218613,het,1
HG03660,LMAN2L,chr2,96718878,0.449,0.00780762,het,1
HG03660,CNNM3,chr2,96822609,0.448,0.00390381,het,2
HG03660,SEMA4C,chr2,96865194,1.024,0.00218613,het,1
HG03660,FAM178B,chr2,96893773,7.851,0.00171768,het,1
HG03660,FAM178B,chr2,96912448,4.401,0.00218613,het,2
HG03660,LOC101927053,chr2,96920487,4.129,0.00249844,het,2
HG03660,LOC101927053,chr2,96920530,1.561,0.0029669,het,2
HG03660,ANKRD36B,chr2,97557857,1.19,0.00062461,het,1
HG03660,ZAP70,chr2,97725969,3.557,0.00140537,het,1
HG03660,CNNM4,chr2,96790861,10.31,0.00124922,hom,5
HG03704,AQP7B,chr2,94595560,9.826,0.00140537,het,1
HG03704,AQP7B,chr2,94596480,3.461,0.00140537,het,1
HG03704,ANKRD20A8P,chr2,94775913,3.677,0.000312305,het,1
HG03704,ANKRD20A8P,chr2,94779008,1.286,0.00140537,het,1
HG03704,ANKRD20A8P,chr2,94781699,3.211,0.000312305,het,1
HG03704,ANKRD20A8P,chr2,94787034,0.324,0.00062461,het,2
HG03704,ANKRD20A8P,chr2,94792614,1.507,0.00062461,het,1
HG03704,ANKRD20A8P,chr2,94818419,0.065,0.00156152,het,1
HG03704,MAL,chr2,95051986,7.302,0.00062461,het,1
HG03704,MRPS5,chr2,95121860,12.57,0.00234229,het,2
HG03704,ZNF2,chr2,95169480,2.208,0.000312305,het,2
HG03704,PROM2,chr2,95276044,28.5,0.00249844,het,1
HG03704,LOC128966744,chr2,95798245,0.217,0.000936914,hom,2
HG03704,ANKRD36C,chr2,95896367,2.0,0.000312305,het,1
HG03704,ANKRD36C,chr2,95907925,1.323,0.00640225,hom,1
HG03704,ANKRD36C,chr2,95915526,0.733,0.00640225,hom,2
HG03704,ANKRD36C,chr2,95962280,2.367,0.000468457,het,1
HG03704,FAHD2CP,chr2,96014323,2.891,0.000312305,het,1
HG03704,ASTL,chr2,96128762,4.858,0.000312305,het,1
HG03704,ASTL,chr2,96133604,0.565,0.00124922,hom,1
HG03704,STARD7,chr2,96202340,8.377,0.000312305,het,1
HG03704,TMEM127,chr2,96257473,2.112,0.000312305,het,1
HG03704,TMEM127,chr2,96259664,4.766,0.00374766,het,1
HG03704,SNRNP200,chr2,96275723,3.224,0.000312305,het,2
HG03704,NCAPH,chr2,96338384,2.227,0.000780762,het,1
HG03704,NCAPH,chr2,96361180,11.03,0.00062461,het,1
HG03704,KANSL3,chr2,96604676,0.922,0.000312305,het,1
HG03704,KANSL3,chr2,96607322,1.107,0.00530918,het,2
HG03704,KANSL3,chr2,96621375,2.279,0.000312305,het,1
HG03704,KANSL3,chr2,96636696,3.383,0.000312305,het,2
HG03704,LMAN2L,chr2,96707793,0.888,0.00062461,het,2
HG03704,LMAN2L,chr2,96720493,2.206,0.00062461,het,1
HG03704,CNNM3,chr2,96822609,0.448,0.00390381,het,2
HG03704,CNNM3,chr2,96829343,4.801,0.000312305,het,1
HG03704,FAM178B,chr2,96893773,7.851,0.00171768,het,1
HG03704,ANKRD36B,chr2,97579397,1.418,0.000312305,het,1
HG03704,ANKRD36B,chr2,97580807,2.122,0.00562149,het,1
HG03704,ACTR1B,chr2,97660928,13.25,0.00546533,het,2
HG03704,ZAP70,chr2,97718094,0.979,0.000312305,het,1
HG03704,ZAP70,chr2,97731115,2.041,0.00702686,het,1
HG03704,CNNM4,chr2,96766439,10.53,0.00202998,hom,5
HG03767,CYRIA,chr2,16593415,1.38,0.00843223,hom,1
HG03767,CYRIA,chr2,16612758,0.022,0.00281074,hom,1
HG03767,CYRIA,chr2,16630171,1.484,0.0032792,hom,1
HG03767,RAD51AP2,chr2,17522421,0.199,0.00062461,hom,2
HG03767,VSNL1,chr2,17590709,6.364,0.000312305,hom,2
HG03767,SMC6,chr2,17675412,0.166,0.000312305,hom,1
HG03767,KCNS3,chr2,17908930,1.969,0.0065584,hom,2
HG03767,LINC01376,chr2,19016599,9.33,0.00811992,hom,1
HG03767,LINC00954,chr2,19871659,3.695,0.00202998,hom,1
HG03767,LAPTM4A-DT,chr2,20068156,1.708,0.00827608,hom,1
HG03767,LAPTM4A-DT,chr2,20102920,8.374,0.000312305,hom,1
HG03767,LAPTM4A-DT,chr2,20104516,4.623,0.000312305,hom,1
HG03767,PUM2,chr2,20316852,3.745,0.000468457,het,1
HG03767,HS1BP3,chr2,20637604,11.01,0.00484072,het,1
HG03767,TFCP2L1,chr2,121225746,0.168,0.00312305,het,1
HG03767,TFCP2L1,chr2,121225752,0.125,0.00281074,het,1
HG03767,CLASP1,chr2,121368433,1.907,0.00265459,hom,1
HG03767,CNTNAP5,chr2,124132567,0.579,0.000468457,hom,1
HG03767,CNTNAP5,chr2,124257728,0.783,0.00718301,hom,1
HG03767,CNTNAP5,chr2,124469236,0.324,0.000312305,hom,1
HG03767,CNTNAP5,chr2,124555735,0.754,0.00749532,het,1
HG03767,CNTNAP5,chr2,124557231,5.408,0.00156152,het,1
HG03767,CNTNAP5,chr2,124577205,4.284,0.00546533,het,1
HG03767,CNTNAP5,chr2,124597220,1.745,0.000468457,het,1
HG03767,CNTNAP5,chr2,124599167,3.039,0.000468457,het,1
HG03767,CNTNAP5,chr2,124599195,1.547,0.000468457,het,1
HG03767,CNTNAP5,chr2,124627335,3.287,0.00062461,het,1
HG03767,CNTNAP5,chr2,124627678,1.456,0.000312305,het,1
HG03767,CNTNAP5,chr2,124630287,3.129,0.000936914,het,1
HG03767,CNTNAP5,chr2,124656104,0.326,0.000780762,het,1
HG03767,CNTNAP5,chr2,124685648,0.777,0.00405996,het,1
HG03767,CNTNAP5,chr2,124741701,0.713,0.00124922,het,1
HG03767,RNU4ATAC,chr2,121530953,9.33,0.000468457,hom,5
