sample_id,gene,chrom,pos,cadd_phred,gnomad_af,zygosity,consequence_severity
HG02490,SLC9A2,chr2,102659313,0.656,0.000312305,het,1
HG02490,SLC9A2,chr2,102686064,2.219,0.00156152,het,1
HG02490,LINC01796,chr2,102876763,1.447,0.00343535,hom,1
HG02490,LINC01796,chr2,102893159,5.334,0.00218613,hom,2
HG02490,LINC01935,chr2,102979929,3.124,0.00156152,hom,1
HG02490,LINC01103,chr2,104498025,3.616,0.00187383,hom,1
HG02490,LINC01103,chr2,104508601,0.141,0.00780762,hom,1
HG02490,LINC01159,chr2,104867285,14.08,0.000468457,hom,2
HG02490,MRPS9-AS2,chr2,104938421,16.81,0.000468457,hom,2
HG02490,MRPS9-AS2,chr2,104950412,0.111,0.00562149,hom,1
HG02490,MRPS9,chr2,105044506,11.29,0.00562149,hom,1
HG02490,TGFBRAP1,chr2,105281138,2.105,0.00312305,hom,1
HG02490,TGFBRAP1,chr2,105317844,3.774,0.00827608,hom,1
HG02490,TGFBRAP1,chr2,105329432,14.22,0.00140537,hom,1
HG02490,FHL2,chr2,105368180,1.8,0.000936914,hom,1
HG02490,FHL2,chr2,105386889,0.528,0.00140537,hom,1
HG02490,FHL2,chr2,105428219,2.066,0.00484072,hom,1
HG02490,NCK2,chr2,105765742,1.459,0.00312305,hom,1
HG02490,NCK2,chr2,105817588,4.705,0.000468457,hom,1
HG02490,UXS1,chr2,106118575,1.552,0.00999375,hom,1
HG02490,UXS1,chr2,106156336,0.402,0.00109307,hom,1
HG02490,ANAPC1P6,chr2,106371126,15.44,0.000936914,hom,2
HG02490,RGPD3,chr2,106412598,2.235,0.00062461,het,1
HG02490,RGPD3,chr2,106431424,1.49,0.000468457,het,1
HG02490,RGPD3,chr2,106434437,2.503,0.000936914,hom,1
HG02490,RGPD3,chr2,106464117,0.319,0.00562149,hom,1
HG02490,LOC107985931,chr2,106480658,4.05,0.00062461,hom,2
HG02490,CD8B2,chr2,106531774,1.588,0.00062461,hom,1
HG02490,CD8B2,chr2,106534494,0.843,0.00999375,hom,1
HG02490,ST6GAL2,chr2,106832136,4.643,0.00843223,hom,2
HG02490,ST6GAL2,chr2,106851686,2.761,0.00109307,hom,2
HG02490,LINC01789,chr2,107341353,7.974,0.00218613,hom,1
HG02490,LINC01789,chr2,107364160,1.686,0.00062461,hom,1
HG02490,LINC01789,chr2,107365097,0.6,0.00593379,hom,1
HG02490,LINC01885,chr2,107446905,1.783,0.00156152,hom,1
HG02490,LINC01885,chr2,107462805,4.264,0.00671455,hom,1
HG02490,GACAT1,chr2,107759613,2.342,0.00390381,hom,1
HG02490,GACAT1,chr2,107817886,1.156,0.00202998,hom,1
HG02490,RGPD4,chr2,107830696,1.742,0.000936914,hom,1
HG02490,RGPD4,chr2,107855540,0.564,0.000468457,hom,1
HG02490,RGPD4,chr2,107883369,0.158,0.00156152,het,1
HG02490,RGPD4,chr2,107883370,0.067,0.000468457,het,1
HG02490,SLC5A7,chr2,108001363,0.641,0.00124922,hom,1
HG02490,LINC01594,chr2,108190595,3.14,0.00452842,hom,1
HG02490,SULT1C3,chr2,108258482,1.747,0.000936914,hom,1
HG02490,GCC2-AS1,chr2,108531760,2.084,0.00374766,hom,2
HG02490,LIMS1,chr2,108580000,2.639,0.00062461,hom,2
HG02490,LIMS1,chr2,108584748,2.473,0.000780762,hom,1
HG02490,LIMS1,chr2,108656707,1.214,0.00109307,het,1
HG02490,LIMS1,chr2,108658902,4.918,0.00281074,het,1
HG02490,LIMS1,chr2,108674678,1.095,0.00374766,hom,2
HG02490,CCDC138,chr2,108793708,3.558,0.000780762,hom,1
HG02490,EDAR,chr2,108931046,0.025,0.00343535,hom,1
HG02490,SEPTIN10,chr2,109560152,1.133,0.00390381,hom,2
HG02490,SEPTIN10,chr2,109609615,2.726,0.0098376,het,1
HG02490,LOC440895,chr2,109968236,5.705,0.000780762,hom,1
HG02490,LOC100288570,chr2,110423067,9.772,0.00062461,het,1
HG02490,ACOXL,chr2,110918358,0.481,0.000468457,hom,1
HG02490,ACOXL,chr2,110919421,1.933,0.0065584,het,1
HG02490,ACOXL,chr2,111057916,0.014,0.00124922,hom,2
HG02490,ACOXL,chr2,111081691,2.347,0.000780762,hom,1
HG02490,ACOXL-AS1,chr2,111107645,1.88,0.00671455,hom,1
HG02490,BCL2L11,chr2,111141541,1.658,0.00109307,hom,1
HG02490,MIR4435-2HG,chr2,111197626,7.372,0.00234229,hom,1
HG02490,MIR4435-2HG,chr2,111232875,0.115,0.000936914,hom,1
HG02490,MIR4435-2HG,chr2,111260981,1.359,0.000780762,hom,2
HG02490,MIR4435-2HG,chr2,111285765,6.974,0.000468457,hom,1
HG02490,SOCAR,chr2,111509984,0.549,0.000780762,hom,1
HG02490,MERTK,chr2,111911682,0.453,0.000468457,hom,1
HG02490,MERTK,chr2,111913498,3.082,0.000468457,hom,1
HG02490,MERTK,chr2,111925825,1.213,0.00171768,hom,2
HG02490,MERTK,chr2,111994079,3.006,0.00062461,hom,1
HG02490,MERTK,chr2,112000575,5.427,0.00593379,hom,1
HG02490,TMEM87B,chr2,112067402,10.96,0.000468457,hom,2
HG02490,FBLN7,chr2,112138991,10.82,0.00515303,het,2
HG02490,FBLN7,chr2,112150678,0.557,0.000468457,hom,2
HG02490,FBLN7,chr2,112153924,4.337,0.0032792,hom,1
HG02490,FBLN7,chr2,112169530,2.157,0.00218613,hom,1
HG02490,FBLN7,chr2,112179988,4.131,0.00249844,hom,1
HG02490,ZC3H8,chr2,112240604,0.126,0.00437227,hom,2
HG02490,ZC3H8,chr2,112240880,0.289,0.000780762,hom,2
HG02490,ZC3H6,chr2,112288471,7.508,0.000312305,het,2
HG02490,ZC3H6,chr2,112292434,0.753,0.000468457,hom,1
HG02490,ZC3H6,chr2,112320542,5.125,0.00968145,hom,1
HG02490,RGPD8,chr2,112379379,1.937,0.00062461,het,1
HG02490,RGPD8,chr2,112422234,2.232,0.00421611,hom,1
HG02490,CKAP2L,chr2,112743913,0.079,0.000468457,hom,2
HG02490,IL1F10,chr2,113069388,1.77,0.000468457,hom,2
HG02490,IL1F10,chr2,113074226,6.199,0.00405996,hom,1
HG02490,PSD4,chr2,113180702,6.692,0.000312305,het,2
HG02490,PAX8-AS1,chr2,113254552,8.12,0.00062461,hom,1
HG02490,PAX8-AS1,chr2,113257265,5.567,0.000468457,hom,2
HG02490,LINC02966,chr2,113327225,2.896,0.000468457,hom,1
HG02490,LINC02966,chr2,113332225,1.792,0.000468457,hom,1
HG02490,PGM5P4,chr2,113541699,2.941,0.000468457,hom,1
HG02490,PGM5P4,chr2,113544243,0.019,0.000468457,hom,2
HG02490,RABL2A,chr2,113638861,0.946,0.000468457,hom,1
HG02490,LINC02936,chr2,113691184,5.548,0.000936914,hom,1
HG02490,ACTR3-AS1,chr2,113857304,1.467,0.000936914,hom,1
HG02490,DPP10,chr2,114451080,1.368,0.00124922,hom,1
HG02490,DPP10,chr2,114486270,3.445,0.000468457,hom,1
HG02490,DPP10,chr2,114504909,1.893,0.00421611,hom,1
HG02490,DPP10,chr2,114541990,1.045,0.00171768,hom,1
HG02490,DPP10,chr2,114552583,0.279,0.00202998,hom,1
HG02490,DPP10,chr2,114582871,5.133,0.000468457,hom,1
HG02490,DPP10-AS1,chr2,115149489,12.68,0.00515303,hom,1
HG02490,DPP10-AS1,chr2,115154482,7.058,0.00515303,hom,1
HG02490,DPP10-AS1,chr2,115158437,0.231,0.00499688,hom,1
HG02490,MARCO,chr2,118953044,0.243,0.00234229,hom,2
HG02490,MARCO,chr2,118984572,3.057,0.00234229,hom,2
HG02490,STEAP3,chr2,119229766,3.05,0.00765147,hom,1
HG02490,C2orf76,chr2,119312459,3.125,0.00608994,hom,2
HG02490,C2orf76,chr2,119336213,3.336,0.00062461,hom,1
HG02490,C2orf76,chr2,119350514,0.928,0.00640225,hom,1
HG02490,C2orf76,chr2,119353164,2.904,0.00156152,hom,1
HG02490,TMEM37,chr2,119433457,5.11,0.000468457,hom,2
HG02490,SCTR,chr2,119441609,1.401,0.000780762,hom,2
HG02490,PTPN4,chr2,119830764,0.482,0.000780762,hom,1
HG02490,PTPN4,chr2,119837361,1.484,0.000468457,hom,2
HG02490,PTPN4,chr2,119866575,3.103,0.000780762,hom,1
HG02490,PTPN4,chr2,119946565,11.49,0.000780762,hom,1
HG02490,EPB41L5,chr2,120033729,7.635,0.000780762,hom,1
HG02490,EPB41L5,chr2,120051541,1.108,0.000936914,hom,1
HG02490,EPB41L5,chr2,120140841,0.744,0.000468457,hom,1
HG02490,EPB41L5,chr2,120151249,1.261,0.000468457,hom,1
HG02490,EPB41L5,chr2,120151622,4.535,0.000936914,hom,1
HG02490,EPB41L5,chr2,120167223,10.59,0.000936914,hom,1
HG02490,GLI2,chr2,120914165,0.331,0.000936914,hom,1
HG02490,GLI2,chr2,120938556,17.42,0.000936914,hom,2
HG02490,GLI2,chr2,120990121,0.3,0.000780762,hom,1
HG02490,TFCP2L1,chr2,121217581,1.122,0.000468457,hom,1
HG02490,CLASP1,chr2,121350743,1.361,0.00124922,hom,2
HG02490,CLASP1,chr2,121354568,1.792,0.000468457,hom,1
HG02490,CLASP1,chr2,121439335,7.236,0.00421611,hom,1
HG02490,CLASP1,chr2,121508599,3.548,0.00421611,hom,1
HG02490,NIFK-AS1,chr2,121656268,0.423,0.00421611,hom,1
HG02490,LINC01823,chr2,121798323,4.327,0.000936914,hom,1
HG02490,CNTNAP5,chr2,124070397,1.705,0.00874454,hom,1
HG02490,CNTNAP5,chr2,124070472,1.628,0.000468457,hom,1
HG02490,CNTNAP5,chr2,124122693,0.827,0.00140537,hom,1
HG02490,CNTNAP5,chr2,124482633,0.769,0.00109307,hom,2
HG02490,CNTNAP5,chr2,124577409,0.99,0.0029669,hom,1
HG02490,CNTNAP5,chr2,124590309,0.142,0.00218613,hom,1
HG02490,CNTNAP5,chr2,124638978,1.031,0.00796377,hom,1
HG02490,CNTNAP5,chr2,124654487,0.693,0.00218613,hom,1
HG02490,CNTNAP5,chr2,124771256,0.695,0.00281074,hom,1
HG02490,CNTNAP5,chr2,124785041,0.806,0.00718301,het,1
HG02490,CNTNAP5,chr2,124808669,3.644,0.00281074,hom,1
HG02490,CNTNAP5,chr2,124858107,2.356,0.00234229,hom,1
HG02490,CNTNAP5,chr2,124883757,0.254,0.00312305,hom,1
HG02490,GYPC,chr2,126682594,0.657,0.000312305,het,1
HG02490,MAP3K2,chr2,127361141,4.28,0.0029669,hom,1
HG02490,MAP3K2,chr2,127386081,1.012,0.000468457,hom,1
HG02490,MAP3K2-DT,chr2,127392673,0.231,0.0029669,hom,1
HG02490,IWS1,chr2,127522739,6.32,0.000468457,hom,1
HG02490,MYO7B,chr2,127541017,1.949,0.000468457,hom,1
HG02490,GPR17,chr2,127647613,0.836,0.000468457,hom,1
HG02490,AMMECR1L,chr2,127876743,1.181,0.00733916,hom,2
HG02490,SAP130,chr2,128014094,6.16,0.00718301,hom,1
HG02490,HS6ST1,chr2,128316819,2.977,0.00390381,hom,1
HG02490,POTEI,chr2,130487914,3.321,0.00109307,hom,1
HG02490,POTEI,chr2,130487975,0.393,0.000780762,hom,1
HG02490,POTEI,chr2,130488030,16.24,0.000780762,hom,4
HG02490,POTEI,chr2,130488578,5.65,0.000936914,hom,1
HG02490,POTEI,chr2,130488652,0.12,0.00187383,hom,1
HG02490,POTEI,chr2,130491713,0.548,0.000468457,hom,1
HG02490,POTEJ,chr2,130628977,0.498,0.000468457,het,1
HG02490,POTEJ,chr2,130629888,3.146,0.00265459,het,1
HG02490,ARHGEF4,chr2,130907755,0.251,0.00202998,hom,1
HG02490,FAM168B,chr2,131050023,0.899,0.000780762,hom,2
HG02490,FAM168B,chr2,131069556,0.051,0.00343535,hom,1
HG02490,FAM168B,chr2,131088138,0.963,0.0062461,hom,1
HG02490,POTEE,chr2,131237259,4.833,0.000468457,hom,1
HG02490,POTEE,chr2,131237548,4.548,0.000780762,hom,1
HG02490,POTEE,chr2,131237549,3.567,0.000780762,hom,1
HG02490,LOC440910,chr2,131284424,4.505,0.00749532,het,1
HG02490,LOC440910,chr2,131284475,0.453,0.00374766,het,1
HG02490,LINC01087,chr2,131645465,1.795,0.00499688,hom,1
HG02490,LINC01945,chr2,131996232,6.797,0.00999375,hom,2
HG02490,LINC01945,chr2,132009648,4.883,0.00702686,het,2
HG02490,LINC01945,chr2,132013798,1.668,0.0032792,het,1
HG02490,ANKRD30BL,chr2,132159649,0.624,0.00374766,hom,1
HG02490,ANKRD30BL,chr2,132203027,1.391,0.00281074,het,1
HG02490,ANKRD30BL,chr2,132222737,1.891,0.00359151,hom,2
HG02490,ANKRD30BL,chr2,132226781,1.31,0.00202998,hom,1
HG02490,FAM201B,chr2,132353322,5.869,0.00312305,hom,2
HG02490,NCKAP5,chr2,132752755,0.613,0.000468457,hom,2
HG02490,NCKAP5,chr2,132779306,11.67,0.00171768,hom,1
HG02490,NCKAP5,chr2,132782991,33.0,0.00421611,hom,1
HG02490,NCKAP5,chr2,132806189,1.771,0.000468457,hom,1
HG02490,NCKAP5-AS1,chr2,132920747,1.926,0.0029669,hom,1
HG02490,TMEM163,chr2,134491590,0.029,0.00109307,hom,1
HG02490,CCNT2-AS1,chr2,134889184,5.941,0.00999375,hom,1
HG02490,MAP3K19,chr2,134988543,0.837,0.000468457,hom,1
HG02490,RAB3GAP1,chr2,135109342,9.281,0.00156152,hom,1
HG02490,ZRANB3,chr2,135310364,13.81,0.000312305,het,1
HG02490,ZRANB3,chr2,135311447,0.188,0.000468457,hom,1
HG02490,ZRANB3,chr2,135373851,5.945,0.000780762,het,1
HG02490,ZRANB3,chr2,135391604,1.181,0.00405996,hom,1
HG02490,ZRANB3,chr2,135445691,2.849,0.00405996,het,1
HG02490,ZRANB3,chr2,135445695,3.384,0.00359151,het,1
HG02490,ZRANB3,chr2,135445701,2.696,0.00202998,het,1
HG02490,R3HDM1,chr2,135588610,7.233,0.00390381,hom,1
HG02490,UBXN4,chr2,135750431,4.5,0.000468457,hom,1
HG02490,DARS1,chr2,135922309,1.173,0.00202998,hom,1
HG02490,DARS1-AS1,chr2,136004158,0.217,0.00171768,hom,1
HG02490,THSD7B,chr2,136808727,16.23,0.000468457,hom,1
HG02490,THSD7B,chr2,136860185,5.168,0.000468457,hom,1
HG02490,THSD7B,chr2,136961540,1.972,0.000468457,hom,1
HG02490,THSD7B,chr2,137133597,0.06,0.00390381,hom,1
HG02490,THSD7B,chr2,137139981,0.527,0.00374766,hom,1
HG02490,THSD7B,chr2,137270403,0.649,0.000312305,het,1
HG02490,THSD7B,chr2,137298635,6.648,0.000936914,hom,1
HG02490,THSD7B,chr2,137337193,1.923,0.000936914,hom,1
HG02490,THSD7B,chr2,137344129,3.389,0.000936914,hom,1
HG02490,THSD7B,chr2,137397803,3.308,0.000936914,hom,1
HG02490,THSD7B,chr2,137397896,4.789,0.000936914,hom,1
HG02490,HNMT,chr2,137972893,14.64,0.000468457,hom,2
HG02490,LOC105373643,chr2,139255045,3.863,0.00671455,hom,2
HG02490,LOC105373643,chr2,139273895,6.122,0.00343535,hom,2
HG02490,LOC105373643,chr2,139302624,0.78,0.00218613,hom,2
HG02490,KYNU,chr2,142930470,3.185,0.000936914,hom,1
HG02490,KYNU,chr2,142954198,0.454,0.00265459,hom,1
HG02490,KYNU,chr2,143007457,3.738,0.00156152,hom,1
HG02490,ARHGAP15,chr2,143141695,0.326,0.000468457,hom,1
HG02490,ARHGAP15,chr2,143159293,23.4,0.00702686,hom,2
HG02490,ARHGAP15,chr2,143179403,6.956,0.000468457,hom,1
HG02490,ARHGAP15,chr2,143196122,0.34,0.00827608,hom,1
HG02490,ARHGAP15,chr2,143222103,0.386,0.000468457,hom,1
HG02490,ARHGAP15,chr2,143245433,8.328,0.00936914,hom,1
HG02490,ARHGAP15,chr2,143253855,3.54,0.00936914,hom,1
HG02490,ARHGAP15,chr2,143276065,2.637,0.00780762,hom,1
HG02490,ARHGAP15,chr2,143387907,0.33,0.000468457,hom,1
HG02490,ARHGAP15,chr2,143394328,5.202,0.000468457,hom,1
HG02490,ARHGAP15,chr2,143409965,0.044,0.00905684,hom,1
HG02490,ARHGAP15,chr2,143437934,2.835,0.00843223,hom,1
HG02490,ARHGAP15,chr2,143524938,11.31,0.00858838,hom,2
HG02490,ARHGAP15,chr2,143552588,14.14,0.00811992,hom,1
HG02490,ARHGAP15,chr2,143559066,0.92,0.00796377,hom,2
HG02490,ARHGAP15,chr2,143576580,1.222,0.00811992,hom,1
HG02490,ARHGAP15,chr2,143616574,0.061,0.000468457,hom,1
HG02490,ARHGAP15,chr2,143664158,0.234,0.00921299,hom,1
HG02490,ARHGAP15,chr2,143747854,0.002,0.00843223,hom,1
HG02490,ARHGAP15,chr2,143751083,0.086,0.00811992,hom,1
HG02490,QTMAN,chr2,143951097,12.37,0.00156152,hom,2
HG02490,QTMAN,chr2,144046874,1.977,0.000468457,hom,1
HG02490,QTMAN,chr2,144226476,3.441,0.000468457,hom,1
HG02490,QTMAN,chr2,144297174,0.585,0.000468457,hom,1
HG02490,QTMAN,chr2,144299504,2.377,0.000468457,hom,1
HG02490,ZEB2,chr2,144386717,14.66,0.0065584,hom,1
HG02490,ZEB2,chr2,144398984,16.99,0.0065584,hom,1
HG02490,TEX41,chr2,144723185,0.074,0.00718301,hom,1
HG02490,TEX41,chr2,144791352,8.138,0.000468457,hom,1
HG02490,TEX41,chr2,144871554,0.795,0.000468457,hom,1
HG02490,TEX41,chr2,144872570,0.439,0.00530918,hom,1
HG02490,TEX41,chr2,144891903,1.368,0.00608994,hom,1
HG02490,TEX41,chr2,144904786,3.961,0.0062461,hom,1
HG02490,TEX41,chr2,144908234,14.71,0.000468457,hom,1
HG02490,TEX41,chr2,144918307,2.285,0.0062461,hom,1
HG02490,TEX41,chr2,144974697,0.044,0.000468457,het,1
HG02490,TEX41,chr2,145036449,4.6,0.000936914,hom,1
HG02490,TEX41,chr2,145038374,4.858,0.00858838,hom,1
HG02490,TEX41,chr2,145056305,1.443,0.00811992,hom,1
HG02490,ACVR2A,chr2,147852335,8.831,0.000780762,hom,1
HG02490,ACVR2A,chr2,147904034,0.417,0.00202998,hom,1
HG02490,ACVR2A,chr2,147916345,6.289,0.00921299,hom,1
HG02490,MBD5,chr2,148057158,0.726,0.00218613,hom,1
HG02490,MBD5,chr2,148073632,0.427,0.00218613,hom,1
HG02490,MBD5,chr2,148124766,5.51,0.00702686,hom,1
HG02490,MBD5,chr2,148126981,1.837,0.00124922,hom,1
HG02490,MBD5,chr2,148135452,2.167,0.00968145,hom,1
HG02490,MBD5,chr2,148151414,4.632,0.00968145,hom,1
HG02490,MBD5,chr2,148152970,5.187,0.000468457,hom,1
HG02490,MBD5,chr2,148238130,3.891,0.000468457,hom,2
HG02490,MBD5,chr2,148272406,2.784,0.00249844,hom,1
HG02490,MBD5,chr2,148286071,0.515,0.00374766,hom,1
HG02490,MBD5,chr2,148325046,2.135,0.00171768,hom,1
HG02490,MBD5,chr2,148349680,5.464,0.00374766,hom,1
HG02490,MBD5,chr2,148472537,7.383,0.00187383,hom,1
HG02490,MBD5,chr2,148507759,1.098,0.00593379,het,1
HG02490,MBD5,chr2,148510233,0.034,0.000780762,hom,2
HG02490,EPC2,chr2,148730284,1.563,0.00062461,hom,1
HG02490,EPC2,chr2,148736199,4.73,0.000780762,hom,1
HG02490,LYPD6B,chr2,149040643,2.713,0.00124922,hom,1
HG02490,LYPD6B,chr2,149079738,5.294,0.000312305,het,1
HG02490,LYPD6B,chr2,149131363,4.806,0.00171768,hom,1
HG02490,LYPD6B,chr2,149149123,0.169,0.000468457,hom,1
HG02490,LYPD6B,chr2,149212888,8.543,0.000468457,hom,1
HG02490,MMADHC-DT,chr2,149588884,2.825,0.00281074,hom,1
HG02490,MMADHC-DT,chr2,149593069,0.962,0.00281074,hom,1
HG02490,MMADHC-DT,chr2,149620729,5.918,0.000468457,hom,1
HG02490,MMADHC-DT,chr2,149652263,0.33,0.00171768,hom,1
HG02490,MMADHC-DT,chr2,149681583,2.949,0.000468457,hom,1
HG02490,MMADHC-DT,chr2,149718321,0.855,0.000468457,hom,1
HG02490,LINC01931,chr2,149811853,4.937,0.00265459,hom,1
HG02490,LINC01931,chr2,149848449,15.4,0.00890069,hom,1
HG02490,LINC01818,chr2,150179391,2.373,0.00843223,hom,1
HG02490,RNU4ATAC,chr2,121530986,16.24,0.00062461,hom,5
HG02493,UPP2,chr2,158045451,8.523,0.000936914,hom,2
HG02493,UPP2,chr2,158070179,4.084,0.00109307,hom,1
HG02493,UPP2,chr2,158106298,0.41,0.000468457,hom,1
HG02493,CCDC148,chr2,158246926,2.338,0.00249844,hom,1
HG02493,PKP4,chr2,158511343,0.374,0.0029669,hom,1
HG02493,PKP4,chr2,158515912,0.793,0.000468457,hom,1
HG02493,PKP4,chr2,158536895,5.354,0.0029669,hom,1
HG02493,PKP4,chr2,158537043,2.447,0.00281074,hom,1
HG02493,PKP4,chr2,158631095,1.586,0.00281074,hom,1
HG02493,DAPL1,chr2,158811081,9.153,0.00374766,hom,2
HG02493,TANC1,chr2,158976506,0.062,0.0029669,hom,1
HG02493,TANC1,chr2,159029040,0.961,0.0029669,hom,1
HG02493,TANC1,chr2,159029042,2.437,0.0029669,hom,1
HG02493,TANC1,chr2,159029045,2.319,0.0029669,hom,2
HG02493,TANC1,chr2,159034471,4.307,0.0029669,hom,1
HG02493,WDSUB1,chr2,159273863,0.679,0.00124922,hom,1
HG02493,BAZ2B,chr2,159331490,7.395,0.000468457,hom,1
HG02493,BAZ2B,chr2,159334982,0.459,0.00281074,hom,1
HG02493,BAZ2B,chr2,159411317,11.15,0.00109307,hom,1
HG02493,BAZ2B,chr2,159446526,0.08,0.00811992,hom,2
HG02493,BAZ2B,chr2,159492572,6.106,0.00843223,hom,1
HG02493,BAZ2B,chr2,159588836,6.584,0.00749532,hom,1
HG02493,BAZ2B,chr2,159598657,1.107,0.00749532,hom,1
HG02493,MARCHF7,chr2,159715822,3.262,0.00765147,hom,2
HG02493,LY75,chr2,159827954,5.188,0.00140537,hom,1
HG02493,PLA2R1,chr2,160007904,0.609,0.00499688,hom,1
HG02493,PLA2R1,chr2,160013697,0.161,0.00530918,hom,1
HG02493,RBMS1,chr2,160280906,3.288,0.00890069,hom,1
HG02493,RBMS1,chr2,160374795,6.877,0.00905684,hom,1
HG02493,RBMS1,chr2,160382859,2.058,0.00374766,hom,1
HG02493,PSMD14-DT,chr2,161226734,5.886,0.00530918,hom,1
HG02493,SLC4A10,chr2,161635078,2.515,0.00062461,hom,1
HG02493,SLC4A10,chr2,161791965,11.82,0.00390381,hom,1
HG02493,SLC4A10,chr2,161908671,0.859,0.00390381,hom,1
HG02493,SLC4A10,chr2,161925195,3.356,0.00390381,hom,1
HG02493,DPP4,chr2,162028641,9.961,0.000936914,hom,1
HG02493,DPP4,chr2,162066777,0.274,0.00343535,hom,1
HG02493,FAP,chr2,162196714,6.192,0.0032792,hom,1
HG02493,GCA,chr2,162350293,1.814,0.000468457,hom,1
HG02493,KCNH7,chr2,162373501,23.7,0.00359151,hom,2
HG02493,KCNH7,chr2,162394299,0.111,0.00359151,hom,1
HG02493,KCNH7,chr2,162401991,4.732,0.00359151,hom,2
HG02493,KCNH7,chr2,162429673,0.263,0.00359151,hom,1
HG02493,KCNH7,chr2,162468636,3.182,0.00359151,hom,1
HG02493,KCNH7,chr2,162487860,0.448,0.000468457,hom,1
HG02493,KCNH7,chr2,162591106,1.513,0.00640225,hom,1
HG02493,KCNH7,chr2,162602595,0.937,0.00530918,hom,1
HG02493,KCNH7,chr2,162612917,0.105,0.0065584,hom,1
HG02493,KCNH7,chr2,162614486,0.859,0.0065584,hom,1
HG02493,KCNH7,chr2,162614593,1.797,0.00921299,hom,1
HG02493,KCNH7,chr2,162641233,3.563,0.00921299,hom,1
HG02493,KCNH7,chr2,162658069,1.093,0.00359151,hom,1
HG02493,KCNH7,chr2,162744828,3.658,0.00608994,hom,1
HG02493,FIGN,chr2,163690377,1.326,0.00858838,hom,1
HG02493,FIGN,chr2,163726382,19.85,0.0029669,hom,1
HG02493,COBLL1,chr2,164665330,0.799,0.00843223,het,1
HG02493,SCN3A,chr2,165125459,2.918,0.000780762,hom,1
HG02493,SCN3A,chr2,165142950,0.891,0.00484072,hom,1
HG02493,SCN2A,chr2,165280034,2.692,0.00671455,hom,1
HG02493,SCN2A,chr2,165291419,1.347,0.00437227,hom,1
HG02493,SCN2A,chr2,165291422,0.494,0.00452842,hom,1
HG02493,CSRNP3,chr2,165494530,7.528,0.00530918,hom,2
HG02493,CSRNP3,chr2,165590358,0.233,0.00936914,hom,1
HG02493,CSRNP3,chr2,165673248,0.373,0.00187383,hom,1
HG02493,TTC21B,chr2,165894433,0.201,0.00999375,hom,1
HG02493,TTC21B-AS1,chr2,165948236,0.203,0.00874454,hom,2
HG02493,SCN1A-AS1,chr2,166148413,10.31,0.000468457,hom,1
HG02493,SCN1A-AS1,chr2,166167142,1.045,0.000468457,hom,1
HG02493,SCN1A-AS1,chr2,166168651,1.012,0.00374766,hom,1
HG02493,SCN1A-AS1,chr2,166181839,0.861,0.000468457,hom,2
HG02493,SCN9A,chr2,166232130,1.968,0.000468457,hom,1
HG02493,SCN9A,chr2,166327091,1.256,0.00936914,hom,1
HG02493,SCN9A,chr2,166335711,0.732,0.00468457,hom,1
HG02493,SCN7A,chr2,166411111,5.467,0.00921299,hom,2
HG02493,XIRP2,chr2,167086888,3.852,0.000468457,hom,1
HG02493,XIRP2-AS1,chr2,167123128,4.316,0.00811992,hom,2
HG02493,B3GALT1,chr2,167337410,9.362,0.00062461,hom,1
HG02493,B3GALT1,chr2,167359206,5.555,0.00062461,hom,1
HG02493,B3GALT1,chr2,167492819,0.446,0.00062461,hom,1
HG02493,B3GALT1,chr2,167508602,2.093,0.0032792,hom,1
HG02493,B3GALT1,chr2,167716757,5.889,0.00452842,hom,1
HG02493,B3GALT1-AS1,chr2,167830334,2.78,0.00140537,hom,1
HG02493,B3GALT1-AS1,chr2,167838406,0.421,0.00171768,het,1
HG02493,STK39,chr2,168018164,5.748,0.000780762,hom,1
HG02493,STK39,chr2,168177260,0.765,0.00468457,hom,2
HG02493,NOSTRIN,chr2,168862852,4.384,0.00874454,hom,1
HG02493,SPC25,chr2,168882134,0.261,0.00874454,hom,1
HG02493,G6PC2,chr2,168906345,3.2,0.000468457,hom,1
HG02493,DHRS9,chr2,169076519,0.197,0.000468457,hom,1
HG02493,BBS5,chr2,169500483,0.462,0.00062461,het,1
HG02493,FASTKD1,chr2,169565426,2.813,0.000780762,het,1
HG02493,FASTKD1,chr2,169567129,2.827,0.00546533,het,1
HG02493,PPIG,chr2,169608783,11.67,0.000312305,het,1
HG02493,CFAP210,chr2,169664514,8.693,0.000780762,het,1
HG02493,LRP2,chr2,169219520,10.68,0.000468457,hom,5
HG02650,GLI2,chr2,120804051,5.385,0.00484072,hom,2
HG02650,GLI2,chr2,120806813,0.015,0.00156152,hom,1
HG02650,GLI2,chr2,120902007,0.002,0.00062461,hom,1
HG02650,GLI2,chr2,120905886,0.095,0.00687071,hom,1
HG02650,TFCP2L1,chr2,121221791,7.534,0.00265459,hom,1
HG02650,TFCP2L1,chr2,121222055,0.306,0.00265459,hom,1
HG02650,TFCP2L1,chr2,121223422,1.864,0.00265459,hom,1
HG02650,TFCP2L1,chr2,121223668,1.659,0.00265459,hom,1
HG02650,TFCP2L1,chr2,121224072,0.389,0.00265459,hom,1
HG02650,TFCP2L1,chr2,121224518,0.657,0.00265459,hom,1
HG02650,TFCP2L1,chr2,121224547,3.663,0.00749532,hom,1
HG02650,TFCP2L1,chr2,121224949,2.191,0.00265459,hom,1
HG02650,TFCP2L1,chr2,121225135,3.441,0.00749532,hom,1
HG02650,TFCP2L1,chr2,121225339,3.989,0.00765147,hom,1
HG02650,TFCP2L1,chr2,121225834,1.066,0.00530918,hom,1
HG02650,TFCP2L1,chr2,121225835,2.226,0.00546533,hom,1
HG02650,TFCP2L1,chr2,121226589,0.436,0.00765147,hom,1
HG02650,TFCP2L1,chr2,121227064,0.658,0.00265459,hom,1
HG02650,TFCP2L1,chr2,121227285,1.618,0.00265459,hom,1
HG02650,TFCP2L1,chr2,121227552,1.121,0.00265459,hom,1
HG02650,TFCP2L1,chr2,121228430,0.04,0.00265459,hom,1
HG02650,TFCP2L1,chr2,121228770,4.491,0.00593379,het,1
HG02650,TFCP2L1,chr2,121230089,0.161,0.00265459,hom,1
HG02650,TFCP2L1,chr2,121230878,9.423,0.00265459,hom,1
HG02650,TFCP2L1,chr2,121233711,1.833,0.00265459,hom,1
HG02650,TFCP2L1,chr2,121233961,0.023,0.00265459,hom,1
HG02650,TFCP2L1,chr2,121235262,8.602,0.00265459,hom,1
HG02650,TFCP2L1,chr2,121236127,0.048,0.00265459,hom,1
HG02650,TFCP2L1,chr2,121239368,5.709,0.000780762,hom,1
HG02650,TFCP2L1,chr2,121241567,0.599,0.00827608,hom,1
HG02650,TFCP2L1,chr2,121242792,2.234,0.00827608,hom,1
HG02650,TFCP2L1,chr2,121243004,7.861,0.00827608,hom,1
HG02650,TFCP2L1,chr2,121246792,0.188,0.00827608,hom,1
HG02650,TFCP2L1,chr2,121247195,6.003,0.00827608,hom,1
HG02650,TFCP2L1,chr2,121247788,2.006,0.00827608,hom,1
HG02650,TFCP2L1,chr2,121249201,0.197,0.00827608,hom,1
HG02650,TFCP2L1,chr2,121254796,1.563,0.00062461,hom,1
HG02650,TFCP2L1,chr2,121255782,1.114,0.00858838,hom,1
HG02650,TFCP2L1,chr2,121256754,0.177,0.00874454,hom,1
HG02650,TFCP2L1,chr2,121256870,0.963,0.00858838,hom,1
HG02650,TFCP2L1,chr2,121259606,5.965,0.00858838,hom,1
HG02650,TFCP2L1,chr2,121264749,0.293,0.00858838,hom,1
HG02650,CLASP1,chr2,121378419,0.004,0.00124922,hom,1
HG02650,CLASP1,chr2,121383257,0.519,0.0032792,hom,1
HG02650,CLASP1,chr2,121435806,2.078,0.000780762,hom,1
HG02650,CLASP1,chr2,121439762,3.844,0.00124922,hom,1
HG02650,CLASP1,chr2,121446881,0.252,0.00124922,hom,1
HG02650,CLASP1,chr2,121457089,1.563,0.00124922,hom,1
HG02650,CLASP1,chr2,121489709,0.27,0.00124922,hom,2
HG02650,CNTNAP5,chr2,124131174,5.442,0.00124922,hom,1
HG02650,CNTNAP5,chr2,124156362,0.648,0.00608994,hom,1
HG02650,CNTNAP5,chr2,124255321,1.993,0.00156152,hom,1
HG02650,CNTNAP5,chr2,124406752,2.155,0.00234229,hom,1
HG02650,CNTNAP5,chr2,124455206,0.458,0.00062461,hom,1
HG02650,CNTNAP5,chr2,124464240,0.596,0.00187383,hom,1
HG02650,CNTNAP5,chr2,124577409,0.99,0.0029669,hom,1
HG02650,CNTNAP5,chr2,124590309,0.142,0.00218613,hom,1
HG02650,CNTNAP5,chr2,124638978,1.031,0.00796377,hom,1
HG02650,CNTNAP5,chr2,124654487,0.693,0.00218613,hom,1
HG02650,CNTNAP5,chr2,124671730,0.342,0.00062461,hom,1
HG02650,CNTNAP5,chr2,124771256,0.695,0.00281074,hom,1
HG02650,CNTNAP5,chr2,124808669,3.644,0.00281074,hom,1
HG02650,CNTNAP5,chr2,124858107,2.356,0.00234229,hom,1
HG02650,CNTNAP5,chr2,124883757,0.254,0.00312305,hom,1
HG02650,BIN1,chr2,127049149,3.259,0.0098376,hom,1
HG02650,ERCC3,chr2,127286890,5.274,0.00124922,hom,1
HG02650,ERCC3,chr2,127294131,5.861,0.00062461,hom,2
HG02650,MAP3K2,chr2,127357641,2.897,0.00062461,hom,2
HG02650,MYO7B,chr2,127536471,0.736,0.00343535,hom,1
HG02650,MYO7B,chr2,127545516,2.549,0.00062461,hom,1
HG02650,SAP130,chr2,127957455,0.196,0.0062461,hom,1
HG02650,SAP130,chr2,127987808,0.27,0.000936914,hom,1
HG02650,SAP130,chr2,127990601,4.246,0.00202998,hom,1
HG02650,UGGT1,chr2,128097097,2.053,0.00249844,hom,1
HG02650,UGGT1,chr2,128120923,4.478,0.00062461,hom,1
HG02650,UGGT1,chr2,128141678,2.381,0.000936914,hom,1
HG02650,UGGT1,chr2,128167151,0.636,0.0029669,hom,1
HG02650,HS6ST1,chr2,128270357,3.156,0.00062461,hom,1
HG02650,HS6ST1,chr2,128305275,8.306,0.00062461,hom,1
HG02650,HS6ST1,chr2,128307715,0.4,0.00515303,hom,1
HG02650,RNU4ATAC,chr2,121530894,19.59,0.00218613,hom,5
HG02655,LINC01376,chr2,18996151,18.93,0.00312305,hom,1
HG02655,LOC101928196,chr2,19459192,2.583,0.00124922,hom,2
HG02655,LOC101928196,chr2,19462541,6.267,0.000780762,hom,2
HG02655,MATN3,chr2,19994904,8.425,0.00484072,hom,1
HG02655,LAPTM4A,chr2,20041965,6.102,0.00124922,hom,1
HG02655,LAPTM4A-DT,chr2,20055720,0.733,0.000468457,hom,2
HG02655,SDC1,chr2,20220874,1.015,0.000780762,hom,1
HG02655,PUM2,chr2,20297254,7.569,0.000468457,hom,1
HG02655,PUM2,chr2,20334710,3.152,0.00202998,hom,1
HG02655,PUM2,chr2,20336395,0.645,0.000468457,hom,1
HG02655,LOC107985856,chr2,20480869,2.468,0.00858838,hom,2
HG02655,HS1BP3-IT1,chr2,20591509,1.333,0.000468457,hom,1
HG02655,HS1BP3,chr2,20620815,2.424,0.00171768,hom,1
HG02655,HS1BP3,chr2,20624543,4.442,0.00968145,hom,1
HG02655,HS1BP3,chr2,20625215,5.672,0.00968145,hom,2
HG02655,LDAH,chr2,20797973,2.714,0.000468457,hom,1
HG02655,APOB,chr2,21017141,4.097,0.000468457,hom,1
HG02655,LINC01822,chr2,21694481,0.868,0.00780762,hom,1
HG02655,LOC107985792,chr2,23047730,0.29,0.00062461,hom,1
HG02655,LOC107985792,chr2,23113948,0.392,0.00343535,hom,1
HG02655,KLHL29,chr2,23406323,0.059,0.000468457,hom,1
HG02655,KLHL29,chr2,23474988,6.301,0.00124922,hom,1
HG02655,KLHL29,chr2,23516545,7.401,0.00062461,hom,1
HG02655,KLHL29,chr2,23533094,0.031,0.00062461,hom,2
HG02655,KLHL29,chr2,23576999,0.082,0.00374766,hom,1
HG02655,KLHL29,chr2,23613502,0.698,0.00718301,hom,2
HG02655,KLHL29,chr2,23676417,1.495,0.00187383,hom,1
HG02655,ATAD2B,chr2,23759967,1.976,0.00187383,hom,1
HG02655,ATAD2B,chr2,23877067,6.379,0.00577764,het,2
HG02655,ITSN2,chr2,24271149,7.281,0.000468457,hom,2
HG02655,ITSN2,chr2,24279699,0.241,0.000468457,hom,1
HG02655,ITSN2,chr2,24284999,2.257,0.000468457,hom,1
HG02655,NCOA1,chr2,24500387,1.489,0.00249844,hom,1
HG02655,NCOA1,chr2,24527466,2.035,0.000468457,hom,1
HG02655,NCOA1,chr2,24761483,2.935,0.000468457,hom,1
HG02655,CENPO,chr2,24812099,1.747,0.000468457,hom,1
HG02655,CENPO,chr2,24813028,1.702,0.00218613,hom,1
HG02655,CENPO,chr2,24814081,5.234,0.00218613,hom,1
HG02655,DNAJC27,chr2,24961968,10.11,0.000468457,hom,1
HG02655,DNAJC27-AS1,chr2,25005049,4.111,0.00468457,het,2
HG02655,DNMT3A,chr2,25312142,12.29,0.000468457,hom,1
HG02655,ASXL2,chr2,25788507,1.281,0.00109307,hom,1
HG02655,ASXL2,chr2,25858363,2.187,0.000780762,hom,1
HG02655,RAB10,chr2,26038135,0.471,0.00905684,hom,1
HG02655,HADHB,chr2,26245634,8.006,0.00421611,hom,2
HG02655,HADHB,chr2,26280147,6.207,0.00062461,hom,2
HG02655,ADGRF3,chr2,26308594,7.414,0.00312305,hom,1
HG02655,DRC1,chr2,26406574,1.686,0.00171768,hom,1
HG02655,OTOF,chr2,26464231,3.521,0.00312305,hom,1
HG02655,OTOF,chr2,26477863,2.863,0.00062461,hom,1
HG02655,CIB4,chr2,26626115,2.699,0.00265459,hom,1
HG02655,DPYSL5,chr2,26948809,2.038,0.000468457,hom,1
HG02655,MAPRE3-AS1,chr2,26999517,0.096,0.00359151,het,1
HG02655,SPATA31H1,chr2,27539943,8.461,0.00687071,het,1
HG02655,LOC100505736,chr2,28176841,0.692,0.00593379,het,1
HG02655,LOC100505736,chr2,28203268,2.219,0.00062461,hom,1
HG02655,FOSL2,chr2,28395046,8.144,0.00202998,hom,2
HG02655,FOSL2,chr2,28412475,7.678,0.00140537,hom,1
HG02655,FOSL2,chr2,28414801,9.329,0.00140537,hom,2
HG02655,PLB1,chr2,28509571,0.722,0.00140537,hom,1
HG02655,PLB1,chr2,28527178,1.565,0.000468457,hom,1
HG02655,PLB1,chr2,28622411,2.916,0.00109307,hom,1
HG02655,LOC100505774,chr2,28719071,0.426,0.00374766,hom,1
HG02655,SPDYA,chr2,28824038,1.399,0.00405996,hom,1
HG02655,WDR43,chr2,28895548,3.566,0.000468457,hom,1
HG02655,TOGARAM2,chr2,28996653,1.913,0.00936914,hom,1
HG02655,CLIP4,chr2,29146727,4.93,0.000936914,hom,1
HG02655,ALK,chr2,29268746,1.546,0.00249844,hom,1
HG02655,ALK,chr2,29393939,0.958,0.00109307,hom,2
HG02655,LBH,chr2,30239801,5.385,0.00577764,hom,2
HG02655,LINC01936,chr2,30347213,2.2,0.00702686,hom,2
HG02655,LCLAT1,chr2,30465948,3.065,0.000468457,hom,2
HG02655,LCLAT1,chr2,30502223,10.67,0.000780762,hom,1
HG02655,LCLAT1,chr2,30504208,0.939,0.00343535,hom,1
HG02655,LCLAT1,chr2,30526327,0.572,0.000468457,hom,1
HG02655,LCLAT1,chr2,30531724,4.401,0.000468457,hom,1
HG02655,LCLAT1,chr2,30539109,2.021,0.00343535,hom,1
HG02655,LCLAT1,chr2,30555757,2.441,0.00343535,hom,1
HG02655,LCLAT1,chr2,30580558,3.154,0.00343535,hom,2
HG02655,CAPN13,chr2,30723016,1.6,0.00312305,hom,1
HG02655,CAPN13,chr2,30723471,1.038,0.00062461,hom,1
HG02655,CAPN13,chr2,30748883,0.234,0.000936914,hom,1
HG02655,CAPN13,chr2,30800727,4.626,0.00062461,hom,1
HG02655,GALNT14,chr2,30962158,0.486,0.000468457,hom,1
HG02655,GALNT14,chr2,30967293,1.863,0.00452842,hom,1
HG02655,GALNT14,chr2,30995946,3.662,0.000468457,hom,1
HG02655,GALNT14,chr2,31003615,2.623,0.000468457,hom,1
HG02655,GALNT14,chr2,31064320,0.506,0.00249844,hom,1
HG02655,EHD3,chr2,31245312,2.109,0.00124922,hom,1
HG02655,XDH,chr2,31369193,0.336,0.00062461,hom,1
HG02655,SRD5A2,chr2,31560009,0.144,0.00062461,hom,1
HG02655,MEMO1,chr2,31876107,0.903,0.00374766,hom,1
HG02655,MEMO1,chr2,31912145,1.445,0.000780762,hom,1
HG02655,MEMO1,chr2,31984922,6.511,0.00546533,hom,1
HG02655,SPAST,chr2,32093336,2.202,0.00109307,hom,1
HG02655,SLC30A6,chr2,32213796,0.56,0.00749532,het,2
HG02655,SLC30A6,chr2,32223148,3.002,0.00515303,hom,1
HG02655,NLRC4,chr2,32230841,2.689,0.00484072,hom,1
HG02655,BIRC6,chr2,32369961,3.129,0.00140537,hom,1
HG02655,BIRC6,chr2,32374233,1.239,0.00765147,hom,2
HG02655,LINC00486,chr2,32828154,2.506,0.00702686,hom,1
HG02655,LTBP1,chr2,32974169,4.055,0.00062461,hom,1
HG02655,LTBP1,chr2,33082442,5.696,0.00124922,hom,1
HG02655,LTBP1,chr2,33155994,0.522,0.00156152,hom,1
HG02655,LTBP1,chr2,33257486,8.029,0.00062461,hom,1
HG02655,LTBP1,chr2,33275671,3.181,0.00156152,hom,1
HG02655,LTBP1,chr2,33338660,5.592,0.00156152,hom,1
HG02655,LTBP1,chr2,33342925,24.4,0.000468457,hom,2
HG02655,LTBP1,chr2,33382462,2.997,0.00702686,hom,1
HG02655,RASGRP3,chr2,33444754,0.232,0.000468457,hom,2
HG02655,RASGRP3,chr2,33457974,6.642,0.00062461,hom,2
HG02655,RASGRP3,chr2,33473592,1.284,0.00187383,hom,2
HG02655,RASGRP3,chr2,33482658,1.028,0.000780762,hom,1
HG02655,RASGRP3,chr2,33503046,2.092,0.000468457,hom,1
HG02655,CRIM1,chr2,36474225,0.142,0.000468457,hom,1
HG02655,CRIM1,chr2,36487724,10.4,0.00156152,hom,1
HG02655,FEZ2,chr2,36571399,0.179,0.00234229,hom,1
HG02655,FEZ2,chr2,36585607,2.785,0.00234229,hom,1
HG02655,VIT,chr2,36738774,0.583,0.000468457,hom,1
HG02655,VIT,chr2,36758422,5.152,0.00249844,hom,1
HG02655,VIT,chr2,36789202,0.164,0.00936914,hom,2
HG02655,VIT,chr2,36798349,1.121,0.0095253,hom,2
HG02655,STRN,chr2,36876770,4.275,0.00265459,hom,1
HG02655,STRN,chr2,36906439,3.329,0.000468457,hom,1
HG02655,STRN,chr2,36931450,7.475,0.00109307,hom,2
HG02655,HEATR5B,chr2,37073427,5.053,0.000468457,hom,1
HG02655,EIF2AK2,chr2,37124410,2.922,0.00265459,hom,1
HG02655,EIF2AK2,chr2,37124494,0.462,0.000468457,hom,1
HG02655,PRKD3,chr2,37317369,0.694,0.00062461,hom,1
HG02655,QPCT,chr2,37358121,2.613,0.00718301,hom,1
HG02655,CDC42EP3,chr2,37647014,5.242,0.000468457,hom,1
HG02655,PIRAT1,chr2,37837596,7.331,0.000936914,hom,1
HG02655,PIRAT1,chr2,37869491,1.057,0.000936914,hom,1
HG02655,PIRAT1,chr2,37871101,2.147,0.000936914,hom,1
HG02655,RMDN2,chr2,37938474,1.33,0.000468457,hom,1
HG02655,RMDN2-AS1,chr2,37962265,2.487,0.000468457,hom,1
HG02655,RMDN2-AS1,chr2,38004146,25.3,0.000468457,hom,1
HG02655,RMDN2-AS1,chr2,38005784,6.414,0.00140537,hom,1
HG02655,RMDN2-AS1,chr2,38008661,3.399,0.000780762,hom,1
HG02655,CYP1B1-AS1,chr2,38132742,0.199,0.00218613,hom,1
HG02655,CYP1B1-AS1,chr2,38138539,4.211,0.00234229,hom,2
HG02655,ATL2,chr2,38302502,1.818,0.00390381,hom,1
HG02655,ATL2,chr2,38368123,5.333,0.00062461,het,2
HG02655,ATL2,chr2,38368124,2.622,0.000468457,het,1
HG02655,HNRNPLL,chr2,38598309,10.09,0.000468457,hom,2
HG02655,GALM,chr2,38667429,2.895,0.00109307,hom,1
HG02655,GALM,chr2,38667980,3.223,0.00109307,hom,2
HG02655,GALM,chr2,38696808,1.245,0.00780762,het,1
HG02655,GALM,chr2,38699391,3.798,0.00156152,hom,1
HG02655,GALM,chr2,38700602,3.44,0.00936914,hom,1
HG02655,GALM,chr2,38701945,0.921,0.00936914,hom,1
HG02655,GALM,chr2,38704940,8.279,0.00718301,hom,2
HG02655,GALM,chr2,38706573,0.075,0.00765147,hom,1
HG02655,GALM,chr2,38718831,1.588,0.00421611,hom,2
HG02655,GALM,chr2,38722091,1.092,0.000468457,hom,1
HG02655,GALM,chr2,38723498,12.36,0.00437227,hom,1
HG02655,GALM,chr2,38723882,2.939,0.00437227,hom,1
HG02655,GALM,chr2,38729166,0.703,0.00156152,hom,1
HG02655,GALM,chr2,38731353,0.086,0.00312305,hom,1
HG02655,GALM,chr2,38731392,2.889,0.00312305,hom,1
HG02655,GALM,chr2,38733476,13.76,0.00312305,hom,2
HG02655,SRSF7,chr2,38746924,4.676,0.00312305,hom,2
HG02655,SRSF7,chr2,38746962,1.287,0.0032792,hom,2
HG02655,SRSF7,chr2,38748012,3.644,0.00562149,hom,1
HG02655,SRSF7,chr2,38748517,0.232,0.0032792,hom,2
HG02655,SRSF7,chr2,38751364,13.07,0.00109307,hom,2
HG02655,GEMIN6,chr2,38779816,3.066,0.00468457,hom,1
HG02655,GEMIN6,chr2,38780665,1.273,0.00546533,hom,1
HG02655,GEMIN6,chr2,38781000,0.425,0.00843223,hom,1
HG02655,GEMIN6,chr2,38783076,1.431,0.00468457,hom,1
HG02655,GEMIN6,chr2,38783479,1.689,0.00546533,hom,1
HG02655,GEMIN6,chr2,38784606,6.94,0.00484072,hom,1
HG02655,DHX57,chr2,38807159,3.126,0.0095253,hom,2
HG02655,DHX57,chr2,38810050,0.238,0.00999375,hom,1
HG02655,DHX57,chr2,38875683,1.154,0.00156152,hom,2
HG02655,SOS1,chr2,39050734,0.006,0.000468457,hom,1
HG02655,SOS1,chr2,39062817,8.732,0.0095253,hom,1
HG02655,SOS1,chr2,39072755,1.831,0.000936914,hom,1
HG02655,SOS1,chr2,39093261,10.61,0.00359151,hom,1
HG02655,SOS1,chr2,39103441,3.099,0.000468457,hom,2
HG02655,CDKL4,chr2,39212269,1.859,0.00671455,hom,1
HG02655,MAP4K3,chr2,39254184,3.839,0.000468457,hom,1
HG02655,MAP4K3,chr2,39279102,3.732,0.000468457,hom,2
HG02655,MAP4K3,chr2,39319243,0.308,0.000468457,hom,1
HG02655,MAP4K3,chr2,39373215,7.452,0.000468457,hom,2
HG02655,MAP4K3,chr2,39395378,12.79,0.00234229,hom,1
HG02655,MAP4K3,chr2,39420498,0.916,0.000468457,hom,1
HG02655,MAP4K3-DT,chr2,39562746,3.987,0.000468457,hom,1
HG02655,MAP4K3-DT,chr2,39593510,0.374,0.00968145,hom,1
HG02655,TMEM178A,chr2,39668759,7.488,0.000780762,hom,1
HG02655,THUMPD2,chr2,39766593,0.177,0.000468457,hom,1
HG02655,SLC8A1-AS1,chr2,40011178,2.046,0.00343535,hom,1
HG02655,SLC8A1-AS1,chr2,40011184,2.426,0.00312305,hom,1
HG02655,SLC8A1-AS1,chr2,40046899,0.681,0.00124922,hom,1
HG02655,SLC8A1-AS1,chr2,40063459,1.397,0.00687071,hom,1
HG02655,SLC8A1-AS1,chr2,40065251,5.511,0.00249844,hom,1
HG02655,SLC8A1-AS1,chr2,40065940,3.906,0.00312305,hom,1
HG02655,SLC8A1-AS1,chr2,40066047,4.84,0.0032792,het,1
HG02655,SLC8A1-AS1,chr2,40066051,3.827,0.00671455,het,1
HG02655,SLC8A1,chr2,40163633,1.8,0.00593379,hom,1
HG02655,SLC8A1,chr2,40344246,2.405,0.000468457,hom,2
HG02655,SLC8A1,chr2,40354038,8.658,0.00109307,hom,2
HG02655,SLC8A1,chr2,40364815,4.588,0.000936914,hom,1
HG02655,SLC8A1,chr2,40387079,4.552,0.000936914,hom,1
HG02655,SLC8A1,chr2,40444395,1.557,0.00187383,hom,1
HG02655,SLC8A1,chr2,40482916,3.736,0.000468457,hom,1
HG02655,EML4-AS1,chr2,42145397,2.228,0.00374766,hom,1
HG02655,EML4,chr2,42184408,8.459,0.00124922,hom,1
HG02655,EML4,chr2,42193008,6.193,0.00546533,hom,1
HG02655,EML4,chr2,42242865,2.103,0.00124922,hom,1
HG02655,EML4,chr2,42273064,2.237,0.00359151,hom,1
HG02655,COX7A2L,chr2,42354239,5.69,0.00171768,hom,1
HG02655,COX7A2L,chr2,42362709,5.717,0.00421611,hom,2
HG02655,MTA3,chr2,42508846,1.368,0.000780762,hom,1
HG02655,MTA3,chr2,42591168,0.629,0.00405996,hom,1
HG02655,MTA3,chr2,42655344,0.124,0.00562149,hom,2
HG02655,MTA3,chr2,42677373,0.443,0.00187383,hom,1
HG02655,MTA3,chr2,42745800,6.206,0.000468457,hom,1
HG02655,LINC01819,chr2,43031747,2.787,0.000780762,hom,1
HG02655,LINC02580,chr2,43098541,5.838,0.00780762,hom,1
HG02655,LINC02580,chr2,43098762,2.004,0.00780762,hom,1
HG02655,THADA,chr2,43277450,1.827,0.00281074,hom,2
HG02655,THADA,chr2,43344832,0.378,0.00281074,hom,1
HG02655,THADA,chr2,43346689,5.416,0.00281074,hom,1
HG02655,THADA,chr2,43353631,3.453,0.00359151,hom,1
HG02655,THADA,chr2,43362282,3.897,0.00593379,hom,1
HG02655,THADA,chr2,43364799,7.527,0.00608994,hom,1
HG02655,THADA,chr2,43395984,4.752,0.000468457,hom,1
HG02655,THADA,chr2,43431557,1.771,0.000780762,het,1
HG02655,THADA,chr2,43431558,3.422,0.000780762,het,1
HG02655,PLEKHH2,chr2,43648032,0.882,0.00405996,hom,1
HG02655,ABCG5,chr2,43820512,5.304,0.00437227,hom,1
HG02655,ABCG8,chr2,43849354,0.844,0.000468457,hom,1
HG02655,LRPPRC,chr2,43943710,4.099,0.00312305,hom,2
HG02655,PREPL,chr2,44349639,5.121,0.000468457,hom,1
HG02655,CAMKMT,chr2,44372563,2.019,0.000468457,hom,1
HG02655,CAMKMT,chr2,44373742,3.544,0.00062461,hom,1
HG02655,CAMKMT,chr2,44494243,12.53,0.000468457,hom,1
HG02655,CAMKMT,chr2,44654197,10.12,0.0029669,hom,1
HG02655,CAMKMT,chr2,44669425,9.329,0.00999375,hom,1
HG02655,CAMKMT,chr2,44686061,13.83,0.000468457,hom,1
HG02655,CAMKMT,chr2,44726845,10.81,0.00796377,hom,1
HG02655,LINC01833,chr2,44933735,12.36,0.00749532,hom,2
HG02655,LINC01121,chr2,45203482,9.219,0.00390381,hom,1
HG02655,SRBD1,chr2,45452899,11.87,0.000780762,hom,1
HG02655,SRBD1,chr2,45462036,9.908,0.0029669,hom,1
HG02655,SRBD1,chr2,45478896,0.206,0.00187383,hom,1
HG02655,SRBD1,chr2,45491127,0.216,0.00265459,hom,1
HG02655,SRBD1,chr2,45532201,0.468,0.00249844,hom,1
HG02655,SRBD1,chr2,45541509,3.286,0.00249844,hom,1
HG02655,PRKCE,chr2,45963176,2.23,0.000312305,het,2
HG02655,PRKCE,chr2,45977145,1.118,0.00468457,hom,1
HG02655,PRKCE,chr2,45999723,0.278,0.0032792,hom,1
HG02655,PRKCE,chr2,46068597,0.113,0.000468457,hom,1
HG02655,PRKCE,chr2,46158725,10.39,0.00468457,hom,1
HG02655,EPAS1,chr2,46328795,10.23,0.000780762,hom,1
HG02655,EPAS1,chr2,46354908,2.245,0.000468457,hom,1
HG02655,LINC02583,chr2,46435232,6.955,0.000468457,hom,2
HG02655,LINC02583,chr2,46441573,3.746,0.000468457,hom,1
HG02655,RHOQ,chr2,46567187,3.439,0.000468457,hom,2
HG02655,RHOQ-AS1,chr2,46577733,4.349,0.000468457,hom,1
HG02655,PIGF,chr2,46587726,2.34,0.000468457,hom,1
HG02655,PIGF,chr2,46607536,3.438,0.000468457,hom,1
HG02655,SOCS5,chr2,46705059,0.904,0.000468457,hom,1
HG02655,SOCS5,chr2,46706996,1.047,0.00140537,hom,1
HG02655,SOCS5,chr2,46726590,10.1,0.000468457,hom,1
HG02655,LINC01118,chr2,46821457,0.343,0.00156152,hom,1
HG02655,MCFD2,chr2,46904174,4.156,0.00234229,hom,2
HG02655,TTC7A,chr2,46944688,7.334,0.00671455,hom,2
HG02655,TTC7A,chr2,46956119,3.211,0.00546533,hom,2
HG02655,TTC7A,chr2,46966677,0.404,0.000468457,hom,1
HG02655,TTC7A,chr2,47013519,2.337,0.00577764,hom,1
HG02655,STPG4,chr2,47106678,2.94,0.00499688,hom,2
HG02655,EPCAM-DT,chr2,47210118,1.793,0.00109307,hom,1
HG02655,EPCAM-DT,chr2,47226905,13.67,0.00109307,hom,1
HG02655,EPCAM-DT,chr2,47309763,0.65,0.00640225,hom,1
HG02655,MSH2,chr2,47454368,1.95,0.000468457,hom,1
HG02655,MSH2,chr2,47468941,4.136,0.00171768,hom,1
HG02655,MSH2,chr2,47495131,1.721,0.00171768,hom,1
HG02655,MSH2,chr2,47500160,4.725,0.000468457,hom,1
HG02655,FBXO11,chr2,47828609,3.557,0.00437227,het,1
HG02655,FBXO11,chr2,47842905,1.745,0.0095253,hom,2
HG02655,FBXO11,chr2,47845401,9.313,0.000468457,hom,2
HG02655,STON1,chr2,48595121,11.48,0.000468457,hom,1
HG02655,LHCGR,chr2,48713948,16.45,0.00249844,hom,2
HG02655,LHCGR,chr2,48716252,3.463,0.00749532,hom,1
HG02655,FSHR,chr2,48994581,12.68,0.00484072,hom,1
HG02655,FSHR,chr2,49008906,3.222,0.000468457,hom,1
HG02655,FSHR,chr2,49043445,1.206,0.00343535,hom,1
HG02655,NRXN1,chr2,49958601,1.138,0.000780762,hom,1
HG02655,NRXN1,chr2,49996168,8.756,0.00312305,hom,1
HG02655,NRXN1,chr2,50067085,2.688,0.00281074,hom,1
HG02655,NRXN1,chr2,50232892,0.24,0.00405996,hom,1
HG02655,NRXN1,chr2,50259200,4.797,0.000780762,hom,1
HG02655,NRXN1,chr2,50264100,0.041,0.00405996,hom,1
HG02655,NRXN1,chr2,50359737,0.626,0.000468457,hom,1
HG02655,NRXN1,chr2,50386114,7.254,0.000468457,hom,1
HG02655,NRXN1,chr2,50411289,5.827,0.000780762,hom,1
HG02655,NRXN1,chr2,50434892,20.2,0.000936914,hom,1
HG02655,NRXN1,chr2,50469985,0.983,0.000936914,hom,1
HG02655,NRXN1,chr2,50692834,7.453,0.00171768,hom,1
HG02655,NRXN1-DT,chr2,51189235,2.68,0.000468457,hom,1
HG02655,NRXN1-DT,chr2,51262143,1.73,0.00218613,hom,1
HG02655,NRXN1-DT,chr2,51316811,3.787,0.000936914,hom,1
HG02655,NRXN1-DT,chr2,51384127,1.868,0.000468457,hom,1
HG02655,NRXN1-DT,chr2,51390024,2.76,0.00843223,hom,1
HG02655,NRXN1-DT,chr2,51445312,2.782,0.00062461,hom,1
HG02655,NRXN1-DT,chr2,51697773,0.738,0.000780762,hom,1
HG02655,NRXN1-DT,chr2,51703258,0.087,0.000780762,hom,1
HG02655,NRXN1-DT,chr2,51713475,0.569,0.000780762,hom,1
HG02655,NRXN1-DT,chr2,51718414,5.694,0.000780762,hom,1
HG02655,NRXN1-DT,chr2,51731012,5.495,0.000780762,hom,1
HG02655,NRXN1-DT,chr2,51762519,0.583,0.000936914,hom,1
HG02655,NRXN1-DT,chr2,51779536,1.544,0.000936914,hom,1
HG02655,NRXN1-DT,chr2,51784394,7.239,0.000780762,hom,1
HG02655,NRXN1-DT,chr2,51817826,0.814,0.00546533,het,1
HG02655,NRXN1-DT,chr2,51836369,2.565,0.000468457,hom,1
HG02655,NRXN1-DT,chr2,51870070,1.623,0.0029669,hom,1
HG02655,NRXN1-DT,chr2,51874324,0.855,0.0029669,hom,1
HG02655,NRXN1-DT,chr2,51887973,1.28,0.0029669,hom,1
HG02655,NRXN1-DT,chr2,51906039,0.462,0.0029669,hom,1
HG02655,NRXN1-DT,chr2,51916221,0.456,0.0029669,hom,1
HG02655,NRXN1-DT,chr2,51916394,2.024,0.0029669,hom,1
HG02655,NRXN1-DT,chr2,52037565,1.815,0.00312305,hom,1
HG02655,NRXN1-DT,chr2,52037921,7.181,0.000468457,hom,1
HG02655,NRXN1-DT,chr2,52173010,0.433,0.000468457,hom,1
HG02655,NRXN1-DT,chr2,52175888,0.125,0.00843223,hom,1
HG02655,NRXN1-DT,chr2,52176143,1.514,0.00843223,hom,1
HG02655,NRXN1-DT,chr2,52207524,1.356,0.000468457,hom,1
HG02655,NRXN1-DT,chr2,52218630,1.461,0.00874454,hom,1
HG02655,NRXN1-DT,chr2,52224079,1.436,0.00281074,hom,1
HG02655,NRXN1-DT,chr2,52285894,3.08,0.00874454,hom,1
HG02655,NRXN1-DT,chr2,52296208,0.175,0.000468457,hom,2
HG02655,NRXN1-DT,chr2,52350337,0.306,0.00827608,hom,2
HG02655,NRXN1-DT,chr2,52351512,0.21,0.000468457,hom,1
HG02655,LINC01867,chr2,52379102,0.966,0.00827608,hom,1
HG02655,LOC105369165,chr2,52818824,0.069,0.000468457,hom,1
HG02655,LOC105369165,chr2,52921744,4.113,0.000468457,hom,1
HG02655,LOC105369165,chr2,52954642,0.668,0.000936914,hom,1
HG02655,LOC105369165,chr2,52972779,0.278,0.000468457,hom,2
HG02655,LOC105369165,chr2,52977777,0.818,0.00187383,het,2
HG02655,LOC105369165,chr2,53043314,1.097,0.000936914,hom,2
HG02655,LOC105369165,chr2,53157508,0.436,0.00437227,hom,2
HG02655,LOC105369165,chr2,53191330,4.384,0.00749532,hom,2
HG02655,GPR75-ASB3,chr2,53715678,7.435,0.000468457,hom,1
HG02655,GPR75-ASB3,chr2,53727131,6.189,0.00843223,hom,1
HG02655,CHAC2,chr2,53768310,0.762,0.000468457,hom,1
HG02655,CHAC2,chr2,53770564,0.929,0.00140537,hom,1
HG02655,ERLEC1,chr2,53789632,0.832,0.00874454,hom,1
HG02655,ERLEC1,chr2,53816405,4.052,0.000468457,hom,1
HG02655,PSME4,chr2,53912313,1.561,0.00874454,hom,1
HG02655,PSME4,chr2,53932635,4.462,0.0098376,hom,1
HG02655,ACYP2,chr2,53983860,2.851,0.00140537,hom,1
HG02655,ACYP2,chr2,54022580,0.372,0.000468457,hom,1
HG02655,ACYP2,chr2,54103839,1.342,0.00874454,hom,1
HG02655,ACYP2,chr2,54143032,1.891,0.00905684,hom,1
HG02655,ACYP2,chr2,54150730,2.755,0.00109307,het,1
HG02655,ACYP2,chr2,54160348,0.863,0.00874454,hom,1
HG02655,ACYP2,chr2,54177548,2.176,0.00140537,hom,1
HG02655,ACYP2,chr2,54201899,4.091,0.00687071,hom,1
HG02655,SPTBN1,chr2,54458089,3.38,0.00390381,hom,2
HG02655,SPTBN1-AS2,chr2,54673371,0.805,0.00733916,hom,2
HG02655,RTN4,chr2,54978418,0.275,0.000468457,hom,1
HG02655,RTN4,chr2,55070683,2.144,0.000936914,hom,1
HG02655,RTN4,chr2,55127314,1.568,0.00109307,hom,2
HG02655,CLHC1,chr2,55193016,0.998,0.00171768,hom,1
HG02655,MTIF2,chr2,55258811,5.289,0.00515303,het,1
HG02655,CCDC88A,chr2,55410296,7.684,0.00171768,hom,1
HG02655,CFAP36,chr2,55537447,0.169,0.00140537,hom,1
HG02655,PPP4R3B,chr2,55579316,1.989,0.000468457,hom,1
HG02655,PPP4R3B,chr2,55607297,0.379,0.0062461,hom,1
HG02655,PNPT1,chr2,55664343,1.474,0.00171768,hom,1
HG02655,CCDC85A,chr2,56235535,10.05,0.00640225,hom,1
HG02655,CCDC85A,chr2,56265197,2.175,0.00765147,hom,1
HG02655,CCDC85A,chr2,56356839,1.506,0.00593379,hom,1
HG02655,VRK2,chr2,57993889,19.75,0.000468457,hom,1
HG02655,VRK2,chr2,58004815,3.274,0.0095253,hom,1
HG02655,FANCL,chr2,58180517,3.337,0.00234229,hom,1
HG02655,FANCL,chr2,58181345,2.432,0.00234229,hom,1
HG02655,FANCL,chr2,58190393,0.115,0.0095253,hom,1
HG02655,FANCL,chr2,58192280,1.954,0.0095253,hom,1
HG02655,FANCL,chr2,58237615,2.919,0.00234229,hom,1
HG02655,LINC01795,chr2,58283338,0.603,0.00936914,hom,1
HG02655,LINC01795,chr2,58292877,0.283,0.00234229,hom,1
HG02655,LINC01122,chr2,58521089,1.68,0.00218613,hom,2
HG02655,LINC01122,chr2,58543169,0.372,0.00218613,hom,1
HG02655,LINC01122,chr2,58553744,9.052,0.00968145,hom,2
HG02655,LINC01122,chr2,58565596,0.957,0.00218613,hom,1
HG02655,LINC01122,chr2,58571392,8.33,0.00468457,hom,2
HG02655,LINC01122,chr2,58593996,14.66,0.00249844,hom,1
HG02655,LINC01122,chr2,58603535,8.458,0.00968145,hom,1
HG02655,LINC01122,chr2,58746994,8.618,0.00218613,hom,1
HG02655,LINC01122,chr2,58875834,0.003,0.00577764,hom,1
HG02655,LINC01122,chr2,58903600,0.384,0.000780762,hom,1
HG02655,LINC01122,chr2,59003006,0.568,0.00140537,hom,1
HG02655,MIR4432HG,chr2,60375350,5.423,0.000468457,hom,1
HG02655,MIR4432HG,chr2,60383672,7.04,0.0095253,hom,2
HG02655,BCL11A,chr2,60467099,0.839,0.00218613,het,1
HG02655,BCL11A,chr2,60467110,1.577,0.00452842,het,1
HG02655,BCL11A,chr2,60472917,0.868,0.00124922,hom,1
HG02655,BCL11A,chr2,60525092,20.9,0.000468457,hom,1
HG02655,BCL11A,chr2,60538820,21.3,0.000468457,hom,1
HG02655,REL-DT,chr2,60852776,2.466,0.00062461,hom,2
HG02655,REL-DT,chr2,60870070,2.685,0.000468457,hom,1
HG02655,REL,chr2,60900460,11.74,0.000468457,hom,1
HG02655,REL,chr2,60930120,8.299,0.000468457,hom,1
HG02655,PUS10,chr2,60968292,5.108,0.00062461,hom,2
HG02655,SANBR,chr2,61096139,10.13,0.00062461,hom,1
HG02655,C2orf74-AS1,chr2,61154724,0.385,0.00062461,hom,1
HG02655,USP34,chr2,61244202,8.522,0.00062461,hom,1
HG02655,USP34,chr2,61269854,3.833,0.00062461,hom,1
HG02655,USP34,chr2,61284605,0.184,0.00062461,hom,1
HG02655,USP34,chr2,61327535,1.141,0.00062461,hom,1
HG02655,USP34,chr2,61348985,0.118,0.00062461,hom,1
HG02655,USP34,chr2,61413956,0.568,0.00530918,het,2
HG02655,XPO1,chr2,61504314,2.687,0.000468457,hom,1
HG02655,XPO1,chr2,61515210,0.101,0.000780762,hom,1
HG02655,XPO1,chr2,61516861,1.367,0.00062461,hom,1
HG02655,XPO1,chr2,61516876,2.688,0.00062461,hom,1
HG02655,XPO1,chr2,61524436,1.64,0.00062461,hom,1
HG02655,CCT4,chr2,61883412,0.517,0.000780762,hom,2
HG02655,COMMD1,chr2,61941840,2.027,0.000468457,hom,1
HG02655,COMMD1,chr2,61942190,3.709,0.000780762,hom,2
HG02655,COMMD1,chr2,61969994,0.174,0.000468457,hom,1
HG02655,COMMD1,chr2,62021003,0.325,0.00562149,het,1
HG02655,COMMD1,chr2,62043094,13.13,0.000780762,hom,2
HG02655,COMMD1,chr2,62058550,10.38,0.00062461,hom,1
HG02655,COMMD1,chr2,62061578,4.397,0.00765147,hom,1
HG02655,COMMD1,chr2,62088724,5.659,0.00062461,hom,1
HG02655,COMMD1,chr2,62107731,2.784,0.000468457,hom,1
HG02655,EHBP1,chr2,62682217,8.874,0.00421611,hom,1
HG02655,EHBP1,chr2,62682698,3.311,0.00405996,hom,1
HG02655,EHBP1,chr2,62739873,10.42,0.00405996,hom,1
HG02655,EHBP1,chr2,62749117,1.503,0.00405996,hom,1
HG02655,EHBP1,chr2,62791104,5.215,0.00405996,hom,1
HG02655,EHBP1,chr2,62795379,5.053,0.00421611,hom,2
HG02655,EHBP1,chr2,62820710,1.18,0.0065584,het,1
HG02655,EHBP1,chr2,62831621,1.779,0.00796377,hom,1
HG02655,EHBP1,chr2,62838680,1.86,0.00171768,hom,1
HG02655,EHBP1,chr2,62868762,0.885,0.00405996,hom,1
HG02655,EHBP1,chr2,62891940,7.999,0.000468457,hom,1
HG02655,EHBP1,chr2,62894495,11.13,0.00562149,hom,1
HG02655,EHBP1,chr2,62917834,1.557,0.00171768,hom,1
HG02655,EHBP1,chr2,62928694,2.147,0.00593379,hom,1
HG02655,EHBP1,chr2,62950658,0.514,0.000468457,hom,1
HG02655,EHBP1,chr2,62974499,1.358,0.00577764,hom,1
HG02655,EHBP1,chr2,62995535,1.341,0.00796377,hom,1
HG02655,WDPCP,chr2,63189765,5.746,0.00312305,hom,1
HG02655,WDPCP,chr2,63192648,14.52,0.00452842,hom,1
HG02655,WDPCP,chr2,63210010,3.895,0.000468457,hom,1
HG02655,WDPCP,chr2,63211204,0.982,0.00452842,hom,1
HG02655,WDPCP,chr2,63314825,1.357,0.00468457,hom,1
HG02655,WDPCP,chr2,63353031,1.074,0.000468457,hom,1
HG02655,WDPCP,chr2,63408010,7.538,0.00640225,hom,1
HG02655,WDPCP,chr2,63451834,0.659,0.00062461,hom,1
HG02655,WDPCP,chr2,63455823,3.281,0.00640225,hom,1
HG02655,WDPCP,chr2,63456656,6.949,0.000468457,hom,1
HG02655,WDPCP,chr2,63479094,0.365,0.00890069,hom,1
HG02655,WDPCP,chr2,63523266,4.652,0.00171768,hom,1
HG02655,WDPCP,chr2,63559107,2.229,0.00218613,hom,1
HG02655,WDPCP,chr2,63586223,0.309,0.00312305,hom,2
HG02655,MDH1,chr2,63589408,8.983,0.00218613,hom,2
HG02655,VPS54,chr2,63959834,3.351,0.000468457,hom,1
HG02655,LINC00309,chr2,64196520,4.79,0.00062461,hom,1
HG02655,LGALSL,chr2,64460289,2.207,0.000468457,hom,1
HG02655,SERTAD2,chr2,64632890,3.018,0.00562149,hom,1
HG02655,LINC02245,chr2,64907017,0.734,0.000468457,hom,2
HG02655,SLC1A4,chr2,64992695,1.208,0.00265459,hom,2
HG02655,SLC1A4,chr2,65000405,4.489,0.00265459,hom,1
HG02655,LINC02576,chr2,65049948,0.803,0.000936914,hom,1
HG02655,SPRED2,chr2,65316007,6.506,0.00515303,hom,2
HG02655,SPRED2,chr2,65333863,10.54,0.00499688,hom,1
HG02655,SPRED2,chr2,65335135,2.007,0.00499688,hom,1
HG02655,SPRED2,chr2,65426288,12.28,0.000468457,hom,1
HG02655,SPRED2,chr2,65429711,10.7,0.000780762,hom,1
HG02655,LINC02934,chr2,65810032,1.857,0.00640225,het,1
HG02655,LINC02934,chr2,65814204,2.348,0.000468457,hom,2
HG02655,LINC02934,chr2,65822902,0.046,0.000468457,hom,1
HG02655,LINC02934,chr2,65834674,0.583,0.00890069,hom,1
HG02655,LINC02934,chr2,65855253,6.343,0.000468457,hom,1
HG02655,LINC02934,chr2,65865491,11.87,0.00562149,hom,1
HG02655,LINC02934,chr2,66049401,6.177,0.00484072,hom,1
HG02655,LINC01873,chr2,66386718,3.353,0.00124922,hom,1
HG02655,LINC01798,chr2,66593928,0.569,0.00062461,hom,1
HG02655,LINC01798,chr2,66632682,1.247,0.00359151,hom,1
HG02655,LINC01798,chr2,66646911,10.31,0.00374766,hom,2
HG02655,LINC01799,chr2,66914629,1.835,0.000468457,hom,1
HG02655,LINC01829,chr2,67137561,0.813,0.0065584,hom,1
HG02655,PPP3R1,chr2,68223714,5.723,0.00405996,hom,1
HG02655,APLF,chr2,68470952,0.42,0.00218613,hom,1
HG02655,APLF,chr2,68519190,1.145,0.00124922,hom,1
HG02655,APLF,chr2,68538929,0.419,0.00109307,hom,1
HG02655,PROKR1,chr2,68644272,2.374,0.00218613,hom,1
HG02655,PROKR1,chr2,68657268,0.824,0.00124922,hom,1
HG02655,ARHGAP25,chr2,68768390,1.306,0.000780762,hom,2
HG02655,GKN2,chr2,68945558,0.267,0.00780762,hom,1
HG02655,ANTXR1,chr2,69101679,0.597,0.00140537,hom,1
HG02655,TTL,chr2,112503625,0.306,0.00796377,hom,1
HG02655,TTL,chr2,112507103,3.859,0.000936914,hom,1
HG02655,TTL,chr2,112516966,0.911,0.00140537,hom,1
HG02655,TTL,chr2,112521457,0.225,0.00140537,hom,1
HG02655,SLC20A1,chr2,112654895,1.507,0.00780762,het,1
HG02655,SLC20A1,chr2,112659706,9.064,0.00218613,hom,2
HG02655,IL36B,chr2,113036947,1.102,0.00156152,hom,1
HG02655,ZNG1B,chr2,113474663,3.743,0.00546533,hom,1
HG02655,PGM5P4,chr2,113539637,2.346,0.00530918,het,2
HG02655,WASH2P,chr2,113587876,19.56,0.000468457,het,2
HG02655,WASH2P,chr2,113587948,10.14,0.00811992,het,2
HG02655,DDX11L2,chr2,113599267,14.24,0.00234229,het,2
HG02655,LINC02936,chr2,113703384,11.59,0.00249844,hom,1
HG02655,LINC02992,chr2,113978776,2.308,0.00109307,hom,2
HG02655,DPP10,chr2,114464936,0.561,0.00171768,hom,1
HG02655,DPP10,chr2,114749708,0.293,0.0029669,hom,1
HG02655,DPP10,chr2,114756326,0.072,0.000468457,hom,1
HG02655,DPP10,chr2,114766206,2.562,0.00062461,hom,1
HG02655,DPP10-AS1,chr2,115144153,1.573,0.000468457,hom,1
HG02655,DPP10-AS1,chr2,115147254,0.044,0.00109307,hom,1
HG02655,DPP10-AS1,chr2,115156357,4.365,0.000468457,hom,1
HG02655,CCDC93,chr2,117948090,7.883,0.00171768,hom,1
HG02655,CCDC93,chr2,117981644,0.082,0.00140537,hom,1
HG02655,MARCO,chr2,118961276,2.899,0.00374766,hom,1
HG02655,STEAP3,chr2,119229766,3.05,0.00765147,hom,1
HG02655,STEAP3-AS1,chr2,119244975,5.092,0.00187383,hom,1
HG02655,C2orf76,chr2,119306109,0.06,0.000468457,hom,1
HG02655,DBI,chr2,119371711,12.1,0.00265459,hom,1
HG02655,CFAP221,chr2,119548683,6.948,0.0029669,hom,1
HG02655,PTPN4,chr2,119831725,0.854,0.00062461,hom,1
HG02655,EPB41L5,chr2,120069502,0.323,0.000468457,hom,1
HG02655,EPB41L5,chr2,120104128,20.6,0.000468457,hom,2
HG02655,RALB,chr2,120283864,2.688,0.00218613,hom,2
HG02655,GLI2,chr2,120866817,8.936,0.000468457,hom,1
HG02655,GLI2,chr2,120956956,5.282,0.000468457,hom,1
HG02655,GLI2,chr2,120965592,5.099,0.00187383,hom,1
HG02655,CLASP1,chr2,121341437,0.692,0.000468457,hom,1
HG02655,CLASP1,chr2,121390587,2.524,0.00187383,hom,1
HG02655,CLASP1,chr2,121438376,6.059,0.00187383,hom,1
HG02655,NIFK-AS1,chr2,121726616,2.093,0.000468457,hom,1
HG02655,CNTNAP5,chr2,124156208,4.409,0.000468457,hom,1
HG02655,CNTNAP5,chr2,124409157,6.498,0.00749532,het,1
HG02655,CNTNAP5,chr2,124561308,0.008,0.00968145,hom,1
HG02655,CNTNAP5,chr2,124582202,1.072,0.000468457,hom,1
HG02655,CNTNAP5,chr2,124661635,1.401,0.00515303,hom,1
HG02655,CNTNAP5,chr2,124729218,1.252,0.00608994,hom,1
HG02655,CNTNAP5,chr2,124753076,4.472,0.00671455,hom,1
HG02655,CNTNAP5,chr2,124828247,0.929,0.00890069,hom,1
HG02655,BIN1,chr2,127064226,1.86,0.000936914,hom,1
HG02655,MAP3K2-DT,chr2,127390518,1.978,0.00202998,hom,1
HG02655,POLR2D,chr2,127853872,0.733,0.00187383,hom,1
HG02655,SAP130,chr2,127981295,1.136,0.00437227,het,1
HG02655,SAP130,chr2,128005483,1.899,0.000468457,hom,1
HG02655,UGGT1,chr2,128165805,1.235,0.00062461,hom,2
HG02655,UGGT1,chr2,128165809,2.376,0.00062461,hom,1
HG02655,HS6ST1,chr2,128298801,2.883,0.00062461,hom,1
HG02655,RAB6C-AS1,chr2,129974815,4.509,0.00062461,hom,2
HG02655,IFT172,chr2,27487527,16.86,0.000468457,hom,5
HG02658,XIRP2,chr2,166967030,0.902,0.000468457,hom,1
HG02658,XIRP2,chr2,166969299,3.723,0.00515303,hom,1
HG02658,XIRP2,chr2,167013869,1.564,0.00062461,hom,1
HG02658,XIRP2,chr2,167021241,0.112,0.00062461,hom,1
HG02658,XIRP2,chr2,167026655,1.161,0.00515303,hom,1
HG02658,XIRP2,chr2,167045336,13.09,0.00062461,hom,1
HG02658,XIRP2,chr2,167086455,1.701,0.000936914,hom,1
HG02658,XIRP2-AS1,chr2,167127760,0.484,0.00156152,hom,1
HG02658,B3GALT1,chr2,167293184,7.051,0.0029669,hom,1
HG02658,B3GALT1,chr2,167298098,3.324,0.000468457,hom,1
HG02658,B3GALT1,chr2,167364163,0.571,0.00640225,het,1
HG02658,B3GALT1,chr2,167501283,3.908,0.000468457,hom,1
HG02658,B3GALT1,chr2,167503363,4.596,0.000468457,hom,1
HG02658,B3GALT1,chr2,167537716,1.462,0.00156152,hom,1
HG02658,B3GALT1,chr2,167561386,2.951,0.0032792,hom,1
HG02658,B3GALT1,chr2,167579522,0.725,0.0032792,hom,1
HG02658,B3GALT1,chr2,167641676,1.843,0.00593379,hom,1
HG02658,B3GALT1,chr2,167693034,13.82,0.000468457,hom,1
HG02658,B3GALT1,chr2,167748170,0.235,0.00437227,hom,1
HG02658,B3GALT1,chr2,167762700,1.989,0.00515303,hom,1
HG02658,B3GALT1-AS1,chr2,167865513,0.218,0.00249844,hom,1
HG02658,B3GALT1-AS1,chr2,167904110,1.227,0.00156152,hom,1
HG02658,B3GALT1-AS1,chr2,167904718,0.081,0.000780762,hom,1
HG02658,B3GALT1-AS1,chr2,167925368,2.048,0.00640225,hom,1
HG02658,STK39,chr2,167967763,0.231,0.000468457,hom,1
HG02658,STK39,chr2,168006479,0.394,0.000936914,hom,1
HG02658,STK39,chr2,168011769,4.449,0.000936914,hom,1
HG02658,STK39,chr2,168104511,0.137,0.00640225,hom,1
HG02658,STK39,chr2,168123634,0.888,0.000468457,hom,1
HG02658,STK39,chr2,168130550,9.612,0.000936914,hom,1
HG02658,STK39,chr2,168201234,14.97,0.000780762,hom,1
HG02658,STK39,chr2,168206259,10.8,0.000468457,hom,1
HG02658,CERS6,chr2,168463636,1.847,0.000468457,hom,1
HG02658,CERS6,chr2,168542751,1.543,0.00062461,hom,2
HG02658,NOSTRIN,chr2,168806530,3.603,0.00702686,hom,1
HG02658,NOSTRIN,chr2,168846643,9.588,0.00640225,hom,1
HG02658,SPC25,chr2,168888357,4.532,0.00156152,hom,1
HG02658,ABCB11,chr2,169017647,0.381,0.00187383,hom,1
HG02658,DHRS9,chr2,169083966,4.143,0.00156152,hom,1
HG02658,BBS5,chr2,169494487,0.388,0.00062461,hom,1
HG02658,BBS5,chr2,169500043,2.122,0.00359151,hom,1
HG02658,BBS5,chr2,169502911,0.651,0.00234229,hom,1
HG02658,KLHL41,chr2,169523334,5.293,0.00359151,hom,1
HG02658,PPIG,chr2,169606896,3.389,0.00640225,hom,1
HG02658,PHOSPHO2,chr2,169698430,0.701,0.00640225,hom,1
HG02658,UBR3,chr2,169831140,4.851,0.00749532,hom,1
HG02658,UBR3,chr2,169871862,6.618,0.00733916,hom,1
HG02658,MYO3B,chr2,170185613,3.194,0.00405996,hom,1
HG02658,MYO3B,chr2,170209478,6.173,0.0029669,hom,1
HG02658,MYO3B,chr2,170227810,0.25,0.00905684,hom,1
HG02658,MYO3B,chr2,170246059,0.417,0.00874454,hom,1
HG02658,MYO3B,chr2,170260447,3.853,0.00562149,hom,1
HG02658,LOC100130256,chr2,170634269,0.206,0.00124922,hom,1
HG02658,LOC100130256,chr2,170698204,0.446,0.00109307,hom,2
HG02658,TLK1,chr2,171054340,1.807,0.000468457,hom,1
HG02658,TLK1,chr2,171221537,4.359,0.00109307,hom,1
HG02658,METTL8,chr2,171349914,0.167,0.00515303,hom,1
HG02658,DCAF17,chr2,171450793,4.757,0.00156152,hom,1
HG02658,PDK1-AS1,chr2,172482225,2.252,0.00109307,hom,1
HG02658,PDK1-AS1,chr2,172510333,5.134,0.00109307,hom,1
HG02658,PDK1,chr2,172563480,12.86,0.00109307,hom,1
HG02658,PDK1,chr2,172575467,7.626,0.000468457,hom,1
HG02658,RAPGEF4-AS1,chr2,172734172,2.376,0.000468457,hom,2
HG02658,RAPGEF4,chr2,172764920,3.926,0.00484072,hom,1
HG02658,RAPGEF4,chr2,172886098,5.101,0.00468457,hom,1
HG02658,RAPGEF4,chr2,172920339,0.653,0.000468457,hom,1
HG02658,RAPGEF4,chr2,172941941,5.741,0.00733916,hom,1
HG02658,MAP3K20,chr2,173101296,13.63,0.00780762,hom,1
HG02658,MAP3K20,chr2,173144300,3.026,0.00827608,hom,1
HG02658,MAP3K20,chr2,173164002,1.611,0.00796377,hom,2
HG02658,SP3,chr2,173934158,1.932,0.000468457,hom,1
HG02658,SP9,chr2,174337495,15.95,0.00577764,hom,2
HG02658,SCRN3,chr2,174398765,1.031,0.000468457,hom,2
HG02658,GPR155,chr2,174445663,4.163,0.00062461,hom,1
HG02658,CHRNA1,chr2,174752088,3.901,0.00281074,hom,1
HG02658,CHN1,chr2,174822709,0.293,0.00999375,hom,1
HG02658,CHN1,chr2,174976651,13.66,0.000468457,hom,1
HG02658,CHN1,chr2,174996045,1.122,0.00265459,hom,1
HG02658,ATF2,chr2,175093703,2.351,0.000468457,hom,1
HG02658,ATF2,chr2,175108716,0.827,0.00062461,hom,1
HG02658,ATF2,chr2,175136373,12.36,0.00062461,hom,1
HG02658,EVX2,chr2,176081924,3.371,0.000468457,hom,1
HG02658,MTX2,chr2,176280558,4.565,0.00405996,hom,1
HG02658,LINC01116,chr2,176621825,2.678,0.000780762,hom,2
HG02658,LINC01117,chr2,176642452,6.22,0.00843223,hom,1
HG02658,LINC01117,chr2,176650925,2.001,0.00874454,hom,1
HG02658,NFE2L2,chr2,177255674,6.722,0.00218613,hom,2
HG02658,LOC100130691,chr2,177289215,4.566,0.00515303,hom,1
HG02658,LOC100130691,chr2,177313396,0.667,0.000468457,hom,2
HG02658,AGPS,chr2,177420739,0.171,0.00343535,hom,1
HG02658,AGPS,chr2,177455677,1.056,0.000468457,hom,1
HG02658,AGPS,chr2,177463971,1.281,0.00265459,hom,1
HG02658,AGPS,chr2,177484620,1.311,0.00265459,hom,1
HG02658,AGPS,chr2,177532460,1.818,0.000468457,hom,1
HG02658,PDE11A,chr2,177660024,7.836,0.000468457,hom,2
HG02658,OSBPL6,chr2,178270097,0.702,0.00062461,hom,1
HG02658,OSBPL6,chr2,178342205,3.245,0.00187383,hom,1
HG02658,OSBPL6,chr2,178355554,7.68,0.00187383,hom,1
HG02658,OSBPL6,chr2,178357726,0.796,0.00796377,hom,1
HG02658,OSBPL6,chr2,178362537,15.14,0.00577764,hom,1
HG02658,TTN,chr2,178587968,23.0,0.000936914,hom,1
HG02658,TTN,chr2,178603055,5.828,0.0029669,hom,1
HG02658,LOC101927055,chr2,178779394,1.856,0.00062461,hom,1
HG02658,CCDC141,chr2,178840020,3.385,0.0032792,hom,1
HG02658,CCDC141,chr2,178856875,0.535,0.00608994,hom,1
HG02658,CCDC141,chr2,178961712,4.327,0.00249844,hom,1
HG02658,CCDC141,chr2,178980295,3.433,0.00062461,hom,1
HG02658,CCDC141,chr2,179028504,2.969,0.00218613,hom,1
HG02658,ZNF385B,chr2,179717769,1.949,0.00156152,hom,1
HG02658,ZNF385B,chr2,179767767,0.359,0.00874454,hom,1
HG02658,ZNF385B,chr2,179778306,0.883,0.00702686,hom,1
HG02658,ZNF385B,chr2,179809696,0.155,0.00671455,hom,1
HG02658,ZNF385B,chr2,179810783,0.774,0.000936914,hom,1
HG02658,SCHLAP1,chr2,180727317,3.906,0.00452842,hom,1
HG02658,SCHLAP1,chr2,180748642,1.208,0.000468457,hom,1
HG02658,SCHLAP1,chr2,180756313,1.739,0.00452842,het,1
HG02658,SCHLAP1,chr2,180818490,0.263,0.00374766,hom,1
HG02658,SCHLAP1,chr2,180828789,2.798,0.00405996,hom,1
HG02658,SCHLAP1,chr2,180858444,1.737,0.00390381,hom,1
HG02658,SCHLAP1,chr2,180870931,3.842,0.000468457,hom,1
HG02658,UBE2E3,chr2,180982117,9.586,0.00843223,hom,2
HG02658,UBE2E3,chr2,180987482,2.152,0.00843223,hom,1
HG02658,UBE2E3,chr2,180987797,12.35,0.00843223,hom,1
HG02658,UBE2E3,chr2,181001007,5.226,0.00843223,hom,1
HG02658,UBE2E3,chr2,181045990,0.124,0.00843223,hom,1
HG02658,UBE2E3,chr2,181060394,0.393,0.00312305,hom,1
HG02658,LINC01934,chr2,181127556,1.148,0.00827608,hom,1
HG02658,PDE1A,chr2,182469018,1.043,0.00890069,hom,1
HG02658,DNAJC10,chr2,182771134,3.913,0.00234229,hom,1
HG02658,NCKAP1,chr2,182961145,10.31,0.00515303,hom,1
HG02658,NCKAP1,chr2,182980091,9.429,0.00343535,hom,2
HG02658,DUSP19,chr2,183080734,12.37,0.00343535,hom,1
HG02658,NUP35,chr2,183146794,1.498,0.00343535,hom,1
HG02658,ZNF804A,chr2,184762827,3.389,0.000468457,hom,1
HG02658,ZNF804A,chr2,184780544,1.159,0.00468457,hom,1
HG02658,ZNF804A,chr2,184782162,3.557,0.00468457,hom,1
HG02658,ZNF804A,chr2,184922781,2.227,0.00265459,hom,1
HG02658,FSIP2,chr2,185774522,12.71,0.000468457,hom,1
HG02658,LINC01473,chr2,186052099,0.363,0.000468457,hom,1
HG02658,ITGAV,chr2,186619407,3.965,0.00171768,hom,1
HG02658,ITGAV,chr2,186667729,24.8,0.00171768,hom,1
HG02658,ITGAV,chr2,186668220,0.804,0.00936914,het,1
HG02658,ITGAV,chr2,186668222,2.679,0.00452842,het,1
HG02658,ITGAV,chr2,186668224,2.015,0.00374766,het,1
HG02658,ITGAV,chr2,186671112,0.119,0.00171768,hom,1
HG02658,CALCRL-AS1,chr2,187007560,3.68,0.0095253,hom,2
HG02658,CALCRL-AS1,chr2,187039223,6.377,0.0098376,hom,1
HG02658,CALCRL-AS1,chr2,187046766,6.351,0.000468457,hom,1
HG02658,CALCRL-AS1,chr2,187068156,8.571,0.00234229,hom,1
HG02658,CALCRL-AS1,chr2,187096590,0.209,0.00921299,hom,1
HG02658,CALCRL-AS1,chr2,187133407,0.314,0.00905684,hom,1
HG02658,CALCRL-AS1,chr2,187169985,3.767,0.0095253,hom,2
HG02658,CALCRL-AS1,chr2,187172448,4.32,0.0095253,hom,1
HG02658,CALCRL-AS1,chr2,187185440,1.041,0.0095253,hom,1
HG02658,CALCRL-AS1,chr2,187240237,1.967,0.00905684,hom,1
HG02658,CALCRL-AS1,chr2,187241354,0.553,0.00905684,hom,1
HG02658,CALCRL-AS1,chr2,187272024,5.225,0.00890069,hom,2
HG02658,CALCRL-AS1,chr2,187316028,0.045,0.00874454,hom,1
HG02658,CALCRL,chr2,187347139,0.745,0.00905684,hom,1
HG02658,CALCRL,chr2,187360228,0.731,0.00874454,hom,1
HG02658,CALCRL,chr2,187393640,0.057,0.000468457,hom,1
HG02658,LINC01090,chr2,188105025,5.845,0.00796377,hom,1
HG02658,LINC01090,chr2,188123970,3.627,0.00156152,hom,1
HG02658,LINC01090,chr2,188146296,12.67,0.00968145,hom,1
HG02658,LINC01090,chr2,188172023,3.299,0.00827608,hom,1
HG02658,LINC01090,chr2,188179538,3.333,0.0095253,hom,1
HG02658,LINC01090,chr2,188216193,3.241,0.000468457,hom,1
HG02658,LINC01090,chr2,188238217,2.082,0.000780762,hom,1
HG02658,LINC01090,chr2,188259781,2.875,0.00156152,hom,1
HG02658,LINC01090,chr2,188272737,4.634,0.000468457,hom,1
HG02658,DIRC1,chr2,188752327,1.537,0.00109307,hom,1
HG02658,DIRC1,chr2,188776172,2.971,0.00124922,hom,1
HG02658,DIRC1,chr2,188777058,6.898,0.00140537,hom,2
HG02658,DIRC1,chr2,188782345,6.736,0.00124922,hom,1
HG02658,COL5A2,chr2,189074649,1.021,0.0029669,hom,1
HG02658,COL5A2,chr2,189108290,3.645,0.000468457,hom,1
HG02658,SLC40A1,chr2,189571982,0.969,0.00218613,hom,1
HG02658,PMS1,chr2,189822925,4.837,0.000936914,hom,1
HG02658,PMS1,chr2,189867069,2.426,0.000468457,hom,1
HG02658,AKAP19,chr2,190143051,1.035,0.00312305,hom,1
HG02658,HIBCH,chr2,190225152,2.072,0.00405996,hom,1
HG02658,HIBCH,chr2,190225853,1.714,0.00187383,hom,1
HG02658,HIBCH,chr2,190234948,11.29,0.0029669,hom,1
HG02658,HIBCH,chr2,190240785,4.369,0.00968145,hom,1
HG02658,HIBCH,chr2,190256736,1.436,0.0029669,hom,1
HG02658,HIBCH,chr2,190256970,2.693,0.00405996,hom,1
HG02658,HIBCH,chr2,190276150,2.966,0.00968145,hom,1
HG02658,HIBCH,chr2,190294204,0.467,0.00968145,hom,1
HG02658,HIBCH,chr2,190310036,5.522,0.00593379,hom,1
HG02658,HIBCH,chr2,190316870,4.944,0.00968145,hom,1
HG02658,LRP2,chr2,169286569,11.48,0.000468457,hom,5
HG02660,LINC01121,chr2,45235982,0.874,0.00577764,het,1
HG02660,SRBD1,chr2,45486440,1.781,0.00452842,hom,1
HG02660,SRBD1,chr2,45498262,1.001,0.00437227,hom,1
HG02660,SRBD1,chr2,45546857,24.3,0.000468457,hom,1
HG02660,SRBD1,chr2,45562078,4.224,0.00437227,hom,1
HG02660,PRKCE,chr2,45701826,1.309,0.00156152,hom,1
HG02660,PRKCE,chr2,45757889,0.112,0.00202998,hom,1
HG02660,PRKCE,chr2,45828955,2.53,0.00733916,hom,1
HG02660,PRKCE,chr2,45854668,4.677,0.00827608,hom,1
HG02660,PRKCE,chr2,45865916,4.011,0.00171768,hom,1
HG02660,PRKCE,chr2,45893747,8.824,0.0065584,hom,1
HG02660,PRKCE,chr2,45904079,0.238,0.00733916,hom,1
HG02660,PRKCE,chr2,45919556,0.134,0.000468457,hom,1
HG02660,PRKCE,chr2,45933023,6.442,0.00796377,hom,1
HG02660,PRKCE,chr2,45999243,9.379,0.00234229,hom,2
HG02660,PRKCE,chr2,46010819,7.439,0.00374766,hom,2
HG02660,PRKCE,chr2,46037527,6.331,0.000468457,hom,1
HG02660,EPAS1,chr2,46322462,11.02,0.000780762,hom,1
HG02660,EPAS1,chr2,46350255,18.76,0.000468457,hom,1
HG02660,EPAS1,chr2,46377278,3.026,0.000936914,hom,1
HG02660,PIGF,chr2,46585893,1.514,0.000468457,hom,2
HG02660,PIGF,chr2,46612642,4.148,0.00390381,hom,2
HG02660,CRIPT,chr2,46620694,1.875,0.00359151,hom,1
HG02660,SOCS5,chr2,46700253,6.963,0.00468457,hom,1
HG02660,SOCS5,chr2,46739348,1.011,0.000468457,hom,1
HG02660,LINC01119,chr2,46831770,3.167,0.00156152,hom,1
HG02660,TTC7A,chr2,46931037,1.946,0.00171768,hom,1
HG02660,TTC7A,chr2,46952991,0.244,0.00187383,hom,1
HG02660,TTC7A,chr2,47030991,3.01,0.00968145,hom,2
HG02660,TTC7A,chr2,47044050,10.6,0.00187383,hom,2
HG02660,TTC7A,chr2,47051527,0.317,0.0095253,hom,1
HG02660,TTC7A,chr2,47072825,2.687,0.00671455,hom,2
HG02660,STPG4,chr2,47091633,2.554,0.0095253,hom,1
HG02660,CALM2,chr2,47176032,8.635,0.00968145,hom,2
HG02660,EPCAM-DT,chr2,47194994,1.53,0.0095253,hom,2
HG02660,EPCAM-DT,chr2,47214142,1.785,0.00968145,hom,1
HG02660,EPCAM-DT,chr2,47219288,1.093,0.00968145,hom,1
HG02660,MSH2,chr2,47432105,1.545,0.0065584,hom,1
HG02660,MSH2,chr2,47436176,0.922,0.0065584,hom,1
HG02660,MSH2,chr2,47442308,1.546,0.00608994,hom,1
HG02660,MSH2,chr2,47479510,8.109,0.000468457,hom,1
HG02660,MSH2,chr2,47490176,3.175,0.00359151,hom,2
HG02660,FBXO11,chr2,47809066,0.165,0.00281074,hom,2
HG02660,LOC100506235,chr2,47907825,8.716,0.00265459,hom,2
HG02660,FOXN2,chr2,48314929,17.36,0.00218613,hom,1
HG02660,FOXN2,chr2,48365635,0.153,0.00218613,hom,1
HG02660,PPP1R21,chr2,48451231,6.653,0.00265459,hom,1
HG02660,STON1,chr2,48536482,2.267,0.00187383,hom,1
HG02660,STON1,chr2,48550311,3.359,0.00265459,hom,1
HG02660,GTF2A1L,chr2,48636833,0.031,0.000468457,hom,1
HG02660,GTF2A1L,chr2,48666922,0.301,0.00218613,hom,1
HG02660,LHCGR,chr2,48721316,0.505,0.000468457,hom,1
HG02660,FSHR,chr2,48982439,1.291,0.00265459,hom,1
HG02660,FSHR,chr2,48988159,5.525,0.00249844,hom,1
HG02660,FSHR,chr2,48989626,2.091,0.00265459,hom,1
HG02660,FSHR,chr2,48990520,6.002,0.00265459,hom,1
HG02660,NRXN1,chr2,50024664,2.618,0.000936914,hom,1
HG02660,NRXN1,chr2,50068730,1.422,0.00109307,hom,1
HG02660,NRXN1,chr2,50070367,12.3,0.00140537,hom,1
HG02660,NRXN1,chr2,50076938,0.086,0.00109307,hom,1
HG02660,NRXN1,chr2,50176774,0.201,0.000468457,hom,1
HG02660,NRXN1,chr2,50198718,2.613,0.00187383,hom,2
HG02660,NRXN1,chr2,50199009,7.258,0.00187383,hom,1
HG02660,NRXN1,chr2,50203754,2.78,0.000780762,hom,1
HG02660,NRXN1,chr2,50204195,0.296,0.00187383,hom,1
HG02660,NRXN1,chr2,50280209,3.779,0.00062461,hom,1
HG02660,NRXN1,chr2,50327233,1.96,0.00124922,hom,1
HG02660,NRXN1,chr2,50402838,2.007,0.00124922,hom,1
HG02660,NRXN1,chr2,50431371,0.29,0.00124922,hom,1
HG02660,NRXN1,chr2,50461558,1.934,0.000468457,hom,1
HG02660,NRXN1,chr2,50541942,0.056,0.00515303,hom,1
HG02660,NRXN1,chr2,50574663,0.85,0.00452842,hom,1
HG02660,NRXN1,chr2,50575370,7.551,0.000468457,hom,2
HG02660,NRXN1-DT,chr2,51051567,0.067,0.00405996,hom,1
HG02660,NRXN1-DT,chr2,51074335,2.233,0.00405996,hom,1
HG02660,NRXN1-DT,chr2,51101991,1.429,0.00218613,hom,1
HG02660,NRXN1-DT,chr2,51102234,15.45,0.00218613,hom,1
HG02660,NRXN1-DT,chr2,51103237,1.179,0.00109307,hom,1
HG02660,NRXN1-DT,chr2,51211170,2.839,0.000780762,hom,1
HG02660,NRXN1-DT,chr2,51322078,0.616,0.00171768,hom,1
HG02660,NRXN1-DT,chr2,51358848,0.585,0.000468457,hom,1
HG02660,NRXN1-DT,chr2,51371105,3.685,0.000780762,hom,1
HG02660,NRXN1-DT,chr2,51376128,4.013,0.000780762,hom,1
HG02660,NRXN1-DT,chr2,51401042,4.911,0.00140537,hom,1
HG02660,NRXN1-DT,chr2,51554921,7.097,0.00171768,hom,1
HG02660,NRXN1-DT,chr2,51581206,0.121,0.00062461,hom,1
HG02660,NRXN1-DT,chr2,51605713,2.903,0.00062461,hom,1
HG02660,NRXN1-DT,chr2,51745831,0.44,0.000468457,hom,1
HG02660,NRXN1-DT,chr2,51774050,0.166,0.000468457,hom,2
HG02660,NRXN1-DT,chr2,51805716,5.912,0.000468457,hom,1
HG02660,NRXN1-DT,chr2,51839779,3.432,0.000780762,hom,1
HG02660,NRXN1-DT,chr2,51848065,2.742,0.00249844,hom,1
HG02660,NRXN1-DT,chr2,51850801,2.552,0.00593379,hom,1
HG02660,NRXN1-DT,chr2,51890881,0.101,0.00827608,hom,1
HG02660,NRXN1-DT,chr2,51891413,2.499,0.00874454,hom,1
HG02660,NRXN1-DT,chr2,51936717,0.838,0.00515303,hom,1
HG02660,NRXN1-DT,chr2,51940159,0.186,0.00218613,hom,1
HG02660,NRXN1-DT,chr2,51996834,3.725,0.00218613,hom,1
HG02660,NRXN1-DT,chr2,52007827,3.104,0.000468457,hom,1
HG02660,NRXN1-DT,chr2,52008998,7.661,0.00421611,hom,1
HG02660,NRXN1-DT,chr2,52039604,6.387,0.000468457,hom,1
HG02660,NRXN1-DT,chr2,52043174,1.94,0.00796377,hom,1
HG02660,NRXN1-DT,chr2,52044200,2.919,0.00405996,hom,1
HG02660,NRXN1-DT,chr2,52046346,3.742,0.00796377,hom,1
HG02660,NRXN1-DT,chr2,52057986,4.647,0.00749532,hom,1
HG02660,NRXN1-DT,chr2,52130527,2.172,0.00437227,hom,1
HG02660,NRXN1-DT,chr2,52227172,1.852,0.00593379,hom,1
HG02660,NRXN1-DT,chr2,52233076,2.034,0.000780762,hom,1
HG02660,NRXN1-DT,chr2,52290175,2.126,0.00733916,hom,1
HG02660,LINC01867,chr2,52373270,2.092,0.000468457,hom,1
HG02660,LOC105369165,chr2,52765963,2.141,0.000468457,hom,1
HG02660,LOC105369165,chr2,52830535,3.594,0.000468457,hom,1
HG02660,LOC105369165,chr2,52886691,3.18,0.000468457,hom,2
HG02660,LOC105369165,chr2,52914454,3.391,0.000468457,hom,1
HG02660,LOC105369165,chr2,52921623,1.275,0.000468457,hom,1
HG02660,LOC105369165,chr2,52988533,0.515,0.00811992,hom,2
HG02660,LOC105369165,chr2,53161922,0.323,0.00062461,hom,2
HG02660,LOC105369165,chr2,53167011,0.952,0.000780762,hom,2
HG02660,GPR75-ASB3,chr2,53735046,2.577,0.000468457,hom,1
HG02660,GPR75,chr2,53853799,24.9,0.00374766,hom,2
HG02660,PSME4,chr2,53913571,14.58,0.000468457,hom,1
HG02660,PSME4,chr2,53954250,4.601,0.000468457,hom,1
HG02660,ACYP2,chr2,54205357,1.398,0.00484072,hom,1
HG02660,ACYP2,chr2,54214215,1.223,0.000468457,hom,1
HG02660,CIMIP6,chr2,54343248,0.02,0.000468457,hom,1
HG02660,SPTBN1,chr2,54464311,5.977,0.000468457,hom,1
HG02660,SPTBN1,chr2,54498259,0.156,0.00530918,hom,2
HG02660,SPTBN1,chr2,54506230,1.071,0.00530918,hom,1
HG02660,SPTBN1-AS1,chr2,54523253,0.435,0.00593379,hom,1
HG02660,SPTBN1-AS2,chr2,54677609,2.644,0.000780762,hom,1
HG02660,EML6,chr2,54730655,3.929,0.000936914,hom,1
HG02660,RTN4,chr2,54976018,3.939,0.00124922,hom,1
HG02660,RTN4,chr2,54976598,7.806,0.00124922,hom,1
HG02660,RTN4,chr2,55036806,5.159,0.000468457,hom,1
HG02660,RTN4,chr2,55058496,20.1,0.00109307,hom,1
HG02660,RTN4,chr2,55072242,3.435,0.00312305,hom,1
HG02660,RTN4,chr2,55081187,9.981,0.00171768,hom,1
HG02660,RTN4,chr2,55092354,2.65,0.00499688,hom,1
HG02660,CLHC1,chr2,55214972,3.062,0.00062461,hom,1
HG02660,PPP4R3B,chr2,55571114,1.751,0.00234229,hom,1
HG02660,PPP4R3B,chr2,55593457,3.204,0.000468457,hom,1
HG02660,PPP4R3B,chr2,55596355,6.205,0.00249844,hom,1
HG02660,PNPT1,chr2,55686520,6.665,0.00437227,hom,1
HG02660,EFEMP1,chr2,55888899,1.735,0.00718301,hom,2
HG02660,EFEMP1,chr2,55897074,5.018,0.00796377,hom,1
HG02660,MIR217HG,chr2,55971662,10.72,0.000468457,hom,1
HG02660,CCDC85A,chr2,56271347,0.006,0.000468457,hom,1
HG02660,CCDC85A,chr2,56272873,4.754,0.00234229,hom,1
HG02660,CCDC85A,chr2,56284863,5.289,0.000468457,hom,1
HG02660,CCDC85A,chr2,56346911,3.132,0.000468457,hom,1
HG02660,VRK2,chr2,57918637,11.26,0.00312305,hom,1
HG02660,VRK2,chr2,57919664,20.4,0.00312305,hom,1
HG02660,VRK2,chr2,57930666,4.591,0.000468457,hom,1
HG02660,VRK2,chr2,57932404,7.619,0.000468457,hom,1
HG02660,VRK2,chr2,57960737,16.55,0.00124922,hom,1
HG02660,VRK2,chr2,57972576,1.727,0.00124922,hom,1
HG02660,VRK2,chr2,57997283,2.751,0.0029669,hom,1
HG02660,FANCL,chr2,58163470,23.8,0.00281074,hom,1
HG02660,LINC01795,chr2,58285721,1.872,0.00140537,hom,1
HG02660,LINC01122,chr2,58572540,0.202,0.000468457,hom,1
HG02660,LINC01122,chr2,58587100,4.784,0.00234229,hom,1
HG02660,LINC01122,chr2,58587101,5.425,0.00234229,hom,1
HG02660,LINC01122,chr2,58650295,1.373,0.00421611,hom,1
HG02660,LINC01122,chr2,58776856,1.281,0.000468457,hom,1
HG02660,LINC01122,chr2,58788212,16.69,0.00484072,hom,1
HG02660,LINC01122,chr2,58809797,8.153,0.000468457,hom,1
HG02660,LINC01122,chr2,58965730,16.19,0.00858838,hom,1
HG02660,LINC01122,chr2,59011901,8.278,0.000780762,het,1
HG02660,LINC01122,chr2,59058591,3.378,0.00452842,hom,2
HG02660,LINC01793,chr2,59235157,4.391,0.00374766,hom,1
HG02660,MIR4432HG,chr2,60360884,1.316,0.00530918,hom,1
HG02660,MIR4432HG,chr2,60374292,0.178,0.00343535,hom,1
HG02660,BCL11A,chr2,60470751,2.377,0.000936914,hom,1
HG02660,REL-DT,chr2,60880813,1.822,0.000780762,hom,2
HG02660,PUS10,chr2,60969650,1.744,0.000468457,hom,1
HG02660,PUS10,chr2,60982051,1.994,0.00187383,hom,1
HG02660,PUS10,chr2,60989221,0.841,0.00109307,hom,1
HG02660,PEX13,chr2,61033080,2.456,0.000468457,hom,1
HG02660,SANBR,chr2,61078777,3.795,0.00202998,hom,1
HG02660,SANBR,chr2,61092789,0.379,0.00062461,hom,1
HG02660,C2orf74-AS1,chr2,61160302,2.06,0.00062461,hom,1
HG02660,AHSA2P,chr2,61187065,3.537,0.00156152,hom,2
HG02660,USP34,chr2,61198820,1.835,0.00062461,hom,1
HG02660,USP34,chr2,61313164,3.104,0.000468457,hom,1
HG02660,USP34,chr2,61377293,0.27,0.00062461,hom,1
HG02660,USP34,chr2,61398109,1.316,0.000468457,hom,1
HG02660,USP34,chr2,61413323,2.509,0.00359151,het,2
HG02660,USP34,chr2,61413341,1.625,0.0065584,het,2
HG02660,USP34,chr2,61413346,1.739,0.00593379,het,1
HG02660,XPO1,chr2,61506598,11.81,0.00780762,het,1
HG02660,XPO1,chr2,61516146,0.388,0.00780762,het,1
HG02660,CCT4,chr2,61872552,20.9,0.00109307,hom,1
HG02660,COMMD1,chr2,61966813,2.62,0.00359151,hom,1
HG02660,COMMD1,chr2,61991111,2.847,0.00359151,hom,1
HG02660,COMMD1,chr2,62100922,11.3,0.00343535,hom,1
HG02660,EHBP1,chr2,62715239,1.171,0.00156152,hom,1
HG02660,EHBP1,chr2,62763488,2.959,0.00140537,hom,1
HG02660,EHBP1,chr2,62778500,1.607,0.00124922,hom,1
HG02660,EHBP1,chr2,62789031,8.451,0.00124922,hom,1
HG02660,EHBP1,chr2,62827738,1.963,0.00140537,hom,1
HG02660,EHBP1,chr2,62844582,3.733,0.00124922,hom,1
HG02660,EHBP1,chr2,62848100,2.327,0.00281074,het,1
HG02660,EHBP1,chr2,62860798,0.662,0.00124922,hom,1
HG02660,EHBP1,chr2,62870311,3.095,0.00140537,hom,1
HG02660,EHBP1,chr2,62898748,1.278,0.0029669,hom,1
HG02660,WDPCP,chr2,63121683,8.518,0.00968145,hom,2
HG02660,WDPCP,chr2,63172038,11.04,0.00140537,hom,1
HG02660,WDPCP,chr2,63218315,1.612,0.00249844,hom,1
HG02660,WDPCP,chr2,63231052,3.185,0.00249844,hom,2
HG02660,WDPCP,chr2,63290973,2.61,0.00249844,hom,1
HG02660,WDPCP,chr2,63299282,5.764,0.00140537,hom,1
HG02660,WDPCP,chr2,63356325,4.735,0.00312305,hom,1
HG02660,WDPCP,chr2,63404559,4.063,0.00265459,hom,1
HG02660,WDPCP,chr2,63421077,1.501,0.00140537,hom,1
HG02660,WDPCP,chr2,63523554,2.001,0.00124922,hom,1
HG02660,WDPCP,chr2,63523555,0.728,0.00124922,hom,2
HG02660,WDPCP,chr2,63523737,4.568,0.00187383,hom,1
HG02660,WDPCP,chr2,63533965,3.02,0.00124922,hom,1
HG02660,WDPCP,chr2,63549247,3.002,0.00405996,het,1
HG02660,WDPCP,chr2,63550877,7.638,0.00124922,hom,1
HG02660,WDPCP,chr2,63558527,0.968,0.00343535,het,1
HG02660,WDPCP,chr2,63560905,6.58,0.00124922,hom,1
HG02660,WDPCP,chr2,63575652,2.687,0.00124922,hom,1
HG02660,WDPCP,chr2,63576056,8.108,0.00124922,hom,1
HG02660,WDPCP,chr2,63578305,6.2,0.00124922,hom,1
HG02660,UGP2,chr2,63873803,3.022,0.00124922,hom,1
HG02660,UGP2,chr2,63880159,1.139,0.00890069,het,2
HG02660,VPS54,chr2,63943047,0.084,0.00124922,hom,1
HG02660,VPS54,chr2,63989718,3.941,0.000468457,hom,1
HG02660,PELI1,chr2,64109180,0.343,0.000468457,hom,1
HG02660,LINC00309,chr2,64186361,3.404,0.00265459,hom,1
HG02660,LINC00309,chr2,64192105,10.31,0.0029669,hom,1
HG02660,CEP68,chr2,65062532,1.932,0.00765147,het,1
HG02660,CEP68,chr2,65066423,4.765,0.00187383,hom,2
HG02660,SPRED2,chr2,65322298,0.066,0.0032792,hom,1
HG02660,SPRED2,chr2,65421050,13.48,0.00171768,hom,1
HG02660,LINC02934,chr2,65831508,0.656,0.00733916,hom,1
HG02660,LINC02934,chr2,65879388,0.03,0.00187383,hom,1
HG02660,LINC02934,chr2,65985595,5.171,0.00156152,hom,1
HG02660,LINC02934,chr2,66025835,10.94,0.00156152,hom,1
HG02660,LINC02934,chr2,66033745,4.42,0.000936914,hom,1
HG02660,LINC02934,chr2,66040142,9.242,0.00156152,hom,1
HG02660,LINC02934,chr2,66047545,1.121,0.00156152,hom,1
HG02660,LINC02934,chr2,66053246,0.694,0.00140537,hom,1
HG02660,LINC01798,chr2,66633583,1.686,0.00780762,hom,1
HG02660,LINC01798,chr2,66675696,3.587,0.000468457,hom,1
HG02660,LINC01797,chr2,66699859,17.56,0.00171768,hom,2
HG02660,LINC01829,chr2,67128203,1.671,0.00390381,hom,1
HG02660,LINC01812,chr2,67819810,2.631,0.0032792,hom,1
HG02660,DNAAF10,chr2,68157076,9.588,0.00171768,hom,1
HG02660,PPP3R1,chr2,68223806,0.634,0.00843223,het,1
HG02660,CNRIP1,chr2,68298143,2.981,0.000468457,hom,1
HG02660,CNRIP1,chr2,68309580,0.901,0.000468457,hom,1
HG02660,ARHGAP25,chr2,68750487,0.466,0.000468457,hom,1
HG02660,ARHGAP25,chr2,68786285,0.196,0.00452842,hom,1
HG02660,ARHGAP25,chr2,68790154,5.554,0.00499688,hom,1
HG02660,ARHGAP25,chr2,68790474,8.445,0.00499688,hom,1
HG02660,ARHGAP25,chr2,68794722,4.167,0.00499688,hom,1
HG02660,GFPT1,chr2,69325516,6.459,0.0032792,hom,1
HG02660,GFPT1,chr2,69349157,1.762,0.00234229,hom,1
HG02660,GFPT1,chr2,69352545,0.063,0.00733916,het,1
HG02660,NFU1,chr2,69402899,0.896,0.00499688,hom,1
HG02660,NFU1,chr2,69426251,2.919,0.000780762,hom,1
HG02660,SNORA36C,chr2,69520129,11.07,0.00530918,hom,1
HG02660,GMCL1,chr2,69849346,1.761,0.00421611,hom,1
HG02660,MXD1,chr2,69921473,11.89,0.000468457,hom,1
HG02660,PCBP1-AS1,chr2,69995246,0.017,0.00234229,hom,1
HG02660,PCBP1-AS1,chr2,70005609,2.401,0.00187383,hom,1
HG02660,PCBP1-AS1,chr2,70024821,5.376,0.00109307,hom,1
HG02660,PCBP1-AS1,chr2,70052561,6.692,0.00187383,hom,1
HG02660,PCBP1-AS1,chr2,70062218,0.463,0.00405996,hom,2
HG02660,FAM136A,chr2,70296763,6.422,0.00515303,hom,2
HG02660,ADD2,chr2,70742969,6.399,0.00124922,hom,1
HG02660,ADD2,chr2,70746663,0.647,0.00124922,hom,1
HG02660,FIGLA,chr2,70777825,6.738,0.000468457,hom,1
HG02660,FAM161A,chr2,61829016,19.85,0.000780762,hom,5
HG02683,NOL10,chr2,10592537,6.088,0.00359151,het,1
HG02683,NOL10,chr2,10601164,0.822,0.00312305,het,1
HG02683,NOL10,chr2,10602429,3.261,0.00390381,het,1
HG02683,NOL10,chr2,10609062,7.283,0.00390381,het,2
HG02683,NOL10,chr2,10635481,4.753,0.00312305,het,1
HG02683,ATP6V1C2,chr2,10774072,7.618,0.00124922,hom,1
HG02683,PDIA6,chr2,10787357,28.9,0.000780762,hom,2
HG02683,PDIA6,chr2,10798582,3.247,0.000780762,hom,1
HG02683,PDIA6,chr2,10813931,2.147,0.00062461,hom,2
HG02683,PDIA6,chr2,10817284,2.413,0.000780762,hom,2
HG02683,CIMIP5,chr2,11136408,6.05,0.0098376,hom,1
HG02683,ROCK2,chr2,11275440,1.809,0.00062461,hom,2
HG02683,ROCK2,chr2,11282053,2.1,0.000780762,hom,1
HG02683,MIR3681HG,chr2,12029371,0.371,0.00265459,hom,2
HG02683,MIR3681HG,chr2,12034737,0.393,0.00234229,hom,2
HG02683,MIR3681HG,chr2,12094199,0.181,0.00156152,hom,1
HG02683,MIR3681HG,chr2,12113069,1.237,0.00499688,hom,1
HG02683,MIR3681HG,chr2,12180839,4.91,0.00156152,hom,1
HG02683,LOC105373438,chr2,13557930,3.046,0.00405996,hom,1
HG02683,LOC105373438,chr2,13558097,0.272,0.00608994,hom,1
HG02683,LOC105373438,chr2,13559980,1.877,0.00468457,hom,1
HG02683,LOC105373438,chr2,13560241,2.427,0.00265459,hom,1
HG02683,LOC105373438,chr2,13561549,0.343,0.00390381,hom,1
HG02683,LOC105373438,chr2,13563001,3.118,0.00390381,hom,1
HG02683,LOC105373438,chr2,13564101,0.643,0.00390381,hom,1
HG02683,LOC105373438,chr2,13565993,0.525,0.00468457,hom,1
HG02683,LOC105373438,chr2,13566275,0.306,0.00390381,hom,1
HG02683,LOC105373438,chr2,13567966,1.373,0.00359151,hom,1
HG02683,LOC105373438,chr2,13568585,1.802,0.00390381,hom,1
HG02683,LOC105373438,chr2,13569436,0.956,0.00390381,hom,1
HG02683,LOC105373438,chr2,13571311,1.145,0.00390381,hom,1
HG02683,LOC105373438,chr2,13573822,0.565,0.0062461,hom,1
HG02683,LOC105373438,chr2,13573961,0.265,0.00515303,hom,1
HG02683,LOC105373438,chr2,13574417,1.565,0.00390381,hom,1
HG02683,LOC105373438,chr2,13574693,0.965,0.00390381,hom,1
HG02683,LOC105373438,chr2,13574969,1.802,0.00390381,hom,1
HG02683,LOC105373438,chr2,13575366,0.191,0.00468457,hom,1
HG02683,LOC105373438,chr2,13577844,0.419,0.00218613,hom,1
HG02683,LOC105373438,chr2,13583409,3.603,0.00530918,hom,1
HG02683,LOC105373438,chr2,13583596,0.959,0.00171768,hom,1
HG02683,LOC105373438,chr2,13583943,5.411,0.00468457,hom,1
HG02683,LOC105373438,chr2,13585758,0.366,0.00468457,hom,1
HG02683,LOC105373438,chr2,13586522,2.017,0.00484072,hom,1
HG02683,LOC105373438,chr2,13586739,7.079,0.00468457,hom,1
HG02683,LOC105373438,chr2,13587701,1.728,0.00468457,hom,1
HG02683,LOC105373438,chr2,13588989,1.958,0.00468457,hom,1
HG02683,LOC105373438,chr2,13589105,3.153,0.00452842,hom,1
HG02683,LOC105373438,chr2,13589888,1.107,0.00249844,hom,1
HG02683,LOC105373438,chr2,13590903,3.025,0.00249844,hom,1
HG02683,LOC105373438,chr2,13591052,0.983,0.00468457,hom,1
HG02683,LOC105373438,chr2,13591318,7.672,0.00249844,hom,1
HG02683,LOC105373438,chr2,13593316,2.822,0.00468457,hom,1
HG02683,LOC105373438,chr2,13597494,0.529,0.00249844,hom,1
HG02683,LOC105373438,chr2,13607763,5.18,0.00187383,hom,1
HG02683,LOC105373438,chr2,13610711,3.98,0.00187383,hom,2
HG02683,LOC105373438,chr2,13630880,2.937,0.00124922,hom,2
HG02683,LOC105373438,chr2,13631431,1.117,0.00062461,hom,2
HG02683,LOC105373438,chr2,13638093,1.544,0.00187383,hom,2
HG02683,LOC105373438,chr2,13638831,4.208,0.00187383,hom,2
HG02683,LOC105373438,chr2,13638997,0.274,0.00187383,hom,2
HG02683,LOC105373438,chr2,13640412,0.351,0.00187383,hom,2
HG02683,LOC105373438,chr2,13645215,0.604,0.00187383,hom,2
HG02683,LOC105373438,chr2,13655735,3.869,0.00218613,hom,2
HG02683,LOC105373438,chr2,13656437,0.133,0.00218613,hom,2
HG02683,LOC105373438,chr2,13657652,2.89,0.00218613,hom,2
HG02683,LOC105373438,chr2,13659010,1.614,0.00218613,hom,2
HG02683,LOC105373438,chr2,13690901,7.881,0.00187383,hom,2
HG02683,LOC105373438,chr2,13691503,3.951,0.00187383,hom,2
HG02683,LOC105373438,chr2,13701495,4.066,0.00187383,hom,2
HG02683,LINC00276,chr2,14245132,0.299,0.00359151,hom,1
HG02683,LINC00276,chr2,14385352,0.691,0.00124922,hom,1
HG02683,LRATD1,chr2,14635105,8.483,0.00234229,hom,2
HG02683,LRATD1,chr2,14637724,0.142,0.00765147,hom,1
HG02683,LRATD1,chr2,14648685,6.424,0.00234229,hom,1
HG02683,NBAS,chr2,15507275,0.603,0.00062461,hom,1
HG02683,NBAS,chr2,15508871,0.008,0.00187383,hom,1
HG02683,DDX1,chr2,15612019,3.078,0.00109307,hom,1
HG02683,MYCN,chr2,15941283,12.51,0.0029669,hom,2
HG02683,CYRIA,chr2,16549806,5.978,0.00452842,hom,1
HG02683,CYRIA,chr2,16599507,6.981,0.00124922,hom,1
HG02683,CYRIA,chr2,16636592,4.47,0.00062461,hom,1
HG02683,VSNL1,chr2,17584187,0.636,0.00234229,hom,1
HG02683,SMC6,chr2,17681265,1.377,0.00343535,hom,1
HG02683,NT5C1B,chr2,18565659,1.264,0.00796377,hom,1
HG02683,LINC01376,chr2,19003048,0.046,0.00405996,hom,1
HG02683,LINC01376,chr2,19013563,1.041,0.00171768,hom,1
HG02683,WDR35,chr2,19989040,3.216,0.00109307,hom,2
HG02683,LAPTM4A-DT,chr2,20079054,0.12,0.00109307,hom,1
HG02683,PUM2,chr2,20289626,0.861,0.00249844,hom,1
HG02683,HS1BP3,chr2,20624678,1.188,0.00718301,hom,1
HG02683,HS1BP3,chr2,20645361,2.353,0.00546533,hom,1
HG02683,LDAH,chr2,20752431,0.18,0.000780762,hom,1
HG02683,LDAH,chr2,20778403,0.586,0.00234229,hom,1
HG02683,LDAH,chr2,20799086,3.344,0.0032792,hom,1
HG02683,LDAH,chr2,20812600,9.889,0.00062461,hom,1
HG02683,APOB,chr2,21019924,0.784,0.00218613,hom,1
HG02683,APOB,chr2,21032507,8.395,0.00062461,hom,1
HG02683,APOB,chr2,21039473,2.421,0.00062461,hom,1
HG02683,LINC01884,chr2,22537387,0.393,0.0098376,hom,2
HG02683,LOC107985792,chr2,23164343,0.976,0.00905684,hom,1
HG02683,LOC107985792,chr2,23188295,0.766,0.00718301,hom,1
HG02683,LINC02923,chr2,23358361,4.661,0.000780762,hom,1
HG02683,KLHL29,chr2,23386592,18.81,0.000780762,hom,1
HG02683,KLHL29,chr2,23507607,2.557,0.00374766,hom,1
HG02683,UBXN2A,chr2,23975577,4.689,0.000780762,hom,1
HG02683,NCOA1,chr2,24510910,2.681,0.000780762,hom,1
HG02683,NCOA1,chr2,24535763,2.765,0.0098376,hom,1
HG02683,NCOA1,chr2,24584642,3.053,0.00593379,hom,1
HG02683,NCOA1,chr2,24602808,0.507,0.00343535,hom,1
HG02683,ADCY3,chr2,24876196,2.707,0.00124922,hom,1
HG02683,DNAJC27,chr2,24952038,0.907,0.00718301,hom,1
HG02683,DNAJC27-AS1,chr2,24980827,3.433,0.00702686,hom,1
HG02683,DNAJC27-AS1,chr2,25037828,0.071,0.00827608,hom,2
HG02683,EFR3B,chr2,25120888,0.824,0.000780762,hom,1
HG02683,EFR3B,chr2,25134236,0.819,0.00062461,hom,1
HG02683,DNMT3A,chr2,25241889,0.121,0.00687071,hom,1
HG02683,DNMT3A,chr2,25269984,0.562,0.000780762,hom,1
HG02683,DNMT3A,chr2,25301539,9.97,0.00515303,hom,1
HG02683,DTNB,chr2,25408263,3.424,0.00765147,hom,1
HG02683,ASXL2,chr2,25791925,10.83,0.000780762,hom,1
HG02683,KIF3C,chr2,25982155,6.645,0.00390381,hom,1
HG02683,RAB10,chr2,26062846,3.347,0.00405996,hom,1
HG02683,RAB10,chr2,26120930,0.773,0.00687071,hom,1
HG02683,ADGRF3,chr2,26343824,1.669,0.00062461,hom,1
HG02683,SELENOI,chr2,26391280,7.017,0.000780762,hom,1
HG02683,DRC1,chr2,26429762,0.286,0.000780762,hom,1
HG02683,OTOF,chr2,26519300,3.272,0.00062461,hom,2
HG02683,OTOF,chr2,26529494,0.733,0.00905684,hom,1
HG02683,OTOF,chr2,26541574,1.518,0.00780762,hom,2
HG02683,CIB4,chr2,26589636,3.144,0.00468457,hom,1
HG02683,KCNK3,chr2,26700790,0.218,0.00499688,hom,1
HG02683,CGREF1,chr2,27116944,0.04,0.00811992,hom,1
HG02683,PRR30,chr2,27138115,1.427,0.00062461,hom,1
HG02683,SPATA31H1,chr2,27581680,0.143,0.00359151,hom,1
HG02683,ZNF512,chr2,27606942,0.61,0.00124922,hom,2
HG02683,GPN1,chr2,27649210,3.485,0.0032792,hom,2
HG02683,SLC4A1AP,chr2,27684904,4.295,0.0032792,hom,2
HG02683,SLC4A1AP,chr2,27690016,12.32,0.000312305,het,1
HG02683,LOC105374378,chr2,27721559,2.825,0.00499688,hom,2
HG02683,RBKS,chr2,27817879,1.994,0.00124922,hom,1
HG02683,PLB1,chr2,28522819,2.638,0.00968145,hom,1
HG02683,PLB1,chr2,28554354,1.539,0.0095253,hom,1
HG02683,PLB1,chr2,28627078,6.846,0.00062461,hom,1
HG02683,PPP1CB,chr2,28796074,4.216,0.00905684,hom,1
HG02683,ALK,chr2,29202879,1.029,0.00281074,hom,1
HG02683,ALK,chr2,29276664,0.007,0.00062461,hom,1
HG02683,ALK,chr2,29291468,5.594,0.00062461,hom,1
HG02683,ALK,chr2,29452229,5.808,0.00062461,hom,1
HG02683,LINC01936,chr2,30348021,2.096,0.0032792,hom,1
HG02683,LINC01936,chr2,30348655,1.545,0.00062461,hom,2
HG02683,LCLAT1,chr2,30450032,7.106,0.00062461,hom,1
HG02683,LCLAT1,chr2,30474922,2.038,0.0029669,hom,1
HG02683,LCLAT1,chr2,30568742,2.007,0.00062461,hom,1
HG02683,LCLAT1,chr2,30614133,3.008,0.00249844,hom,1
HG02683,GALNT14,chr2,30945226,0.704,0.00265459,hom,1
HG02683,GALNT14,chr2,30964552,5.957,0.00187383,hom,1
HG02683,GALNT14,chr2,31036175,0.439,0.00156152,hom,1
HG02683,CAPN14,chr2,31203982,6.775,0.00062461,hom,1
HG02683,CAPN14,chr2,31231798,4.831,0.00608994,hom,2
HG02683,XDH,chr2,31337922,2.826,0.00452842,hom,2
HG02683,XDH,chr2,31339525,0.027,0.00062461,hom,1
HG02683,MEMO1,chr2,31871599,2.045,0.000780762,hom,1
HG02683,MEMO1,chr2,31928561,0.833,0.00890069,hom,1
HG02683,MEMO1,chr2,31963172,13.37,0.00811992,hom,1
HG02683,SPAST,chr2,32139977,12.88,0.00234229,hom,1
HG02683,SPAST,chr2,32140552,3.28,0.00858838,hom,1
HG02683,SPAST,chr2,32156929,0.722,0.00702686,hom,2
HG02683,SLC30A6,chr2,32181115,4.751,0.000780762,hom,1
HG02683,SLC30A6,chr2,32202486,0.569,0.000780762,hom,2
HG02683,NLRC4,chr2,32245954,1.468,0.00608994,hom,1
HG02683,YIPF4,chr2,32283428,0.988,0.00062461,hom,2
HG02683,YIPF4,chr2,32300657,2.97,0.00671455,hom,1
HG02683,BIRC6,chr2,32426783,1.127,0.00640225,hom,2
HG02683,BIRC6,chr2,32447154,4.392,0.00530918,hom,1
HG02683,BIRC6,chr2,32447157,2.946,0.00530918,hom,1
HG02683,BIRC6,chr2,32447166,2.412,0.00780762,hom,1
HG02683,BIRC6,chr2,32447168,5.343,0.00780762,hom,1
HG02683,BIRC6,chr2,32474681,5.442,0.000780762,hom,1
HG02683,BIRC6,chr2,32497280,0.743,0.00062461,hom,2
HG02683,ZNF513,chr2,27378912,8.96,0.000468457,hom,5
HG02686,PNO1,chr2,68165178,1.227,0.00124922,hom,1
HG02686,PPP3R1,chr2,68228738,3.634,0.00062461,hom,1
HG02686,CNRIP1,chr2,68319043,4.225,0.00140537,hom,2
HG02686,LOC101927723,chr2,68362913,3.385,0.00171768,hom,1
HG02686,PLEK,chr2,68376435,9.346,0.00062461,hom,1
HG02686,ARHGAP25,chr2,68757222,4.868,0.00062461,hom,1
HG02686,ARHGAP25,chr2,68757281,3.274,0.000936914,hom,1
HG02686,BMP10,chr2,68861307,0.465,0.000780762,hom,1
HG02686,BMP10,chr2,68867925,0.349,0.00218613,hom,1
HG02686,ANTXR1,chr2,69054161,1.64,0.00608994,hom,1
HG02686,ANTXR1,chr2,69067419,15.34,0.0062461,hom,1
HG02686,ANTXR1,chr2,69091473,1.765,0.00874454,hom,1
HG02686,NFU1,chr2,69438467,1.917,0.00405996,hom,2
HG02686,AAK1,chr2,69484651,2.73,0.00858838,hom,1
HG02686,ANXA4,chr2,69719287,0.315,0.00968145,hom,2
HG02686,ANXA4,chr2,69770828,0.298,0.00577764,hom,1
HG02686,SNRNP27,chr2,69894066,1.995,0.000780762,hom,2
HG02686,ASPRV1,chr2,69934221,1.211,0.000780762,hom,1
HG02686,PCBP1-AS1,chr2,69986605,0.765,0.00405996,hom,1
HG02686,PCBP1-AS1,chr2,70009296,3.578,0.00405996,hom,1
HG02686,TIA1,chr2,70210057,10.06,0.000780762,hom,1
HG02686,TIA1,chr2,70232931,3.488,0.00374766,hom,1
HG02686,PCYOX1,chr2,70273015,3.953,0.00374766,hom,1
HG02686,PCYOX1,chr2,70279769,0.7,0.00374766,hom,2
HG02686,ADD2,chr2,70747586,1.157,0.00109307,hom,1
HG02686,CLEC4F,chr2,70811583,7.887,0.00171768,hom,1
HG02686,VAX2,chr2,70903801,6.248,0.00109307,hom,2
HG02686,TEX261,chr2,70988066,5.683,0.000312305,het,2
HG02686,TEX261,chr2,70988518,5.515,0.00109307,hom,2
HG02686,DYSF,chr2,71488247,0.396,0.00156152,hom,1
HG02686,DYSF,chr2,71569720,6.498,0.000936914,hom,1
HG02686,DYSF,chr2,71684284,5.144,0.00124922,hom,1
HG02686,EXOC6B,chr2,72275935,20.1,0.00249844,hom,2
HG02686,EXOC6B,chr2,72312400,8.377,0.00249844,hom,1
HG02686,EXOC6B,chr2,72409972,1.039,0.00218613,hom,1
HG02686,EXOC6B,chr2,72439610,3.307,0.00062461,hom,1
HG02686,EXOC6B,chr2,72474235,0.373,0.000780762,hom,1
HG02686,EXOC6B,chr2,72490270,0.052,0.00062461,hom,1
HG02686,EXOC6B,chr2,72566069,3.358,0.00218613,hom,1
HG02686,EXOC6B,chr2,72584590,2.666,0.000312305,het,1
HG02686,EXOC6B,chr2,72620824,1.199,0.00234229,hom,1
HG02686,EXOC6B,chr2,72652379,22.2,0.00218613,hom,1
HG02686,EXOC6B,chr2,72667327,5.933,0.000780762,hom,1
HG02686,EXOC6B,chr2,72672242,4.937,0.00218613,hom,1
HG02686,EXOC6B,chr2,72675373,0.052,0.00062461,hom,1
HG02686,EXOC6B,chr2,72679704,0.64,0.000780762,hom,1
HG02686,EXOC6B,chr2,72702748,5.166,0.00577764,het,1
HG02686,EXOC6B,chr2,72749380,5.014,0.00234229,hom,2
HG02686,EXOC6B,chr2,72797551,1.344,0.00234229,hom,1
HG02686,EMX1,chr2,72930490,0.711,0.00187383,hom,1
HG02686,SFXN5,chr2,72949722,5.256,0.000312305,het,1
HG02686,SFXN5,chr2,72949966,10.8,0.0032792,hom,1
HG02686,SFXN5,chr2,72967535,0.557,0.00374766,hom,1
HG02686,SFXN5,chr2,72984778,10.84,0.00468457,hom,1
HG02686,SFXN5,chr2,72992917,1.176,0.00515303,hom,1
HG02686,RAB11FIP5,chr2,73098123,0.713,0.00124922,hom,1
HG02686,RAB11FIP5,chr2,73111666,9.652,0.00421611,hom,2
HG02686,FBXO41,chr2,73271317,5.448,0.00062461,hom,1
HG02686,TPRKB,chr2,73734256,0.479,0.00062461,hom,1
HG02686,STAMBP,chr2,73834282,2.373,0.00062461,hom,1
HG02686,TET3,chr2,73993082,1.157,0.000780762,hom,1
HG02686,BOLA3-DT,chr2,74151605,11.23,0.000780762,hom,2
HG02686,SLC4A5,chr2,74231185,0.12,0.00171768,hom,1
HG02686,SLC4A5,chr2,74284855,0.244,0.00062461,hom,1
HG02686,DCTN1,chr2,74385364,0.204,0.00062461,hom,1
HG02686,WDR54,chr2,74425517,2.118,0.00218613,hom,2
HG02686,RTKN,chr2,74429348,7.085,0.00156152,hom,1
HG02686,LBX2-AS1,chr2,74504472,5.779,0.00156152,hom,2
HG02686,HK2,chr2,74867619,2.5,0.00249844,hom,1
HG02686,HK2,chr2,74869962,0.88,0.000780762,hom,1
HG02686,LOC105374809,chr2,74926918,0.235,0.000780762,hom,1
HG02686,TACR1-AS1,chr2,75172788,3.824,0.00156152,hom,1
HG02686,TACR1-AS1,chr2,75191909,2.046,0.00452842,hom,2
HG02686,TACR1-AS1,chr2,75192447,1.663,0.00577764,hom,1
HG02686,TACR1-AS1,chr2,75219592,7.634,0.00562149,hom,2
HG02686,TACR1-AS1,chr2,75232542,3.804,0.00546533,hom,2
HG02686,UPP2,chr2,158038069,8.087,0.00437227,hom,1
HG02686,UPP2,chr2,158058076,0.526,0.00156152,hom,1
HG02686,UPP2,chr2,158113074,7.701,0.00437227,hom,2
HG02686,UPP2,chr2,158120615,1.111,0.00437227,hom,1
HG02686,CCDC148,chr2,158277721,0.684,0.00234229,hom,1
HG02686,CCDC148,chr2,158298820,1.336,0.00749532,hom,1
HG02686,PKP4,chr2,158486868,0.02,0.00608994,hom,2
HG02686,PKP4,chr2,158534106,0.154,0.00733916,hom,1
HG02686,TANC1,chr2,159071746,8.257,0.0098376,hom,2
HG02686,TANC1,chr2,159087114,6.001,0.0098376,hom,1
HG02686,TANC1,chr2,159094782,0.489,0.00062461,hom,1
HG02686,TANC1,chr2,159167770,3.658,0.00374766,hom,1
HG02686,TANC1,chr2,159183806,0.133,0.00811992,hom,1
HG02686,WDSUB1,chr2,159260940,6.964,0.00062461,hom,1
HG02686,WDSUB1,chr2,159273530,3.97,0.00843223,hom,1
HG02686,BAZ2B,chr2,159362479,0.602,0.00437227,hom,1
HG02686,BAZ2B,chr2,159394996,3.81,0.00437227,hom,1
HG02686,BAZ2B,chr2,159430376,3.841,0.00437227,hom,1
HG02686,LY75,chr2,159892176,0.502,0.00640225,hom,2
HG02686,PLA2R1,chr2,159952251,5.064,0.000780762,hom,1
HG02686,PLA2R1,chr2,159953920,2.379,0.0095253,hom,1
HG02686,TANK,chr2,161174515,0.053,0.0098376,hom,1
HG02686,PSMD14-DT,chr2,161232342,8.794,0.0098376,hom,1
HG02686,LINC01806,chr2,161247309,7.28,0.000780762,hom,1
HG02686,PSMD14,chr2,161376788,1.868,0.00062461,hom,1
HG02686,SLC4A10,chr2,161658122,8.234,0.000780762,hom,1
HG02686,SLC4A10,chr2,161667382,0.74,0.00780762,hom,1
HG02686,SLC4A10,chr2,161673792,1.522,0.00171768,hom,1
HG02686,SLC4A10,chr2,161692896,1.614,0.00765147,hom,1
HG02686,SLC4A10,chr2,161702964,1.195,0.00218613,hom,1
HG02686,SLC4A10,chr2,161712159,10.07,0.00171768,hom,1
HG02686,SLC4A10,chr2,161716999,4.444,0.00218613,hom,1
HG02686,SLC4A10,chr2,161726315,1.142,0.00702686,hom,1
HG02686,SLC4A10,chr2,161807387,0.382,0.00171768,hom,1
HG02686,SLC4A10,chr2,161832156,0.68,0.00171768,hom,1
HG02686,DPP4,chr2,162003398,3.213,0.00171768,hom,1
HG02686,LOC101929532,chr2,162134098,4.393,0.00249844,hom,2
HG02686,FAP,chr2,162208122,1.425,0.00562149,hom,1
HG02686,FAP,chr2,162233590,2.241,0.000780762,hom,2
HG02686,KCNH7,chr2,162515978,0.744,0.000936914,hom,1
HG02686,KCNH7,chr2,162539245,16.95,0.00312305,hom,1
HG02686,KCNH7,chr2,162576688,2.729,0.00234229,hom,1
HG02686,KCNH7-AS1,chr2,162774754,4.007,0.000780762,hom,1
HG02686,KCNH7-AS1,chr2,162793136,2.594,0.000780762,hom,1
HG02686,FIGN,chr2,163614143,10.53,0.000780762,hom,2
HG02686,FIGN,chr2,163682773,2.365,0.00171768,hom,1
HG02686,FIGN,chr2,163683674,15.71,0.000780762,hom,1
HG02686,FIGN,chr2,163690572,0.502,0.000780762,hom,1
HG02686,GRB14,chr2,164517017,6.283,0.00249844,hom,1
HG02686,GRB14,chr2,164590146,1.608,0.00374766,hom,1
HG02686,SCN3A,chr2,165102357,0.057,0.00733916,hom,1
HG02686,SCN3A,chr2,165155510,1.53,0.00218613,hom,1
HG02686,SCN2A,chr2,165255984,0.049,0.00811992,hom,1
HG02686,SCN2A,chr2,165348442,6.733,0.00921299,hom,1
HG02686,SCN2A,chr2,165355830,1.052,0.00890069,hom,1
HG02686,SCN2A,chr2,165370944,1.657,0.00124922,hom,1
HG02686,SCN2A,chr2,165374050,5.188,0.00062461,hom,2
HG02686,CSRNP3,chr2,165490031,2.257,0.00140537,hom,1
HG02686,CSRNP3,chr2,165521752,2.703,0.00062461,hom,2
HG02686,CSRNP3,chr2,165522056,1.509,0.00874454,hom,1
HG02686,CSRNP3,chr2,165526321,0.483,0.00124922,hom,1
HG02686,CSRNP3,chr2,165536197,0.414,0.00874454,hom,1
HG02686,CSRNP3,chr2,165544126,5.383,0.000780762,hom,1
HG02686,CSRNP3,chr2,165552982,0.772,0.00468457,hom,1
HG02686,CSRNP3,chr2,165558414,2.176,0.00468457,hom,1
HG02686,GALNT3,chr2,165780725,2.924,0.00140537,hom,1
HG02686,TTC21B,chr2,165877023,0.032,0.00124922,hom,2
HG02686,TTC21B,chr2,165921658,4.975,0.00156152,hom,1
HG02686,TTC21B-AS1,chr2,165941046,13.86,0.00156152,hom,1
HG02686,LOC102724058,chr2,165965964,3.274,0.00218613,hom,1
HG02686,SCN1A-AS1,chr2,166104426,0.212,0.00218613,hom,1
HG02686,SCN1A-AS1,chr2,166114295,5.026,0.00156152,hom,1
HG02686,SCN1A-AS1,chr2,166140740,13.69,0.00187383,hom,1
HG02686,SCN1A-AS1,chr2,166142340,5.16,0.00187383,hom,1
HG02686,SCN1A-AS1,chr2,166155695,2.318,0.000936914,hom,1
HG02686,SCN9A,chr2,166222368,6.878,0.00124922,hom,1
HG02686,SCN9A,chr2,166245433,0.166,0.00968145,hom,1
HG02686,SCN9A,chr2,166263132,0.684,0.0095253,hom,1
HG02686,SCN9A,chr2,166352134,8.591,0.00140537,hom,1
HG02686,SCN7A,chr2,166433555,0.634,0.00905684,hom,1
HG02686,SCN7A,chr2,166456565,7.691,0.00140537,hom,1
HG02686,XIRP2,chr2,167010286,2.514,0.00733916,hom,1
HG02686,XIRP2,chr2,167063939,2.188,0.00062461,hom,1
HG02686,XIRP2,chr2,167100057,6.215,0.00608994,hom,1
HG02686,B3GALT1,chr2,167323252,0.113,0.0098376,hom,1
HG02686,B3GALT1,chr2,167456771,0.982,0.0065584,hom,1
HG02686,B3GALT1,chr2,167510777,15.35,0.00140537,hom,1
HG02686,B3GALT1,chr2,167560121,3.782,0.00062461,hom,2
HG02686,B3GALT1,chr2,167565361,2.225,0.00140537,hom,1
HG02686,B3GALT1,chr2,167626762,0.218,0.00171768,hom,2
HG02686,B3GALT1,chr2,167672090,1.251,0.00811992,hom,1
HG02686,B3GALT1,chr2,167785995,13.28,0.00343535,hom,2
HG02686,B3GALT1,chr2,167808048,5.988,0.00062461,hom,1
HG02686,B3GALT1-AS1,chr2,167839692,3.011,0.00936914,hom,1
HG02686,STK39,chr2,167956386,6.73,0.0065584,hom,1
HG02686,STK39,chr2,167975544,0.879,0.00874454,hom,1
HG02686,STK39,chr2,168048019,9.442,0.00062461,hom,1
HG02686,STK39,chr2,168113584,1.518,0.00999375,hom,1
HG02686,NOSTRIN,chr2,168788086,0.235,0.00062461,hom,1
HG02686,NOSTRIN,chr2,168845320,1.292,0.00530918,hom,1
HG02686,LRP2,chr2,169155944,1.646,0.00062461,hom,1
HG02686,LRP2,chr2,169237007,0.63,0.00702686,hom,1
HG02686,NABP1,chr2,191684378,2.588,0.00062461,hom,2
HG02686,TMEFF2,chr2,192079875,8.313,0.00062461,hom,1
HG02686,TMEFF2,chr2,192084526,4.852,0.00202998,hom,1
HG02686,TMEFF2,chr2,192096865,3.02,0.000780762,hom,1
HG02686,TMEFF2,chr2,192132205,1.946,0.00234229,hom,1
HG02686,TMEFF2,chr2,192178784,1.883,0.00577764,hom,1
HG02686,LINC01821,chr2,194358255,2.729,0.00312305,hom,1
HG02686,LINC01790,chr2,194760692,7.518,0.00062461,hom,2
HG02686,DNAH7,chr2,195823553,6.934,0.00874454,hom,1
HG02686,DNAH7,chr2,195888760,4.83,0.00140537,hom,1
HG02686,DNAH7,chr2,195918575,1.222,0.00921299,hom,1
HG02686,DNAH7,chr2,195934204,5.524,0.00062461,hom,1
HG02686,DNAH7,chr2,195935829,1.174,0.00140537,hom,1
HG02686,DNAH7,chr2,195962089,3.645,0.00140537,hom,1
HG02686,DNAH7,chr2,195978230,6.375,0.00062461,hom,1
HG02686,DNAH7,chr2,196036257,0.761,0.00062461,hom,1
HG02686,STK17B,chr2,196134029,16.05,0.00968145,hom,1
HG02686,STK17B,chr2,196143322,9.343,0.000780762,hom,1
HG02686,STK17B,chr2,196153156,7.739,0.00968145,hom,1
HG02686,STK17B,chr2,196165530,0.551,0.00718301,hom,2
HG02686,CCDC150,chr2,196644007,3.387,0.00671455,hom,2
HG02686,CCDC150,chr2,196695922,2.899,0.00062461,hom,1
HG02686,PGAP1,chr2,196906948,2.449,0.00249844,hom,1
HG02686,ANKRD44,chr2,197119326,0.278,0.00062461,hom,1
HG02686,ANKRD44-IT1,chr2,197275081,0.962,0.00249844,hom,1
HG02686,ANKRD44-IT1,chr2,197292249,1.269,0.00062461,hom,1
HG02686,ANKRD44-IT1,chr2,197301039,1.182,0.000780762,hom,2
HG02686,COQ10B,chr2,197456194,0.488,0.000936914,hom,1
HG02686,HSPE1-MOB4,chr2,197514948,6.491,0.00062461,hom,2
HG02686,MOB4,chr2,197517623,4.098,0.00218613,hom,1
HG02686,MOB4,chr2,197542030,8.577,0.00062461,hom,1
HG02686,RFTN2,chr2,197669214,5.671,0.00124922,hom,1
HG02686,PLCL1,chr2,197902200,3.677,0.00124922,hom,1
HG02686,PLCL1,chr2,198038475,0.031,0.00062461,hom,1
HG02686,PLCL1,chr2,198116395,0.085,0.000780762,hom,1
HG02686,SATB2,chr2,199289955,4.09,0.00109307,hom,1
HG02686,SATB2,chr2,199297626,6.488,0.00515303,hom,1
HG02686,SATB2,chr2,199348423,7.807,0.00499688,hom,1
HG02686,SATB2,chr2,199460221,12.95,0.00109307,hom,2
HG02686,SATB2,chr2,199464794,7.191,0.00546533,hom,1
HG02686,FTCDNL1,chr2,199828599,2.241,0.00124922,hom,1
HG02686,C2orf69,chr2,199918448,1.052,0.00062461,hom,1
HG02686,TYW5,chr2,199942952,2.165,0.00062461,hom,1
HG02686,SPATS2L,chr2,200351871,4.744,0.00062461,hom,2
HG02686,SPATS2L,chr2,200378617,12.09,0.000936914,hom,2
HG02686,SPATS2L,chr2,200415178,12.59,0.00390381,hom,1
HG02686,SPATS2L,chr2,200416688,7.401,0.000936914,hom,1
HG02686,AOX3P-AOX2P,chr2,200699317,2.444,0.00187383,hom,1
HG02686,LINC01792,chr2,200717723,0.094,0.00156152,hom,1
HG02686,BZW1,chr2,200815940,5.218,0.00156152,hom,2
HG02686,NIF3L1,chr2,200896012,0.543,0.000780762,hom,2
HG02686,HYCC2,chr2,201047961,5.986,0.00062461,hom,1
HG02686,CATSPERT,chr2,201536109,0.383,0.00202998,hom,1
HG02686,CATSPERT,chr2,201558157,2.096,0.00202998,hom,2
HG02686,MPP4,chr2,201669061,1.836,0.00796377,hom,2
HG02686,MPP4,chr2,201679573,0.075,0.00062461,hom,1
HG02686,ALS2,chr2,201736467,11.08,0.00359151,hom,1
HG02686,CDK15,chr2,201836670,1.133,0.00062461,hom,1
HG02686,CDK15,chr2,201838965,1.758,0.00390381,hom,1
HG02686,SUMO1,chr2,202225534,0.701,0.00171768,hom,1
HG02686,BMPR2,chr2,202422719,1.672,0.00156152,hom,1
HG02686,BMPR2,chr2,202428451,0.736,0.00530918,hom,1
HG02686,BMPR2,chr2,202485060,1.251,0.00562149,hom,1
HG02686,BMPR2,chr2,202554003,0.022,0.00562149,hom,1
HG02686,FAM117B,chr2,202654027,5.531,0.00062461,hom,1
HG02686,FAM117B,chr2,202667163,0.241,0.00405996,hom,1
HG02686,FAM117B,chr2,202673896,8.686,0.00062461,hom,1
HG02686,FAM117B,chr2,202689191,8.713,0.00421611,hom,1
HG02686,FAM117B,chr2,202690866,0.266,0.00062461,hom,1
HG02686,FAM117B,chr2,202695489,1.152,0.00405996,hom,1
HG02686,CARF,chr2,202932318,1.551,0.00187383,hom,1
HG02686,CARF,chr2,202941328,6.098,0.00468457,hom,1
HG02686,CARF,chr2,202945365,0.946,0.00062461,hom,1
HG02686,CARF,chr2,202986740,13.19,0.00062461,hom,1
HG02686,NBEAL1,chr2,203019320,2.279,0.00187383,hom,2
HG02686,NBEAL1,chr2,203112436,2.132,0.00484072,hom,1
HG02686,NBEAL1,chr2,203117025,2.17,0.00468457,hom,1
HG02686,NBEAL1,chr2,203119005,3.897,0.00484072,hom,1
HG02686,NBEAL1,chr2,203143898,3.954,0.00062461,hom,1
HG02686,NBEAL1,chr2,203172937,0.313,0.0065584,hom,1
HG02686,ABI2,chr2,203350003,1.027,0.00468457,hom,1
HG02686,RAPH1,chr2,203456763,5.568,0.00484072,hom,1
HG02686,CTLA4,chr2,203872598,13.67,0.00577764,hom,1
HG02686,PARD3B,chr2,204621240,5.111,0.00062461,hom,1
HG02686,PARD3B,chr2,204650702,0.508,0.00827608,hom,1
HG02686,PARD3B,chr2,204692036,0.051,0.00312305,hom,1
HG02686,PARD3B,chr2,204860780,7.551,0.00718301,hom,1
HG02686,PARD3B,chr2,204920131,1.42,0.00109307,hom,1
HG02686,PARD3B,chr2,204983947,1.879,0.00187383,hom,1
HG02686,PARD3B,chr2,205005971,0.803,0.000780762,hom,1
HG02686,PARD3B,chr2,205028248,0.936,0.00171768,hom,1
HG02686,PARD3B,chr2,205054451,1.897,0.00343535,hom,2
HG02686,PARD3B,chr2,205082602,1.305,0.00171768,hom,1
HG02686,PARD3B,chr2,205151738,1.297,0.00171768,hom,1
HG02686,PARD3B,chr2,205442606,0.892,0.00515303,hom,1
HG02686,PARD3B,chr2,205453860,10.47,0.00452842,hom,1
HG02686,PARD3B,chr2,205463461,7.367,0.00109307,hom,2
HG02686,PARD3B,chr2,205500679,3.543,0.00187383,hom,1
HG02686,PARD3B,chr2,205526124,0.357,0.00140537,hom,1
HG02686,PARD3B,chr2,205573557,1.17,0.0098376,hom,1
HG02686,PARD3B,chr2,205612277,1.051,0.00109307,hom,2
HG02686,NRP2,chr2,205761841,5.614,0.00936914,hom,1
HG02686,NRP2,chr2,205785369,0.369,0.000936914,hom,1
HG02686,CMKLR2,chr2,206194033,6.079,0.00827608,hom,2
HG02686,ADAM23,chr2,206471562,0.99,0.000780762,hom,1
HG02686,TMEM237,chr2,201630268,12.68,0.00109307,hom,5
HG02690,ALKAL2,chr2,280966,3.715,0.00140537,hom,2
HG02690,LINC01865,chr2,335171,3.711,0.00858838,hom,1
HG02690,TMEM18-DT,chr2,680375,5.729,0.00234229,hom,1
HG02690,LINC01115,chr2,792025,2.111,0.00062461,hom,1
HG02690,SNTG2,chr2,981287,0.702,0.00359151,hom,1
HG02690,SNTG2,chr2,1024949,0.445,0.00811992,hom,1
HG02690,SNTG2,chr2,1029749,1.287,0.00811992,hom,1
HG02690,SNTG2,chr2,1106690,4.267,0.00484072,het,1
HG02690,SNTG2,chr2,1112703,0.416,0.00390381,het,1
HG02690,SNTG2,chr2,1125719,4.035,0.00249844,hom,1
HG02690,SNTG2,chr2,1128284,2.878,0.00546533,hom,1
HG02690,SNTG2,chr2,1128811,0.596,0.00421611,hom,1
HG02690,SNTG2,chr2,1145562,7.752,0.00968145,hom,1
HG02690,SNTG2,chr2,1146143,6.623,0.00968145,hom,1
HG02690,SNTG2,chr2,1148988,2.865,0.00968145,hom,1
HG02690,SNTG2,chr2,1149188,6.915,0.00968145,hom,1
HG02690,SNTG2,chr2,1150883,5.916,0.00968145,hom,1
HG02690,SNTG2,chr2,1152712,5.498,0.00968145,hom,1
HG02690,SNTG2,chr2,1154385,0.487,0.00968145,hom,2
HG02690,SNTG2,chr2,1156871,1.932,0.00968145,hom,1
HG02690,SNTG2,chr2,1160436,1.371,0.00359151,hom,1
HG02690,SNTG2,chr2,1162424,6.164,0.00780762,hom,2
HG02690,SNTG2,chr2,1199732,1.425,0.00780762,hom,1
HG02690,SNTG2,chr2,1220111,0.337,0.00109307,hom,2
HG02690,SNTG2,chr2,1259035,5.843,0.00062461,hom,1
HG02690,SNTG2,chr2,1281513,5.684,0.000780762,het,1
HG02690,TPO,chr2,1443662,3.539,0.0065584,het,2
HG02690,TPO,chr2,1452828,4.533,0.00062461,hom,1
HG02690,LALTOP,chr2,1537405,0.527,0.00890069,het,1
HG02690,LALTOP,chr2,1537443,2.537,0.00187383,het,1
HG02690,LALTOP,chr2,1537451,0.517,0.000936914,het,1
HG02690,LALTOP,chr2,1537457,0.358,0.00109307,het,1
HG02690,LALTOP,chr2,1543200,1.398,0.00530918,hom,1
HG02690,PXDN,chr2,1741416,2.467,0.00109307,hom,1
HG02690,MYT1L,chr2,1796788,0.666,0.00562149,hom,1
HG02690,MYT1L,chr2,1796789,0.468,0.00562149,hom,2
HG02690,MYT1L,chr2,1837574,0.104,0.00062461,hom,1
HG02690,MYT1L,chr2,1843010,2.863,0.00359151,hom,2
HG02690,MYT1L,chr2,1861985,5.437,0.00702686,het,2
HG02690,MYT1L,chr2,1937420,5.089,0.00312305,hom,1
HG02690,MYT1L,chr2,1951308,2.384,0.0032792,hom,1
HG02690,MYT1L,chr2,1996367,0.512,0.00796377,het,1
HG02690,MYT1L,chr2,2006267,2.347,0.000468457,hom,1
HG02690,MYT1L,chr2,2008210,0.669,0.000468457,hom,1
HG02690,MYT1L,chr2,2086849,0.282,0.00234229,hom,1
HG02690,MYT1L,chr2,2107478,1.008,0.00843223,hom,1
HG02690,MYT1L,chr2,2127664,0.546,0.00421611,hom,2
HG02690,MYT1L,chr2,2131771,0.74,0.00421611,hom,1
HG02690,MYT1L,chr2,2167473,0.016,0.000936914,hom,1
HG02690,MYT1L,chr2,2248381,1.023,0.00484072,hom,1
HG02690,MYT1L,chr2,2281468,0.937,0.00234229,hom,1
HG02690,LOC105373390,chr2,2709663,3.195,0.000780762,hom,1
HG02690,LOC105373390,chr2,2725355,2.035,0.000780762,hom,1
HG02690,LOC105373390,chr2,2737890,0.235,0.000780762,hom,1
HG02690,LOC105373390,chr2,2763294,0.08,0.00374766,hom,1
HG02690,LOC105373390,chr2,2826038,1.531,0.00515303,hom,1
HG02690,LINC01250,chr2,3106187,0.689,0.00437227,hom,1
HG02690,EIPR1,chr2,3279003,2.68,0.00140537,hom,1
HG02690,EIPR1,chr2,3294619,2.681,0.00202998,het,1
HG02690,EIPR1,chr2,3294625,3.055,0.00156152,het,1
HG02690,EIPR1,chr2,3325250,3.031,0.00858838,hom,1
HG02690,EIPR1,chr2,3326435,0.115,0.00124922,hom,1
HG02690,EIPR1,chr2,3341295,0.741,0.00124922,hom,1
HG02690,TRAPPC12,chr2,3445950,2.513,0.00140537,hom,1
HG02690,TRAPPC12,chr2,3467934,3.913,0.00062461,hom,1
HG02690,TRAPPC12,chr2,3469360,0.429,0.00530918,hom,1
HG02690,RNASEH1,chr2,3553586,7.347,0.000468457,hom,1
HG02690,COLEC11,chr2,3611081,5.426,0.00062461,hom,1
HG02690,ALLC,chr2,3672868,0.377,0.00530918,hom,1
HG02690,DCDC2C,chr2,3732102,2.578,0.00187383,hom,1
HG02690,VWA3B,chr2,98165558,7.142,0.00062461,hom,1
HG02690,VWA3B,chr2,98182483,16.32,0.000468457,hom,1
HG02690,VWA3B,chr2,98208348,4.747,0.00109307,hom,1
HG02690,VWA3B,chr2,98225717,0.545,0.000936914,hom,1
HG02690,VWA3B,chr2,98292187,3.191,0.000780762,hom,1
HG02690,INPP4A,chr2,98472114,3.354,0.00843223,hom,1
HG02690,INPP4A,chr2,98520916,1.971,0.00827608,hom,1
HG02690,INPP4A,chr2,98556815,16.32,0.00843223,hom,2
HG02690,COA5,chr2,98599695,4.217,0.00640225,hom,1
HG02690,MGAT4A,chr2,98654326,0.636,0.00874454,hom,1
HG02690,MGAT4A,chr2,98690451,3.844,0.00343535,hom,2
HG02690,CRACDL,chr2,98795903,1.352,0.000468457,hom,1
HG02690,CRACDL,chr2,98823787,6.043,0.00390381,hom,1
HG02690,CRACDL,chr2,98825665,0.177,0.000468457,hom,1
HG02690,CRACDL,chr2,98855012,0.766,0.00577764,hom,1
HG02690,CRACDL,chr2,98856852,4.654,0.00905684,hom,2
HG02690,CRACDL,chr2,98873866,3.661,0.000468457,hom,1
HG02690,CRACDL,chr2,98886699,3.633,0.00905684,hom,1
HG02690,CRACDL,chr2,98901418,0.218,0.00187383,hom,1
HG02690,TSGA10,chr2,99025118,2.336,0.00343535,hom,1
HG02690,TSGA10,chr2,99042274,0.605,0.00608994,hom,1
HG02690,TSGA10,chr2,99072135,1.312,0.00343535,hom,1
HG02690,TSGA10,chr2,99080979,11.7,0.00608994,hom,1
HG02690,MRPL30,chr2,99192267,0.971,0.00374766,hom,1
HG02690,LYG1,chr2,99303637,2.441,0.00671455,hom,2
HG02690,EIF5B,chr2,99348080,2.366,0.00671455,hom,1
HG02690,EIF5B,chr2,99367877,1.479,0.00390381,hom,1
HG02690,EIF5B,chr2,99374070,1.982,0.00671455,hom,1
HG02690,REV1,chr2,99464169,1.61,0.00390381,hom,1
HG02690,AFF3,chr2,99577451,4.026,0.000468457,hom,1
HG02690,AFF3,chr2,99581929,3.565,0.000468457,hom,1
HG02690,AFF3,chr2,99589918,0.701,0.00468457,hom,1
HG02690,AFF3,chr2,99612223,1.87,0.00218613,hom,1
HG02690,AFF3,chr2,99669476,1.013,0.00202998,hom,1
HG02690,AFF3,chr2,99671147,6.114,0.00202998,hom,1
HG02690,AFF3,chr2,99672363,0.068,0.000468457,hom,2
HG02690,AFF3,chr2,99690212,2.705,0.00312305,hom,1
HG02690,AFF3,chr2,99723918,0.805,0.000468457,hom,1
HG02690,AFF3,chr2,99724424,1.509,0.00218613,hom,1
HG02690,AFF3,chr2,99735862,3.045,0.000468457,hom,1
HG02690,AFF3,chr2,99741970,1.335,0.00218613,hom,1
HG02690,AFF3,chr2,99752615,4.278,0.00218613,hom,1
HG02690,AFF3,chr2,99872885,1.277,0.000468457,hom,1
HG02690,AFF3,chr2,99905823,9.622,0.000468457,hom,1
HG02690,AFF3,chr2,99959771,7.436,0.00640225,hom,1
HG02690,AFF3,chr2,100005827,12.06,0.0062461,hom,1
HG02690,LINC01104,chr2,100210779,0.452,0.0029669,hom,1
HG02690,LINC01104,chr2,100226789,5.875,0.0029669,hom,1
HG02690,LONRF2,chr2,100302659,0.004,0.00187383,hom,1
HG02690,NPAS2,chr2,100846364,9.235,0.00265459,hom,1
HG02690,TBC1D8,chr2,101042741,0.836,0.0062461,hom,2
HG02690,TBC1D8,chr2,101080867,2.625,0.000468457,hom,1
HG02690,TBC1D8,chr2,101108680,0.093,0.000468457,hom,1
HG02690,TBC1D8,chr2,101118675,1.655,0.00062461,hom,1
HG02690,CNOT11,chr2,101255645,5.537,0.000936914,hom,1
HG02690,RFX8,chr2,101398082,4.805,0.000936914,hom,1
HG02690,CNGA3,chr2,98348841,9.007,0.000468457,hom,5
HG02692,LOC105373438,chr2,13640329,0.642,0.00608994,hom,2
HG02692,LOC105373438,chr2,13662746,6.535,0.00062461,hom,2
HG02692,LOC105373438,chr2,13745069,3.918,0.00687071,hom,2
HG02692,LINC00276,chr2,14281641,0.25,0.00265459,hom,1
HG02692,LINC01804,chr2,15695836,1.365,0.00062461,hom,2
HG02692,LINC01804,chr2,15717865,0.238,0.00249844,hom,1
HG02692,GACAT3,chr2,16068177,9.252,0.000780762,hom,1
HG02692,NBAS,chr2,15426977,11.82,0.000468457,hom,5
HG02699,SH3YL1,chr2,255089,4.924,0.00062461,hom,1
HG02699,SNTG2,chr2,1022903,0.825,0.00109307,hom,1
HG02699,SNTG2,chr2,1072308,3.345,0.00109307,hom,2
HG02699,SNTG2,chr2,1098262,0.178,0.000468457,hom,1
HG02699,SNTG2,chr2,1235498,2.828,0.00530918,het,1
HG02699,SNTG2,chr2,1272390,10.27,0.00640225,hom,1
HG02699,SNTG2,chr2,1317621,4.554,0.00234229,het,1
HG02699,SNTG2,chr2,1324892,1.747,0.00062461,hom,1
HG02699,TPO,chr2,1415510,3.284,0.00780762,het,1
HG02699,TPO,chr2,1467987,3.255,0.00593379,het,1
HG02699,LALTOP,chr2,1523137,0.714,0.000312305,het,1
HG02699,LALTOP,chr2,1524278,0.859,0.000936914,het,1
HG02699,LALTOP,chr2,1525548,0.884,0.00234229,het,1
HG02699,LALTOP,chr2,1530788,0.623,0.00530918,hom,1
HG02699,LALTOP,chr2,1547606,1.908,0.00062461,hom,2
HG02699,PXDN,chr2,1646641,0.064,0.000780762,hom,1
HG02699,PXDN,chr2,1670922,0.124,0.00437227,hom,1
HG02699,PXDN,chr2,1679769,0.496,0.00452842,het,1
HG02699,PXDN,chr2,1679778,4.352,0.00312305,het,1
HG02699,MYT1L,chr2,1806949,4.263,0.00874454,hom,1
HG02699,MYT1L,chr2,1820396,4.416,0.00843223,hom,1
HG02699,MYT1L,chr2,1839120,0.322,0.00874454,hom,1
HG02699,MYT1L,chr2,1847022,1.391,0.00858838,hom,1
HG02699,MYT1L,chr2,1861985,5.437,0.00702686,het,2
HG02699,MYT1L,chr2,1976101,0.797,0.00827608,het,1
HG02699,MYT1L,chr2,2033056,3.657,0.00312305,het,1
HG02699,MYT1L,chr2,2173184,1.234,0.00062461,hom,1
HG02699,MYT1L,chr2,2179695,0.004,0.00062461,hom,1
HG02699,MYT1L,chr2,2270244,2.329,0.00999375,hom,2
HG02699,MYT1L,chr2,2283384,0.015,0.000468457,hom,1
HG02699,MYT1L,chr2,2286828,7.038,0.00140537,hom,1
HG02699,MYT1L,chr2,2295589,1.225,0.00374766,hom,1
HG02699,MYT1L,chr2,2295689,1.704,0.00515303,hom,1
HG02699,MYT1L,chr2,2295717,2.813,0.00390381,hom,2
HG02699,MYT1L-AS1,chr2,2320306,0.01,0.00640225,hom,1
HG02699,LOC105373390,chr2,2721281,2.02,0.00171768,het,1
HG02699,LINC01250,chr2,2912908,1.029,0.00577764,hom,1
HG02699,EIPR1,chr2,3218714,1.235,0.00140537,het,1
HG02699,EIPR1,chr2,3294781,0.834,0.0029669,het,1
HG02699,EIPR1,chr2,3295231,0.963,0.00562149,het,1
HG02699,EIPR1,chr2,3296039,2.594,0.00343535,het,2
HG02699,EIPR1,chr2,3299374,1.344,0.00171768,hom,1
HG02699,EIPR1,chr2,3304854,1.434,0.00171768,hom,1
HG02699,EIPR1,chr2,3310458,6.412,0.00140537,hom,1
HG02699,EIPR1,chr2,3352489,1.453,0.00936914,het,1
HG02699,EIPR1,chr2,3370053,5.921,0.00202998,hom,1
HG02699,TRAPPC12,chr2,3421723,0.035,0.00187383,hom,1
HG02699,TRAPPC12,chr2,3463485,2.389,0.00202998,hom,1
HG02699,RPS7,chr2,3578821,4.728,0.00062461,hom,2
HG02699,COLEC11,chr2,3601836,3.196,0.00359151,hom,1
HG02699,DCDC2C,chr2,3750161,1.38,0.00062461,hom,1
HG02699,DCDC2C,chr2,3778985,0.035,0.00593379,hom,1
HG02699,DCDC2C,chr2,3779009,1.157,0.00593379,hom,1
HG02699,LINC01304,chr2,3969317,1.218,0.00234229,hom,2
HG02699,LINC01249,chr2,4631689,2.469,0.00234229,hom,1
HG02699,LINC01248,chr2,5637808,3.919,0.000468457,hom,1
HG02699,SILC1,chr2,5934344,2.18,0.00796377,hom,1
HG02699,SILC1,chr2,5947254,8.78,0.00671455,hom,1
HG02699,SILC1,chr2,5974526,8.757,0.000780762,hom,2
HG02699,LINC01247,chr2,6371909,0.607,0.00890069,hom,2
HG02699,LINC01246,chr2,6631601,1.736,0.00546533,hom,1
HG02699,LINC00487,chr2,6730375,2.417,0.00062461,hom,1
HG02699,GRASLND,chr2,6915178,1.117,0.00156152,hom,2
HG02699,RNF144A,chr2,6994555,0.047,0.00515303,hom,2
HG02699,RNF144A,chr2,7010699,4.497,0.00390381,hom,1
HG02699,RNF144A,chr2,7059924,0.616,0.00437227,hom,1
HG02699,LINC00298,chr2,7972801,0.263,0.00421611,hom,2
HG02699,LINC00299,chr2,8108487,0.435,0.00780762,hom,1
HG02699,LINC00299,chr2,8153496,0.26,0.000468457,hom,2
HG02699,LINC00299,chr2,8186457,3.478,0.000936914,hom,1
HG02699,LINC00299,chr2,8186761,2.656,0.000936914,hom,1
HG02699,LINC00299,chr2,8228755,3.54,0.00140537,hom,1
HG02699,LINC00299,chr2,8243877,2.068,0.00562149,hom,1
HG02699,ID2-AS1,chr2,8678854,18.89,0.00608994,hom,2
HG02699,KIDINS220,chr2,8732491,1.853,0.00577764,hom,1
HG02699,KIDINS220,chr2,8753035,3.964,0.00562149,hom,1
HG02699,KIDINS220,chr2,8789118,1.273,0.00577764,hom,1
HG02699,KIDINS220,chr2,8811441,0.722,0.00562149,hom,1
HG02699,KIDINS220,chr2,8823144,0.929,0.00577764,hom,2
HG02699,MBOAT2,chr2,8855246,0.634,0.00202998,hom,1
HG02699,MBOAT2,chr2,8925765,0.142,0.00281074,hom,1
HG02699,ASAP2,chr2,9236591,1.442,0.00843223,hom,1
HG02699,ITGB1BP1,chr2,9421087,3.138,0.00140537,hom,2
HG02699,ADAM17,chr2,9538742,7.181,0.00140537,hom,1
HG02699,YWHAQ,chr2,9610846,0.487,0.00343535,hom,1
HG02699,LOC105373418,chr2,9650083,2.194,0.000468457,hom,2
HG02699,TAF1B,chr2,9848700,1.404,0.00780762,hom,1
HG02699,TAF1B,chr2,9923860,0.044,0.000780762,hom,1
HG02699,GRHL1,chr2,10001045,0.019,0.00858838,hom,2
HG02699,CYS1,chr2,10071827,0.676,0.00109307,hom,2
HG02699,HPCAL1,chr2,10367632,4.238,0.000780762,hom,1
HG02699,HPCAL1,chr2,10416846,0.637,0.00702686,hom,2
HG02699,NOL10,chr2,10602429,3.261,0.00390381,hom,1
HG02699,NOL10,chr2,10609062,7.283,0.00390381,hom,2
HG02699,ATP6V1C2,chr2,10726465,2.685,0.00124922,hom,1
HG02699,ATP6V1C2,chr2,10780000,0.236,0.00109307,hom,1
HG02699,PDIA6,chr2,10823817,3.171,0.00062461,hom,1
HG02699,SLC66A3,chr2,11176276,0.805,0.00234229,het,2
HG02699,SLC66A3,chr2,11176278,1.625,0.00218613,het,2
HG02699,SLC66A3,chr2,11176284,0.188,0.00234229,het,2
HG02699,ROCK2,chr2,11200594,1.013,0.00437227,hom,1
HG02699,ROCK2,chr2,11226628,4.368,0.00468457,hom,1
HG02699,ROCK2,chr2,11299135,2.778,0.000468457,hom,1
HG02699,LPIN1,chr2,11680816,2.715,0.000780762,hom,2
HG02699,MIR3681HG,chr2,12092173,0.413,0.000468457,hom,1
HG02699,LOC100506474,chr2,12970695,0.008,0.0032792,hom,1
HG02699,LOC105373438,chr2,13581304,4.686,0.0065584,hom,1
HG02699,LOC105373438,chr2,13677874,3.692,0.00827608,hom,2
HG02699,LOC105373438,chr2,13723956,1.593,0.00811992,hom,1
HG02699,LOC105373438,chr2,13742569,0.537,0.00827608,hom,2
HG02699,LINC00276,chr2,14337465,0.679,0.00171768,hom,1
HG02699,LINC00276,chr2,14394686,1.851,0.00218613,hom,1
HG02699,LINC00276,chr2,14397933,0.919,0.000468457,hom,1
HG02699,NBAS,chr2,15204555,1.773,0.000468457,hom,1
HG02699,NBAS,chr2,15518130,2.555,0.00921299,hom,1
HG02699,NBAS,chr2,15525813,0.218,0.00843223,hom,1
HG02699,DDX1,chr2,15604229,4.315,0.000468457,hom,1
HG02699,DDX1,chr2,15608661,1.906,0.00749532,het,1
HG02699,CYRIA,chr2,16553755,0.559,0.00140537,hom,1
HG02699,CYRIA,chr2,16589404,3.749,0.00109307,hom,1
HG02699,LOC101928196,chr2,19468227,18.21,0.00468457,hom,1
HG02699,LINC01808,chr2,19469533,1.34,0.00468457,hom,1
HG02699,WDR35,chr2,19946594,14.14,0.000468457,hom,1
HG02699,WDR35,chr2,19965066,1.576,0.000468457,hom,1
HG02699,WDR35,chr2,19974382,5.219,0.000312305,het,1
HG02699,LAPTM4A,chr2,20039198,2.522,0.000468457,hom,1
HG02699,LAPTM4A-DT,chr2,20054279,6.675,0.000468457,hom,2
HG02699,LAPTM4A-DT,chr2,20088267,0.717,0.000468457,hom,1
HG02699,LAPTM4A-DT,chr2,20098484,0.399,0.000780762,hom,2
HG02699,LAPTM4A-DT,chr2,20099229,4.342,0.000468457,hom,1
HG02699,LAPTM4A-DT,chr2,20103527,2.737,0.00062461,hom,1
HG02699,SDC1,chr2,20216266,4.809,0.00109307,hom,1
HG02699,PUM2,chr2,20252881,1.047,0.000468457,hom,1
HG02699,PUM2,chr2,20278284,12.82,0.000468457,hom,1
HG02699,PUM2,chr2,20288297,5.55,0.000468457,hom,2
HG02699,PUM2,chr2,20336801,3.292,0.00218613,hom,1
HG02699,HS1BP3,chr2,20644637,0.289,0.00452842,hom,1
HG02699,HS1BP3,chr2,20644835,2.177,0.000936914,hom,1
HG02699,APOB,chr2,21015954,14.89,0.00124922,hom,1
HG02699,LINC01830,chr2,22519888,0.558,0.00062461,hom,1
HG02699,LOC107985792,chr2,23045012,0.799,0.00405996,hom,1
HG02699,LOC107985792,chr2,23079642,0.25,0.00499688,hom,1
HG02699,LOC107985792,chr2,23133749,0.314,0.00359151,hom,1
HG02699,LOC107985792,chr2,23190531,6.826,0.000468457,hom,1
HG02699,KLHL29,chr2,23423318,0.219,0.00062461,hom,2
HG02699,KLHL29,chr2,23609369,9.007,0.000468457,hom,1
HG02699,ATAD2B,chr2,23760181,1.439,0.00452842,hom,1
HG02699,ATAD2B,chr2,23812996,5.03,0.00811992,hom,1
HG02699,ATAD2B,chr2,23828121,16.64,0.00811992,hom,1
HG02699,ITSN2,chr2,24228350,4.494,0.000468457,hom,1
HG02699,ITSN2,chr2,24340128,1.052,0.00890069,hom,2
HG02699,NCOA1,chr2,24505381,2.589,0.000468457,hom,1
HG02699,NCOA1,chr2,24517103,5.165,0.00156152,hom,2
HG02699,NCOA1,chr2,24532009,4.532,0.00156152,hom,1
HG02699,NCOA1,chr2,24556297,12.99,0.00156152,hom,1
HG02699,NCOA1,chr2,24557702,2.488,0.00156152,hom,1
HG02699,NCOA1,chr2,24562091,14.56,0.00156152,hom,2
HG02699,NCOA1,chr2,24576181,2.993,0.00202998,hom,1
HG02699,NCOA1,chr2,24576182,1.183,0.00202998,hom,1
HG02699,NCOA1,chr2,24576184,4.269,0.00187383,hom,1
HG02699,NCOA1,chr2,24576185,0.795,0.00265459,hom,1
HG02699,NCOA1,chr2,24581720,3.292,0.00156152,hom,1
HG02699,NCOA1,chr2,24630339,10.14,0.00156152,hom,1
HG02699,NCOA1,chr2,24630427,13.31,0.00156152,hom,1
HG02699,NCOA1,chr2,24638866,1.179,0.00312305,hom,1
HG02699,NCOA1,chr2,24686472,0.141,0.000468457,hom,1
HG02699,NCOA1,chr2,24744370,6.48,0.00156152,hom,2
HG02699,NCOA1,chr2,24763707,3.669,0.00187383,hom,1
HG02699,NCOA1,chr2,24766789,1.042,0.00156152,hom,1
HG02699,ADCY3,chr2,24915251,6.618,0.00312305,hom,1
HG02699,DNAJC27-AS1,chr2,25000400,0.468,0.00405996,hom,2
HG02699,EFR3B,chr2,25059579,1.946,0.00343535,hom,2
HG02699,EFR3B,chr2,25063689,0.756,0.00171768,hom,1
HG02699,EFR3B,chr2,25113995,8.111,0.000468457,hom,1
HG02699,DNMT3A,chr2,25323539,7.734,0.00171768,hom,1
HG02699,DTNB,chr2,25391198,2.232,0.000468457,hom,1
HG02699,DTNB,chr2,25395212,3.817,0.000468457,hom,1
HG02699,DTNB,chr2,25405333,11.84,0.00593379,hom,1
HG02699,KIF3C,chr2,25928491,10.14,0.000468457,hom,1
HG02699,RAB10,chr2,26061941,2.473,0.000468457,hom,2
HG02699,HADHA,chr2,26205337,1.25,0.0029669,hom,1
HG02699,HADHA,chr2,26221246,4.842,0.00062461,hom,1
HG02699,ADGRF3,chr2,26311173,24.8,0.00577764,hom,1
HG02699,SELENOI,chr2,26359737,3.173,0.00640225,hom,2
HG02699,SELENOI,chr2,26372919,0.346,0.000936914,hom,1
HG02699,OTOF,chr2,26526695,1.311,0.000936914,hom,1
HG02699,OTOF,chr2,26548353,1.05,0.000936914,hom,1
HG02699,OTOF,chr2,26557359,10.17,0.00140537,hom,1
HG02699,KCNK3,chr2,26699255,0.274,0.00608994,hom,1
HG02699,KCNK3,chr2,26716361,10.96,0.00905684,hom,1
HG02699,SLC35F6,chr2,26772214,4.227,0.00921299,hom,1
HG02699,DPYSL5,chr2,26896241,10.47,0.00858838,hom,1
HG02699,AGBL5,chr2,27064472,2.182,0.00858838,hom,1
HG02699,EMILIN1,chr2,27085291,18.2,0.00843223,hom,2
HG02699,KHK,chr2,27096200,0.901,0.00843223,hom,2
HG02699,ABHD1,chr2,27125769,2.838,0.00187383,hom,2
HG02699,SLC5A6,chr2,27199832,3.308,0.000936914,hom,1
HG02699,SLC5A6,chr2,27205339,11.47,0.00140537,hom,1
HG02699,TRIM54,chr2,27307194,1.009,0.00156152,hom,1
HG02699,GTF3C2-AS2,chr2,27359446,4.231,0.00171768,hom,2
HG02699,SPATA31H1,chr2,27557778,4.828,0.0032792,het,1
HG02699,SPATA31H1,chr2,27576124,3.867,0.0032792,hom,1
HG02699,GPN1,chr2,27631464,4.824,0.0032792,hom,2
HG02699,SLC4A1AP,chr2,27670118,1.296,0.00156152,hom,1
HG02699,SLC4A1AP,chr2,27671174,1.228,0.000780762,hom,1
HG02699,SLC4A1AP,chr2,27693778,4.098,0.00218613,hom,1
HG02699,LINC01460,chr2,27710359,7.661,0.00218613,hom,1
HG02699,RBKS,chr2,27806783,1.887,0.000468457,hom,1
HG02699,RBKS,chr2,27860284,20.2,0.00468457,hom,1
HG02699,LOC100505736,chr2,28150884,1.695,0.000468457,hom,1
HG02699,LOC100505736,chr2,28152446,4.307,0.0095253,hom,1
HG02699,LOC100505736,chr2,28172696,0.566,0.00062461,hom,1
HG02699,LOC100505736,chr2,28173240,2.627,0.00843223,hom,2
HG02699,BABAM2-AS2,chr2,28309924,0.166,0.00999375,hom,2
HG02699,PLB1,chr2,28503583,4.753,0.000468457,hom,1
HG02699,PLB1,chr2,28540235,5.823,0.00515303,hom,1
HG02699,PLB1,chr2,28560255,4.105,0.00109307,hom,1
HG02699,PLB1,chr2,28592134,2.216,0.00109307,hom,1
HG02699,PPP1CB,chr2,28776212,5.475,0.00140537,hom,1
HG02699,PPP1CB,chr2,28784167,0.129,0.00140537,hom,1
HG02699,TRMT61B,chr2,28866703,0.675,0.00140537,hom,1
HG02699,WDR43,chr2,28904688,0.487,0.00140537,hom,1
HG02699,TOGARAM2,chr2,28993900,6.217,0.00171768,hom,1
HG02699,TOGARAM2,chr2,29013628,1.122,0.00202998,hom,1
HG02699,TOGARAM2,chr2,29016335,1.121,0.00156152,hom,1
HG02699,TOGARAM2,chr2,29023031,8.729,0.00218613,hom,2
HG02699,TOGARAM2,chr2,29039464,0.045,0.00249844,hom,1
HG02699,CLIP4,chr2,29181404,1.897,0.00359151,hom,1
HG02699,ALK,chr2,29203117,1.187,0.000468457,hom,1
HG02699,ALK,chr2,29252838,0.357,0.00156152,hom,1
HG02699,ALK,chr2,29253581,0.417,0.00062461,hom,1
HG02699,ALK,chr2,29339871,0.435,0.000468457,hom,1
HG02699,ALK,chr2,29385089,7.629,0.00140537,hom,1
HG02699,LCLAT1,chr2,30520786,4.585,0.00140537,hom,1
HG02699,LCLAT1,chr2,30532451,2.643,0.000468457,hom,1
HG02699,LCLAT1,chr2,30546978,3.873,0.000468457,hom,1
HG02699,LCLAT1,chr2,30550958,0.463,0.000468457,hom,1
HG02699,LCLAT1,chr2,30551971,0.046,0.00124922,hom,1
HG02699,LCLAT1,chr2,30582304,0.661,0.00140537,hom,1
HG02699,LCLAT1,chr2,30604640,1.053,0.000780762,hom,2
HG02699,LCLAT1,chr2,30606432,6.144,0.000468457,hom,1
HG02699,CAPN13,chr2,30747763,5.283,0.000468457,hom,1
HG02699,CAPN13,chr2,30769811,5.736,0.000468457,hom,1
HG02699,GALNT14,chr2,30950553,0.372,0.00499688,hom,1
HG02699,GALNT14,chr2,30953204,2.608,0.00452842,hom,1
HG02699,GALNT14,chr2,31015475,0.341,0.000468457,hom,1
HG02699,GALNT14,chr2,31058345,1.648,0.00484072,hom,1
HG02699,GALNT14,chr2,31112552,0.005,0.000468457,hom,1
HG02699,GALNT14,chr2,31133430,12.85,0.00421611,hom,1
HG02699,GALNT14,chr2,31136988,2.059,0.00421611,hom,1
HG02699,CAPN14,chr2,31206366,1.151,0.00468457,hom,1
HG02699,CAPN14,chr2,31220033,7.97,0.0065584,hom,2
HG02699,MEMO1,chr2,31882951,11.1,0.000468457,hom,1
HG02699,MEMO1,chr2,31961095,1.899,0.00343535,hom,1
HG02699,MEMO1,chr2,31967146,2.19,0.00515303,hom,1
HG02699,MEMO1,chr2,32010726,15.58,0.00515303,hom,2
HG02699,YIPF4,chr2,32307398,0.259,0.00140537,hom,1
HG02699,BIRC6,chr2,32436199,17.23,0.00421611,hom,1
HG02699,BIRC6,chr2,32436242,0.289,0.00421611,hom,1
HG02699,LINC00486,chr2,32833853,6.096,0.00827608,hom,1
HG02699,LINC00486,chr2,32841331,15.39,0.00749532,hom,1
HG02699,LINC00486,chr2,32842553,1.547,0.00811992,hom,1
HG02699,LTBP1,chr2,33065426,0.019,0.00390381,hom,2
HG02699,LTBP1,chr2,33095050,6.276,0.00780762,hom,1
HG02699,LTBP1,chr2,33098906,2.471,0.00530918,hom,1
HG02699,LTBP1,chr2,33139004,3.922,0.00968145,hom,1
HG02699,LTBP1,chr2,33162949,15.16,0.00999375,hom,1
HG02699,LTBP1,chr2,33166290,18.73,0.000468457,hom,1
HG02699,LTBP1,chr2,33303552,3.305,0.000468457,het,1
HG02699,LTBP1,chr2,33314540,3.174,0.00921299,hom,1
HG02699,LTBP1,chr2,33394124,0.748,0.00562149,hom,1
HG02699,RASGRP3,chr2,33473588,6.694,0.000468457,hom,2
HG02699,FAM98A,chr2,33597439,6.957,0.000468457,hom,2
HG02699,KCNH7,chr2,162490684,5.498,0.00249844,het,1
HG02699,KCNH7,chr2,162551326,0.137,0.00780762,het,1
HG02699,KCNH7,chr2,162584128,0.48,0.00921299,het,1
HG02699,KCNH7,chr2,162636534,0.221,0.000312305,het,1
HG02699,KCNH7,chr2,162643531,0.81,0.000780762,het,1
HG02699,KCNH7,chr2,162680948,0.214,0.00405996,het,1
HG02699,KCNH7,chr2,162684616,2.603,0.000936914,het,1
HG02699,KCNH7,chr2,162733157,3.074,0.00796377,het,2
HG02699,GRB14,chr2,164584186,2.824,0.0095253,het,1
HG02699,SCN3A,chr2,165142950,0.891,0.00484072,hom,1
HG02699,SCN2A,chr2,165280034,2.692,0.00671455,hom,1
HG02699,CSRNP3,chr2,165494530,7.528,0.00530918,hom,2
HG02699,CSRNP3,chr2,165590358,0.233,0.00936914,hom,1
HG02699,CSRNP3,chr2,165689051,7.689,0.00187383,hom,1
HG02699,TTC21B,chr2,165894433,0.201,0.00999375,hom,1
HG02699,TTC21B-AS1,chr2,165948236,0.203,0.00874454,hom,2
HG02699,SCN1A-AS1,chr2,166168651,1.012,0.00374766,hom,1
HG02699,SCN9A,chr2,166327091,1.256,0.00936914,hom,1
HG02699,SCN9A,chr2,166335711,0.732,0.00468457,hom,1
HG02699,SCN7A,chr2,166406613,20.8,0.000468457,hom,1
HG02699,SCN7A,chr2,166411111,5.467,0.00921299,hom,2
HG02699,XIRP2,chr2,166963775,0.253,0.00374766,hom,1
HG02699,XIRP2,chr2,167012202,1.972,0.000468457,hom,1
HG02699,XIRP2,chr2,167102471,2.34,0.000936914,hom,1
HG02699,XIRP2,chr2,167112069,0.937,0.000936914,hom,1
HG02699,XIRP2,chr2,167112891,1.466,0.000936914,hom,1
HG02699,XIRP2-AS1,chr2,167132375,0.212,0.000936914,hom,1
HG02699,B3GALT1,chr2,167318829,7.737,0.000468457,hom,1
HG02699,B3GALT1,chr2,167322226,0.31,0.00281074,hom,1
HG02699,B3GALT1,chr2,167360344,8.645,0.00281074,hom,1
HG02699,B3GALT1,chr2,167489562,9.495,0.00109307,hom,1
HG02699,B3GALT1,chr2,167490848,3.216,0.000312305,het,1
HG02699,B3GALT1,chr2,167506655,0.905,0.0032792,hom,1
HG02699,B3GALT1,chr2,167507122,3.098,0.00109307,hom,1
HG02699,B3GALT1,chr2,167513401,3.573,0.00343535,hom,1
HG02699,B3GALT1,chr2,167550316,0.861,0.0032792,hom,1
HG02699,B3GALT1,chr2,167623758,1.375,0.00530918,hom,1
HG02699,B3GALT1,chr2,167625469,1.23,0.00733916,hom,1
HG02699,B3GALT1,chr2,167625687,7.519,0.00530918,hom,1
HG02699,B3GALT1,chr2,167626968,0.137,0.00671455,hom,1
HG02699,B3GALT1,chr2,167696066,1.432,0.0095253,hom,1
HG02699,B3GALT1,chr2,167745402,4.827,0.00234229,hom,1
HG02699,B3GALT1,chr2,167750395,0.483,0.00234229,hom,1
HG02699,B3GALT1,chr2,167791779,11.01,0.00202998,hom,1
HG02699,B3GALT1-AS1,chr2,167870465,2.544,0.00234229,hom,1
HG02699,B3GALT1-AS1,chr2,167882185,1.169,0.00530918,hom,1
HG02699,B3GALT1-AS1,chr2,167908453,2.286,0.00312305,hom,1
HG02699,STK39,chr2,167983287,0.783,0.0032792,hom,1
HG02699,STK39,chr2,168151279,4.62,0.00874454,hom,1
HG02699,STK39,chr2,168151692,1.112,0.00858838,hom,1
HG02699,STK39,chr2,168223786,2.127,0.00374766,hom,1
HG02699,CERS6,chr2,168458074,7.793,0.00390381,hom,1
HG02699,NOSTRIN,chr2,168800906,2.299,0.0029669,het,2
HG02699,NOSTRIN,chr2,168824173,3.356,0.00124922,hom,1
HG02699,NOSTRIN,chr2,168854349,0.252,0.00124922,hom,1
HG02699,ABCB11,chr2,168936049,2.845,0.00234229,hom,2
HG02699,IFT172,chr2,27458246,12.35,0.00124922,hom,5
HG02734,LINC00954,chr2,19869247,2.614,0.00156152,hom,2
HG02734,WDR35,chr2,19962650,9.894,0.00109307,hom,1
HG02734,LAPTM4A-DT,chr2,20053468,6.652,0.00312305,hom,1
HG02734,LAPTM4A-DT,chr2,20075648,0.922,0.00312305,hom,1
HG02734,PUM2,chr2,20258692,3.736,0.000780762,hom,1
HG02734,PUM2,chr2,20323948,2.374,0.000780762,hom,1
HG02734,HS1BP3,chr2,20634699,2.517,0.00733916,hom,2
HG02734,LDAH,chr2,20786311,2.724,0.00890069,hom,1
HG02734,LDAH,chr2,20787239,8.771,0.00187383,hom,1
HG02734,APOB,chr2,21038974,3.309,0.0062461,hom,2
HG02734,KHK,chr2,27097962,3.097,0.00702686,hom,2
HG02734,PREB,chr2,27134005,8.135,0.000780762,hom,2
HG02734,SLC5A6,chr2,27203009,0.339,0.00390381,hom,1
HG02734,SLC5A6,chr2,27209019,3.416,0.00343535,hom,2
HG02734,IFT172,chr2,27465323,6.683,0.000780762,hom,1
HG02734,GCKR,chr2,27498613,7.386,0.00249844,hom,1
HG02734,GCKR,chr2,27511617,2.121,0.00390381,hom,1
HG02734,SPATA31H1,chr2,27539944,4.967,0.00124922,het,1
HG02734,SPATA31H1,chr2,27557764,3.745,0.00593379,het,1
HG02734,ZNF512,chr2,27604883,2.904,0.00156152,hom,1
HG02734,SLC4A1AP,chr2,27684288,0.31,0.00156152,hom,1
HG02734,SLC4A1AP,chr2,27689898,0.03,0.00281074,hom,1
HG02734,LOC105374378,chr2,27719893,0.096,0.00390381,hom,2
HG02734,MRPL33,chr2,27776639,8.498,0.00390381,hom,2
HG02734,LOC100505736,chr2,28173444,0.151,0.00405996,hom,1
HG02734,LOC100505736,chr2,28178150,7.268,0.00156152,hom,1
HG02734,LOC100505736,chr2,28179348,0.837,0.00405996,hom,1
HG02734,LOC100505736,chr2,28206728,12.29,0.00343535,hom,1
HG02734,PLB1,chr2,28542404,1.369,0.00218613,hom,1
HG02734,PLB1,chr2,28598938,0.704,0.00062461,hom,1
HG02734,PCARE,chr2,29071387,1.003,0.00218613,hom,1
HG02734,CLIP4,chr2,29156244,8.585,0.000468457,hom,1
HG02734,ALK,chr2,29355636,19.5,0.000468457,hom,1
HG02734,ALK,chr2,29394252,0.158,0.00343535,hom,1
HG02734,LCLAT1,chr2,30556026,4.434,0.00109307,hom,1
HG02734,LCLAT1,chr2,30559615,0.219,0.000468457,hom,1
HG02734,LCLAT1,chr2,30563174,1.658,0.00062461,hom,1
HG02734,LCLAT1,chr2,30571584,5.891,0.00062461,hom,1
HG02734,LCLAT1,chr2,30643945,0.066,0.000468457,hom,1
HG02734,CAPN13,chr2,30732833,0.375,0.00608994,hom,1
HG02734,GALNT14,chr2,30959784,7.37,0.000468457,hom,1
HG02734,GALNT14,chr2,30964392,1.012,0.000780762,hom,1
HG02734,GALNT14,chr2,30985751,2.253,0.000312305,het,1
HG02734,GALNT14,chr2,31038114,5.951,0.00640225,het,1
HG02734,GALNT14,chr2,31038116,4.758,0.00780762,het,1
HG02734,GALNT14,chr2,31090860,8.692,0.00265459,hom,1
HG02734,GALNT14,chr2,31104026,2.214,0.0062461,hom,1
HG02734,XDH,chr2,31336855,1.777,0.00062461,het,1
HG02734,XDH,chr2,31363936,0.548,0.00780762,hom,1
HG02734,MEMO1,chr2,31885346,5.45,0.00156152,hom,1
HG02734,DPY30,chr2,32015618,0.328,0.000468457,hom,1
HG02734,BIRC6,chr2,32485251,0.025,0.000468457,hom,1
HG02734,LTBP1,chr2,32986643,2.583,0.000468457,hom,1
HG02734,LTBP1,chr2,33016085,0.176,0.000468457,hom,1
HG02734,LTBP1,chr2,33025279,0.855,0.00171768,hom,1
HG02734,LTBP1,chr2,33074601,1.975,0.00124922,hom,1
HG02734,LTBP1,chr2,33105393,0.091,0.000936914,hom,1
HG02734,LTBP1,chr2,33115328,3.076,0.00124922,het,1
HG02734,LTBP1,chr2,33348371,0.009,0.000468457,hom,1
HG02734,LTBP1,chr2,33382158,0.417,0.000468457,hom,1
HG02734,RASGRP3,chr2,33483891,1.309,0.000468457,hom,2
HG02734,RASGRP3,chr2,33536322,1.877,0.00468457,hom,1
HG02734,RASGRP3-AS1,chr2,33568966,7.693,0.000936914,hom,2
HG02734,LINC01317,chr2,33711106,1.282,0.00062461,hom,1
HG02734,CRIM1,chr2,36391184,2.874,0.00109307,hom,1
HG02734,CRIM1,chr2,36456327,0.005,0.00437227,hom,1
HG02734,CRIM1,chr2,36528686,6.698,0.00562149,hom,2
HG02734,FEZ2,chr2,36555638,6.31,0.00546533,hom,2
HG02734,FEZ2,chr2,36564822,0.857,0.00562149,hom,1
HG02734,FEZ2,chr2,36583188,6.795,0.00530918,hom,1
HG02734,VIT,chr2,36699531,1.113,0.00780762,hom,1
HG02734,VIT,chr2,36703030,1.753,0.00343535,hom,1
HG02734,VIT,chr2,36731488,6.487,0.000468457,hom,1
HG02734,VIT,chr2,36741606,22.1,0.00234229,hom,1
HG02734,VIT,chr2,36761371,1.453,0.000780762,hom,1
HG02734,VIT,chr2,36787969,0.265,0.00452842,hom,1
HG02734,VIT,chr2,36804963,1.174,0.00437227,hom,1
HG02734,STRN,chr2,36875996,1.937,0.00140537,hom,1
HG02734,HEATR5B,chr2,36994803,1.967,0.00562149,hom,1
HG02734,HEATR5B,chr2,37058617,6.801,0.00530918,hom,1
HG02734,GPATCH11,chr2,37091470,0.137,0.00499688,hom,1
HG02734,EIF2AK2,chr2,37136411,7.483,0.00546533,hom,1
HG02734,CEBPZ,chr2,37206704,6.317,0.00405996,hom,2
HG02734,CEBPZ,chr2,37229114,11.56,0.000468457,hom,1
HG02734,NDUFAF7,chr2,37239120,2.487,0.00312305,hom,1
HG02734,PRKD3,chr2,37303150,3.185,0.000468457,hom,1
HG02734,QPCT,chr2,37353820,1.076,0.00405996,hom,1
HG02734,QPCT,chr2,37362221,3.499,0.00124922,hom,2
HG02734,LINC03063,chr2,37567788,4.409,0.00405996,hom,1
HG02734,LINC03063,chr2,37603273,6.296,0.00171768,hom,1
HG02734,CDC42EP3,chr2,37649111,5.881,0.000468457,hom,2
HG02734,CDC42EP3,chr2,37663360,2.29,0.00140537,hom,2
HG02734,PIRAT1,chr2,37836344,5.222,0.000468457,hom,1
HG02734,PIRAT1,chr2,37872096,12.74,0.00234229,hom,1
HG02734,RMDN2,chr2,37932508,2.452,0.00780762,hom,1
HG02734,ATL2,chr2,38348242,1.937,0.00202998,hom,1
HG02734,GALM,chr2,38685260,1.971,0.0029669,hom,1
HG02734,GALM,chr2,38691393,0.604,0.00546533,hom,1
HG02734,GALM,chr2,38733869,10.43,0.00265459,hom,1
HG02734,GEMIN6,chr2,38781212,0.932,0.000936914,hom,1
HG02734,DHX57,chr2,38828736,0.126,0.000780762,hom,1
HG02734,SOS1,chr2,39116437,0.219,0.00437227,hom,1
HG02734,MAP4K3,chr2,39303016,1.707,0.000936914,hom,1
HG02734,MAP4K3,chr2,39342739,0.243,0.00062461,hom,1
HG02734,MAP4K3,chr2,39358094,4.352,0.00796377,hom,1
HG02734,MAP4K3,chr2,39374539,1.14,0.00062461,hom,1
HG02734,MAP4K3,chr2,39409634,3.649,0.00843223,hom,1
HG02734,MAP4K3-DT,chr2,39443455,1.614,0.00062461,hom,1
HG02734,MAP4K3-DT,chr2,39466944,2.484,0.00062461,hom,1
HG02734,MAP4K3-DT,chr2,39596838,0.935,0.00234229,hom,1
HG02734,TMEM178A,chr2,39711648,0.969,0.00374766,hom,1
HG02734,SLC8A1-AS1,chr2,39961807,4.267,0.000780762,hom,1
HG02734,SLC8A1-AS1,chr2,39985207,2.329,0.000780762,hom,1
HG02734,SLC8A1-AS1,chr2,39995822,1.312,0.00062461,hom,1
HG02734,SLC8A1-AS1,chr2,40028064,9.533,0.00140537,hom,1
HG02734,SLC8A1-AS1,chr2,40079474,2.124,0.00452842,hom,1
HG02734,SLC8A1-AS1,chr2,40086801,1.711,0.0098376,hom,1
HG02734,SLC8A1-AS1,chr2,40096565,6.481,0.000468457,hom,2
HG02734,SLC8A1,chr2,40106486,0.531,0.00343535,hom,1
HG02734,SLC8A1,chr2,40169992,2.024,0.00202998,hom,1
HG02734,SLC8A1,chr2,40292589,11.46,0.000936914,hom,1
HG02734,SLC8A1,chr2,40306122,0.019,0.00171768,hom,1
HG02734,SLC8A1,chr2,40307509,0.672,0.000936914,hom,1
HG02734,SLC8A1,chr2,40351118,1.193,0.00124922,hom,2
HG02734,SLC8A1,chr2,40364516,1.876,0.00249844,hom,1
HG02734,SLC8A1,chr2,40477498,0.622,0.0029669,hom,1
HG02734,LINC01794,chr2,40764928,12.64,0.00530918,hom,1
HG02734,LINC02898,chr2,41940613,0.335,0.00843223,hom,2
HG02734,EML4,chr2,42185056,3.692,0.00359151,hom,1
HG02734,EML4,chr2,42187652,0.823,0.00905684,hom,1
HG02734,EML4,chr2,42251116,1.327,0.00062461,hom,2
HG02734,EML4,chr2,42322332,9.963,0.000468457,hom,2
HG02734,EML4,chr2,42327891,0.523,0.000468457,hom,1
HG02734,COX7A2L,chr2,42354561,1.564,0.00374766,hom,1
HG02734,COX7A2L,chr2,42363015,0.749,0.00374766,hom,2
HG02734,KCNG3,chr2,42443762,4.258,0.00062461,hom,1
HG02734,KCNG3,chr2,42478259,0.511,0.00390381,hom,1
HG02734,MTA3,chr2,42591990,0.389,0.00062461,hom,1
HG02734,MTA3,chr2,42605929,4.105,0.00405996,het,1
HG02734,MTA3,chr2,42652188,0.993,0.00062461,hom,1
HG02734,MTA3,chr2,42700121,0.182,0.000936914,hom,1
HG02734,MTA3,chr2,42720564,2.144,0.00780762,hom,1
HG02734,MTA3,chr2,42728039,9.888,0.00437227,hom,1
HG02734,HAAO,chr2,42787638,6.817,0.00249844,hom,2
HG02734,THADA,chr2,43238432,4.382,0.000468457,hom,1
HG02734,THADA,chr2,43243645,2.915,0.00593379,hom,1
HG02734,THADA,chr2,43342511,0.842,0.000468457,hom,2
HG02734,THADA,chr2,43371186,0.033,0.00671455,hom,1
HG02734,THADA,chr2,43445916,5.944,0.00249844,hom,2
HG02734,THADA,chr2,43451926,1.392,0.00062461,hom,2
HG02734,THADA,chr2,43475202,1.633,0.00281074,hom,1
HG02734,THADA,chr2,43544306,1.818,0.00608994,hom,1
HG02734,THADA,chr2,43544307,0.688,0.00608994,hom,1
HG02734,ABCG5,chr2,43814925,8.621,0.000468457,hom,2
HG02734,ABCG8,chr2,43850010,2.843,0.00249844,hom,1
HG02734,LRPPRC,chr2,43886639,5.051,0.0029669,hom,2
HG02734,LRPPRC,chr2,43928295,0.742,0.00968145,hom,1
HG02734,LRPPRC,chr2,43933257,0.527,0.000468457,hom,1
HG02734,LRPPRC,chr2,43970287,13.37,0.000468457,hom,1
HG02734,LRPPRC,chr2,43989309,0.293,0.000468457,hom,1
HG02734,PPM1B,chr2,44179774,2.166,0.00234229,hom,1
HG02734,PREPL,chr2,44324804,11.82,0.00374766,hom,2
HG02734,CAMKMT,chr2,44374511,2.842,0.000468457,hom,1
HG02734,CAMKMT,chr2,44512732,7.133,0.000468457,hom,1
HG02734,CAMKMT,chr2,44632822,1.449,0.00265459,hom,2
HG02734,CAMKMT,chr2,44640239,8.626,0.0029669,hom,1
HG02734,CAMKMT,chr2,44741099,3.454,0.00499688,hom,1
HG02734,CAMKMT,chr2,44749085,4.809,0.00312305,hom,1
HG02734,CAMKMT,chr2,44752066,1.869,0.00312305,hom,1
HG02734,CAMKMT,chr2,44767233,4.193,0.00312305,hom,1
HG02734,ARHGAP15,chr2,143412418,5.005,0.000468457,hom,1
HG02734,ARHGAP15,chr2,143423546,1.454,0.00109307,hom,1
HG02734,ARHGAP15,chr2,143664351,2.776,0.00109307,hom,1
HG02734,ARHGAP15,chr2,143666385,0.387,0.00156152,hom,1
HG02734,ARHGAP15,chr2,143666389,0.236,0.00171768,hom,1
HG02734,ARHGAP15,chr2,143674945,2.664,0.000780762,hom,1
HG02734,ARHGAP15,chr2,143691809,15.23,0.000780762,hom,1
HG02734,ARHGAP15,chr2,143723691,6.683,0.00608994,hom,1
HG02734,ARHGAP15,chr2,143735053,12.91,0.000780762,hom,1
HG02734,ARHGAP15,chr2,143749721,13.01,0.00811992,hom,1
HG02734,ARHGAP15,chr2,143751575,0.296,0.00811992,hom,1
HG02734,ARHGAP15,chr2,143752067,3.34,0.00811992,hom,1
HG02734,ARHGAP15,chr2,143752532,0.225,0.00811992,hom,1
HG02734,ARHGAP15,chr2,143762060,0.968,0.00780762,hom,2
HG02734,QTMAN,chr2,143981638,17.99,0.000468457,hom,1
HG02734,QTMAN,chr2,143986294,0.391,0.00062461,hom,1
HG02734,QTMAN,chr2,143991008,0.764,0.000468457,hom,1
HG02734,QTMAN,chr2,143991532,6.767,0.00811992,hom,1
HG02734,QTMAN,chr2,144142957,0.35,0.00999375,hom,1
HG02734,ZEB2,chr2,144414378,2.579,0.000936914,hom,1
HG02734,TEX41,chr2,144777405,1.916,0.00530918,hom,1
HG02734,TEX41,chr2,144840961,5.001,0.000468457,hom,1
HG02734,TEX41,chr2,144910073,11.49,0.00421611,hom,1
HG02734,ORC4,chr2,147962867,0.631,0.000468457,hom,1
HG02734,MBD5,chr2,148050527,4.466,0.00234229,hom,2
HG02734,MBD5,chr2,148096590,5.292,0.00234229,hom,1
HG02734,MBD5,chr2,148256986,3.819,0.000468457,hom,2
HG02734,MBD5,chr2,148282201,1.125,0.00249844,hom,2
HG02734,MBD5,chr2,148348870,3.229,0.000468457,hom,1
HG02734,MBD5,chr2,148368026,0.969,0.000468457,hom,1
HG02734,EPC2,chr2,148681012,9.443,0.000468457,hom,1
HG02734,EPC2,chr2,148756201,1.264,0.000468457,hom,2
HG02734,LYPD6B,chr2,149106805,0.421,0.00921299,hom,1
HG02734,LYPD6B,chr2,149189357,3.647,0.0032792,hom,2
HG02734,MMADHC,chr2,149579353,1.785,0.000468457,hom,1
HG02734,MMADHC-DT,chr2,149748145,5.403,0.00062461,hom,1
HG02734,LINC01931,chr2,149774622,0.082,0.000468457,hom,1
HG02734,LINC01931,chr2,149822461,1.521,0.00171768,hom,1
HG02734,LINC01817,chr2,150248403,4.315,0.00499688,hom,1
HG02734,LOC101929319,chr2,151338947,5.381,0.00062461,hom,2
HG02734,CACNB4,chr2,151845763,3.108,0.00827608,hom,1
HG02734,CACNB4,chr2,151923727,1.319,0.000468457,hom,1
HG02734,CACNB4,chr2,151931680,11.73,0.00187383,hom,1
HG02734,CACNB4,chr2,151994353,0.821,0.000468457,hom,1
HG02734,CACNB4,chr2,152012043,4.616,0.00671455,hom,1
HG02734,STAM2,chr2,152138216,3.325,0.000468457,hom,1
HG02734,STAM2,chr2,152139380,8.55,0.000312305,het,1
HG02734,STAM2,chr2,152160841,6.289,0.000468457,hom,1
HG02734,PRPF40A,chr2,152673167,2.592,0.00499688,hom,1
HG02734,GALNT13,chr2,153087874,2.261,0.000780762,hom,2
HG02734,GALNT13,chr2,153120008,12.46,0.00890069,hom,2
HG02734,GALNT13,chr2,153128060,0.728,0.00905684,hom,2
HG02734,GALNT13,chr2,153139292,6.949,0.0062461,hom,2
HG02734,GALNT13,chr2,153154177,1.581,0.000468457,hom,2
HG02734,GALNT13,chr2,153206271,2.759,0.000780762,hom,2
HG02734,GALNT13,chr2,153231562,1.299,0.000780762,hom,2
HG02734,GALNT13,chr2,153263621,3.702,0.000780762,hom,2
HG02734,GALNT13,chr2,153271966,4.67,0.000780762,hom,2
HG02734,GALNT13,chr2,153278735,1.648,0.000780762,hom,2
HG02734,GALNT13,chr2,153281815,5.348,0.000468457,hom,2
HG02734,GALNT13,chr2,153292053,4.813,0.00827608,hom,2
HG02734,GALNT13,chr2,153316396,4.423,0.00124922,hom,2
HG02734,GALNT13,chr2,153331106,7.989,0.00109307,hom,2
HG02734,GALNT13,chr2,153341088,5.403,0.00109307,hom,1
HG02734,GALNT13,chr2,153346036,0.853,0.000468457,hom,1
HG02734,GALNT13,chr2,153366701,2.231,0.000468457,hom,2
HG02734,GALNT13,chr2,153391961,1.809,0.00109307,hom,2
HG02734,GALNT13,chr2,153403043,2.688,0.00109307,hom,2
HG02734,GALNT13,chr2,153475505,0.802,0.00109307,hom,2
HG02734,GALNT13-AS1,chr2,154455036,13.92,0.00062461,hom,1
HG02734,KCNJ3,chr2,154720178,3.175,0.000468457,hom,1
HG02734,KCNJ3,chr2,154787191,0.436,0.000468457,hom,1
HG02734,KCNJ3,chr2,154799609,4.596,0.00577764,hom,1
HG02734,LINC01876,chr2,156234134,9.07,0.00234229,het,1
HG02734,LINC01876,chr2,156235220,0.082,0.000468457,hom,1
HG02734,FLJ46875,chr2,156339501,3.873,0.000468457,hom,1
HG02734,GPD2,chr2,156453377,8.921,0.00905684,hom,1
HG02734,GPD2,chr2,156532682,0.026,0.00577764,hom,1
HG02734,GPD2,chr2,156567394,0.545,0.000468457,hom,1
HG02734,GPD2,chr2,156581692,0.48,0.00890069,hom,1
HG02734,ERMN,chr2,157327609,1.078,0.00999375,hom,2
HG02734,ACVR1C,chr2,157565073,3.034,0.000468457,hom,1
HG02734,ACVR1,chr2,157742857,0.184,0.00546533,hom,1
HG02734,ACVR1,chr2,157810800,0.448,0.00421611,hom,1
HG02734,ACVR1,chr2,157825565,3.414,0.00468457,hom,2
HG02734,ACVR1,chr2,157871876,13.06,0.00546533,hom,2
HG02734,CCDC148,chr2,158242651,2.439,0.000468457,hom,1
HG02734,CCDC148,chr2,158309115,3.046,0.000468457,hom,1
HG02734,CCDC148,chr2,158349766,12.08,0.00687071,hom,1
HG02734,CCDC148,chr2,158353865,2.907,0.00140537,hom,1
HG02734,CCDC148,chr2,158454640,1.786,0.00109307,hom,1
HG02734,PKP4,chr2,158469404,7.424,0.000468457,hom,1
HG02734,PKP4,chr2,158481769,11.94,0.000780762,hom,1
HG02734,PKP4,chr2,158524357,1.94,0.00968145,hom,1
HG02734,PKP4,chr2,158629300,1.577,0.000468457,hom,2
HG02734,PKP4,chr2,158642758,6.052,0.00156152,hom,1
HG02734,PKP4-AS1,chr2,158687054,0.067,0.00109307,hom,1
HG02734,DAPL1,chr2,158802194,14.43,0.000468457,hom,1
HG02734,TANC1,chr2,158990776,6.245,0.000468457,hom,1
HG02734,TANC1,chr2,159021800,0.401,0.00827608,hom,1
HG02734,TANC1,chr2,159041747,2.237,0.000468457,hom,1
HG02734,TANC1,chr2,159130044,1.429,0.00780762,hom,1
HG02734,TANC1,chr2,159168202,0.12,0.00968145,hom,1
HG02734,TANC1,chr2,159172182,16.12,0.00921299,hom,1
HG02734,TANC1,chr2,159179444,5.141,0.000468457,hom,1
HG02734,WDSUB1,chr2,159240420,1.676,0.000468457,hom,1
HG02734,WDSUB1,chr2,159254946,1.716,0.000468457,hom,1
HG02734,WDSUB1,chr2,159283423,4.652,0.000468457,hom,1
HG02734,BAZ2B,chr2,159357130,0.036,0.000468457,hom,1
HG02734,BAZ2B,chr2,159465262,4.588,0.000468457,hom,1
HG02734,LY75,chr2,159871514,2.411,0.000468457,hom,1
HG02734,PLA2R1,chr2,159978575,2.737,0.00499688,hom,1
HG02734,ITGB6,chr2,160169707,5.409,0.00156152,hom,1
HG02734,TANK-AS1,chr2,161097628,8.809,0.000468457,hom,1
HG02734,TANK-AS1,chr2,161099333,1.244,0.00062461,hom,1
HG02734,TANK-AS1,chr2,161099336,0.976,0.00062461,hom,1
HG02734,TANK-AS1,chr2,161099341,0.813,0.00062461,hom,1
HG02734,TANK,chr2,161166890,8.975,0.00124922,hom,1
HG02734,TANK,chr2,161167211,1.528,0.000468457,hom,1
HG02734,PSMD14,chr2,161312759,12.89,0.00265459,hom,2
HG02734,PSMD14,chr2,161405042,6.15,0.00593379,hom,1
HG02734,SLC4A10,chr2,161646927,13.28,0.00281074,hom,1
HG02734,SLC4A10,chr2,161697667,2.072,0.000468457,hom,1
HG02734,SLC4A10,chr2,161718456,5.449,0.00733916,hom,1
HG02734,SLC4A10,chr2,161748134,0.699,0.000468457,hom,1
HG02734,SLC4A10,chr2,161751102,8.601,0.00765147,hom,1
HG02734,SLC4A10,chr2,161764089,1.4,0.00765147,hom,1
HG02734,SLC4A10,chr2,161767129,3.104,0.00749532,hom,1
HG02734,SLC4A10,chr2,161767131,2.96,0.00921299,hom,1
HG02734,SLC4A10,chr2,161796234,11.55,0.000468457,hom,1
HG02734,SLC4A10,chr2,161824473,4.43,0.000936914,hom,1
HG02734,SLC4A10,chr2,161958047,0.998,0.00281074,hom,1
HG02734,DPP4,chr2,162029532,0.882,0.0065584,hom,1
HG02734,DPP4,chr2,162059724,6.632,0.00187383,hom,2
HG02734,FAP,chr2,162191331,3.634,0.0029669,hom,1
HG02734,IFIH1,chr2,162301897,0.454,0.000468457,hom,2
HG02734,GCA,chr2,162344104,8.937,0.000468457,hom,2
HG02734,GCA,chr2,162361486,7.536,0.000468457,hom,1
HG02734,KCNH7,chr2,162437057,3.347,0.00390381,hom,1
HG02734,KCNH7,chr2,162502556,0.18,0.00437227,hom,1
HG02734,KCNH7,chr2,162559021,0.449,0.00499688,hom,1
HG02734,KCNH7,chr2,162661961,2.939,0.00187383,hom,1
HG02734,KCNH7,chr2,162662979,9.826,0.00249844,hom,1
HG02734,KCNH7,chr2,162700470,0.311,0.000468457,hom,1
HG02734,KCNH7,chr2,162705851,11.19,0.00468457,hom,1
HG02734,KCNH7-AS1,chr2,162795562,0.181,0.00062461,hom,2
HG02734,FIGN,chr2,163637533,3.538,0.000468457,hom,1
HG02734,FIGN,chr2,163719821,1.006,0.00359151,hom,1
HG02734,FIGN,chr2,163720407,5.71,0.00359151,hom,1
HG02734,FIGN,chr2,163727552,5.254,0.00359151,hom,1
HG02734,GRB14,chr2,164546503,2.631,0.000468457,hom,1
HG02734,GRB14,chr2,164554912,0.358,0.00484072,hom,1
HG02734,GRB14,chr2,164591781,0.035,0.000468457,hom,1
HG02734,GRB14,chr2,164604355,1.209,0.00468457,hom,1
HG02734,SLC38A11,chr2,164914752,3.374,0.00218613,hom,1
HG02734,SCN3A,chr2,165099012,0.104,0.000936914,hom,1
HG02734,SCN3A,chr2,165112063,11.28,0.00062461,hom,1
HG02734,SCN3A,chr2,165154065,3.737,0.000936914,hom,1
HG02734,SCN2A,chr2,165326022,5.037,0.00905684,hom,1
HG02734,SCN2A,chr2,165368135,2.106,0.00905684,hom,2
HG02734,CSRNP3,chr2,165474055,1.412,0.00437227,hom,1
HG02734,ZNF513,chr2,27380226,16.05,0.00062461,hom,5
HG02736,ZNF514,chr2,95156878,2.281,0.00608994,het,1
HG02736,ZNF892,chr2,95207810,11.94,0.00156152,het,2
HG02736,PROM2,chr2,95279260,1.484,0.00156152,het,1
HG02736,PROM2,chr2,95286455,1.261,0.000312305,het,1
HG02736,LINC00342,chr2,95817681,3.676,0.00562149,het,1
HG02736,ANKRD36C,chr2,95883747,0.273,0.00140537,het,1
HG02736,ANKRD36C,chr2,95889074,1.729,0.000468457,het,1
HG02736,ANKRD36C,chr2,95889186,2.186,0.00140537,het,1
HG02736,ANKRD36C,chr2,95955691,0.41,0.00109307,het,1
HG02736,ANKRD36C,chr2,95955701,3.421,0.00109307,het,1
HG02736,ANKRD36C,chr2,95955708,1.528,0.00109307,het,1
HG02736,ANKRD36C,chr2,95955756,0.732,0.00234229,het,1
HG02736,ANKRD36C,chr2,95956087,6.938,0.00874454,het,1
HG02736,ANKRD36C,chr2,95956102,0.683,0.00905684,het,1
HG02736,ANKRD36C,chr2,95956755,0.55,0.00140537,het,1
HG02736,FAHD2CP,chr2,96017826,0.604,0.00359151,het,1
HG02736,ASTL,chr2,96133430,21.1,0.00156152,het,1
HG02736,ASTL,chr2,96136901,2.017,0.00405996,het,1
HG02736,STARD7,chr2,96197939,2.041,0.00171768,het,1
HG02736,TMEM127,chr2,96258934,0.574,0.00187383,het,1
HG02736,SNRNP200,chr2,96277190,21.4,0.00452842,het,2
HG02736,NCAPH,chr2,96338128,0.613,0.00765147,het,1
HG02736,NCAPH,chr2,96349765,0.698,0.00811992,het,1
HG02736,NCAPH,chr2,96368698,1.228,0.00718301,het,1
HG02736,NEURL3,chr2,96507359,1.059,0.00718301,het,2
HG02736,KANSL3,chr2,96611628,0.099,0.00671455,het,1
HG02736,KANSL3,chr2,96629935,0.678,0.00671455,het,1
HG02736,FER1L5,chr2,96681612,4.658,0.00202998,het,1
HG02736,FER1L5,chr2,96684370,0.047,0.00156152,het,1
HG02736,CNNM3,chr2,96827280,2.311,0.00608994,het,1
HG02736,FAM178B,chr2,96903109,1.341,0.00515303,het,1
HG02736,ANKRD36B,chr2,97578014,9.471,0.000468457,het,1
HG02736,VWA3B,chr2,98112659,2.074,0.00718301,het,1
HG02736,VWA3B,chr2,98201023,1.738,0.00530918,hom,1
HG02736,VWA3B,chr2,98279040,2.116,0.00608994,hom,1
HG02736,VWA3B,chr2,98279733,3.805,0.00187383,hom,1
HG02736,CNGA3,chr2,98355565,3.494,0.00156152,hom,1
HG02736,CNGA3,chr2,98377053,5.958,0.000468457,het,1
HG02736,CNNM4,chr2,96783291,12.32,0.000780762,hom,5
HG02786,ZNF385B,chr2,179613622,5.923,0.0032792,hom,1
HG02786,ZNF385B,chr2,179617063,8.399,0.0062461,hom,1
HG02786,ZNF385B,chr2,179620283,2.476,0.0032792,hom,1
HG02786,ZNF385B,chr2,179624010,6.903,0.0062461,hom,1
HG02786,ZNF385B,chr2,179626483,12.22,0.0062461,hom,1
HG02786,ZNF385B,chr2,179628601,5.617,0.0062461,hom,1
HG02786,ZNF385B,chr2,179633123,3.725,0.0032792,hom,1
HG02786,ZNF385B,chr2,179635520,6.364,0.00312305,hom,1
HG02786,ZNF385B,chr2,179636525,3.009,0.00234229,hom,1
HG02786,ZNF385B,chr2,179643364,5.117,0.00468457,hom,1
HG02786,ZNF385B,chr2,179644000,3.053,0.00452842,hom,1
HG02786,ZNF385B,chr2,179650683,0.056,0.00874454,hom,1
HG02786,ZNF385B,chr2,179651939,0.399,0.00265459,hom,1
HG02786,ZNF385B,chr2,179652166,3.664,0.00874454,hom,1
HG02786,ZNF385B,chr2,179656255,0.403,0.00858838,hom,1
HG02786,ZNF385B,chr2,179656729,1.619,0.00265459,hom,1
HG02786,ZNF385B,chr2,179663429,1.092,0.00858838,hom,1
HG02786,ZNF385B,chr2,179664532,2.613,0.00265459,hom,1
HG02786,ZNF385B,chr2,179664835,6.976,0.00858838,hom,1
HG02786,ZNF385B,chr2,179667444,0.911,0.00858838,hom,1
HG02786,ZNF385B,chr2,179673615,0.923,0.00874454,hom,1
HG02786,ZNF385B,chr2,179674101,4.861,0.00265459,hom,1
HG02786,ZNF385B,chr2,179676379,0.37,0.00874454,hom,1
HG02786,ZNF385B,chr2,179677806,0.079,0.00890069,hom,1
HG02786,ZNF385B,chr2,179679183,0.713,0.00921299,hom,1
HG02786,ZNF385B,chr2,179683105,4.041,0.00843223,hom,1
HG02786,ZNF385B,chr2,179683371,1.62,0.00265459,hom,1
HG02786,ZNF385B,chr2,179685325,20.9,0.00234229,hom,1
HG02786,ZNF385B,chr2,179685689,1.935,0.00811992,hom,1
HG02786,ZNF385B,chr2,179685833,2.842,0.00811992,hom,1
HG02786,ZNF385B,chr2,179691961,2.481,0.00234229,hom,1
HG02786,ZNF385B,chr2,179711208,2.369,0.0062461,hom,1
HG02786,ZNF385B,chr2,179713357,1.365,0.00562149,hom,1
HG02786,ZNF385B,chr2,179748750,5.729,0.00171768,hom,1
HG02786,ZNF385B,chr2,179752320,4.707,0.00234229,hom,1
HG02786,ZNF385B,chr2,179756316,0.465,0.00156152,hom,1
HG02786,ZNF385B,chr2,179809134,5.711,0.0029669,hom,1
HG02786,ZNF385B,chr2,179835600,0.769,0.00187383,hom,1
HG02786,CWC22,chr2,180003019,0.047,0.00187383,hom,1
HG02786,SCHLAP1,chr2,180859790,0.236,0.00140537,hom,1
HG02786,UBE2E3,chr2,181005296,2.724,0.00827608,hom,1
HG02786,UBE2E3,chr2,181007449,1.692,0.00843223,hom,1
HG02786,UBE2E3,chr2,181058749,0.627,0.00843223,hom,1
HG02786,LINC01934,chr2,181221629,2.301,0.00780762,hom,1
HG02786,LINC01934,chr2,181265207,1.003,0.00843223,hom,1
HG02786,LINC01934,chr2,181265307,0.976,0.00796377,hom,1
HG02786,ITGA4,chr2,181464224,3.687,0.00171768,hom,1
HG02786,CERKL,chr2,181565480,6.293,0.00484072,hom,1
HG02786,CERKL,chr2,181634414,19.59,0.0062461,hom,1
HG02786,ITPRID2,chr2,181892204,12.1,0.00202998,hom,2
HG02786,ITPRID2,chr2,181919776,3.764,0.00499688,hom,1
HG02786,ITPRID2,chr2,181929867,11.96,0.00702686,hom,1
HG02786,PPP1R1C,chr2,182114816,7.116,0.00671455,hom,1
HG02786,PDE1A,chr2,182157998,2.08,0.00811992,hom,1
HG02786,PDE1A,chr2,182189720,6.112,0.00749532,hom,1
HG02786,PDE1A,chr2,182247968,2.845,0.00811992,hom,1
HG02786,PDE1A,chr2,182266737,1.302,0.00343535,hom,1
HG02786,PDE1A,chr2,182304643,10.08,0.00171768,hom,1
HG02786,PDE1A,chr2,182321821,0.533,0.00749532,hom,1
HG02786,PDE1A,chr2,182344616,0.87,0.0062461,hom,1
HG02786,PDE1A,chr2,182354957,2.462,0.00234229,hom,1
HG02786,PDE1A,chr2,182363716,5.4,0.00671455,hom,1
HG02786,PDE1A,chr2,182380045,10.82,0.00156152,hom,1
HG02786,PDE1A,chr2,182386647,2.39,0.00671455,hom,1
HG02786,PDE1A,chr2,182389018,2.039,0.00671455,hom,1
HG02786,PDE1A,chr2,182477097,0.836,0.00156152,hom,1
HG02786,DNAJC10,chr2,182778794,2.014,0.0029669,hom,1
HG02786,FRZB,chr2,182844454,5.823,0.00452842,hom,1
HG02786,NUP35,chr2,183124222,1.065,0.00218613,hom,2
HG02786,NUP35,chr2,183124420,15.18,0.00421611,hom,2
HG02786,NUP35,chr2,183149597,8.881,0.00421611,hom,1
HG02786,ZNF804A,chr2,184635648,0.91,0.0029669,hom,1
HG02786,ZNF804A,chr2,184642885,2.712,0.00234229,hom,1
HG02786,ZNF804A,chr2,184718904,1.604,0.00312305,hom,1
HG02786,ZNF804A,chr2,184732994,1.278,0.0032792,hom,1
HG02786,ZNF804A,chr2,184750140,0.161,0.00234229,hom,1
HG02786,ZNF804A,chr2,184847615,0.242,0.00171768,hom,1
HG02786,ZNF804A,chr2,184874098,0.308,0.0032792,hom,1
HG02786,ITGAV,chr2,186674178,0.663,0.000312305,het,1
HG02786,FAM171B,chr2,186758754,1.016,0.00202998,hom,1
HG02786,CALCRL-AS1,chr2,187018549,0.221,0.00437227,hom,1
HG02786,CALCRL-AS1,chr2,187127280,3.188,0.00202998,hom,2
HG02786,CALCRL-AS1,chr2,187130588,0.587,0.00281074,hom,1
HG02786,CALCRL-AS1,chr2,187257132,1.058,0.00421611,hom,1
HG02786,CALCRL-AS1,chr2,187287381,2.847,0.00421611,hom,1
HG02786,CALCRL,chr2,187357724,2.458,0.00218613,hom,1
HG02786,CALCRL,chr2,187360096,3.71,0.00218613,hom,1
HG02786,TFPI,chr2,187465338,1.935,0.00202998,hom,1
HG02786,TFPI,chr2,187505335,0.608,0.00437227,hom,2
HG02786,TFPI,chr2,187507256,1.018,0.00484072,hom,1
HG02786,TFPI,chr2,187520016,2.178,0.00156152,hom,2
HG02786,TFPI,chr2,187524494,1.791,0.00202998,hom,1
HG02786,LINC01090,chr2,188170639,3.191,0.00811992,hom,1
HG02786,LINC01090,chr2,188233400,1.12,0.00187383,hom,1
HG02786,LINC01090,chr2,188234163,5.546,0.000468457,het,1
HG02786,LINC01090,chr2,188241341,2.543,0.00749532,hom,1
HG02786,LINC01090,chr2,188281153,0.91,0.000312305,het,2
HG02786,DIRC1,chr2,188735160,0.078,0.00156152,hom,1
HG02786,DIRC1,chr2,188744420,0.169,0.00140537,hom,1
HG02786,DIRC1,chr2,188749693,1.36,0.00156152,hom,1
HG02786,COL5A2,chr2,189055965,10.68,0.00156152,hom,1
HG02786,COL5A2,chr2,189089169,1.286,0.00156152,hom,2
HG02786,ANKAR,chr2,189682591,2.669,0.00187383,hom,1
HG02786,ORMDL1,chr2,189769370,0.328,0.00968145,hom,2
HG02786,PMS1,chr2,189807943,6.478,0.0098376,hom,1
HG02786,NEUROD1,chr2,181679377,11.89,0.00202998,hom,5
HG02788,PRKCE,chr2,45990094,1.855,0.00890069,het,1
HG02788,PRKCE,chr2,46016572,0.08,0.00374766,het,1
HG02788,PRKCE,chr2,46025396,7.876,0.00921299,het,1
HG02788,PRKCE,chr2,46035976,3.888,0.00187383,het,1
HG02788,PRKCE,chr2,46049259,0.231,0.00874454,het,1
HG02788,PRKCE,chr2,46051989,1.41,0.00202998,het,1
HG02788,PRKCE,chr2,46057630,0.886,0.00437227,het,2
HG02788,PRKCE,chr2,46126363,0.199,0.00390381,hom,1
HG02788,PRKCE,chr2,46178110,1.761,0.00390381,hom,1
HG02788,EPAS1,chr2,46319932,4.972,0.00546533,hom,1
HG02788,EPAS1,chr2,46321756,5.002,0.00530918,hom,1
HG02788,EPAS1,chr2,46345344,3.607,0.00484072,hom,2
HG02788,ATP6V1E2,chr2,46525069,0.641,0.00515303,hom,2
HG02788,SOCS5,chr2,46703206,3.071,0.00530918,hom,1
HG02788,SOCS5,chr2,46712491,4.939,0.00452842,hom,1
HG02788,MCFD2,chr2,46907569,7.468,0.00405996,hom,2
HG02788,TTC7A,chr2,47037728,1.337,0.00390381,hom,1
HG02788,TTC7A,chr2,47041919,0.927,0.00702686,hom,2
HG02788,STPG4,chr2,47115933,0.133,0.00733916,hom,1
HG02788,CALM2,chr2,47176295,4.995,0.0065584,hom,1
HG02788,EPCAM-DT,chr2,47208456,2.619,0.000312305,het,1
HG02788,EPCAM-DT,chr2,47275504,0.716,0.00405996,hom,1
HG02788,EPCAM-DT,chr2,47317948,0.892,0.00390381,hom,1
HG02788,EPCAM-DT,chr2,47321099,11.9,0.00390381,hom,1
HG02788,MSH2,chr2,47408584,5.508,0.000468457,het,1
HG02788,MSH2,chr2,47467734,0.431,0.00405996,hom,1
HG02788,MSH2,chr2,47479936,6.724,0.00390381,hom,1
HG02788,KCNK12,chr2,47521880,0.341,0.00530918,hom,1
HG02788,KCNK12,chr2,47523111,1.277,0.00921299,hom,1
HG02788,KCNK12,chr2,47526687,0.261,0.00530918,hom,1
HG02788,MSH6,chr2,47794761,3.604,0.00359151,hom,1
HG02788,FBXO11,chr2,47814235,2.273,0.00374766,hom,1
HG02788,FBXO11,chr2,47824852,5.361,0.00437227,hom,1
HG02788,FBXO11,chr2,47830350,3.155,0.00343535,hom,1
HG02788,FBXO11,chr2,47854368,4.697,0.00437227,hom,2
HG02788,FBXO11,chr2,47891749,1.291,0.00437227,hom,1
HG02788,FOXN2,chr2,48320185,6.912,0.000468457,het,1
HG02788,FOXN2,chr2,48339887,7.992,0.00468457,hom,1
HG02788,FOXN2,chr2,48350664,11.41,0.00546533,hom,1
HG02788,FOXN2,chr2,48363987,8.293,0.00437227,hom,1
HG02788,PPP1R21,chr2,48486363,6.969,0.00452842,hom,1
HG02788,STON1,chr2,48535249,8.507,0.00905684,hom,1
HG02788,FSHR,chr2,49041683,2.679,0.00405996,hom,1
HG02788,FSHR,chr2,49041771,6.409,0.000312305,het,1
HG02788,NRXN1,chr2,49967836,1.526,0.00452842,hom,1
HG02788,NRXN1,chr2,49979612,12.55,0.00452842,hom,1
HG02788,NRXN1,chr2,50062888,0.192,0.00484072,hom,1
HG02788,NRXN1,chr2,50135431,5.345,0.00437227,hom,1
HG02788,NRXN1,chr2,50351694,5.452,0.00421611,hom,1
HG02788,NRXN1,chr2,50374042,2.381,0.0029669,hom,1
HG02788,NRXN1,chr2,50394690,0.521,0.00343535,hom,1
HG02788,NRXN1,chr2,50498160,6.653,0.00281074,hom,1
HG02788,NRXN1,chr2,50528438,0.82,0.0029669,hom,1
HG02788,NRXN1,chr2,50544962,0.319,0.00343535,hom,1
HG02788,NRXN1,chr2,50658590,0.609,0.000468457,het,1
HG02788,NRXN1,chr2,50666486,1.044,0.000312305,het,1
HG02788,FRZB,chr2,182844454,5.823,0.00452842,hom,1
HG02788,NUP35,chr2,183124222,1.065,0.00218613,hom,2
HG02788,NUP35,chr2,183124420,15.18,0.00421611,hom,2
HG02788,NUP35,chr2,183149597,8.881,0.00421611,hom,1
HG02788,ZNF804A,chr2,184635648,0.91,0.0029669,hom,1
HG02788,ZNF804A,chr2,184642885,2.712,0.00234229,hom,1
HG02788,ZNF804A,chr2,184718904,1.604,0.00312305,hom,1
HG02788,ZNF804A,chr2,184732994,1.278,0.0032792,hom,1
HG02788,ZNF804A,chr2,184750140,0.161,0.00234229,hom,1
HG02788,ZNF804A,chr2,184847615,0.242,0.00171768,het,1
HG02788,ZNF804A,chr2,184874098,0.308,0.0032792,hom,1
HG02788,ITGAV,chr2,186674178,0.663,0.000312305,het,1
HG02788,FAM171B,chr2,186758754,1.016,0.00202998,hom,1
HG02788,CALCRL-AS1,chr2,187018549,0.221,0.00437227,hom,1
HG02788,CALCRL-AS1,chr2,187127280,3.188,0.00202998,hom,2
HG02788,CALCRL-AS1,chr2,187130588,0.587,0.00281074,hom,1
HG02788,CALCRL-AS1,chr2,187257132,1.058,0.00421611,hom,1
HG02788,CALCRL-AS1,chr2,187287381,2.847,0.00421611,hom,1
HG02788,CALCRL,chr2,187357724,2.458,0.00218613,hom,1
HG02788,CALCRL,chr2,187360096,3.71,0.00218613,hom,1
HG02788,TFPI,chr2,187465338,1.935,0.00202998,hom,1
HG02788,TFPI,chr2,187505335,0.608,0.00437227,hom,2
HG02788,TFPI,chr2,187507256,1.018,0.00484072,hom,1
HG02788,TFPI,chr2,187520016,2.178,0.00156152,hom,2
HG02788,TFPI,chr2,187524494,1.791,0.00202998,hom,1
HG02788,LINC01090,chr2,188170639,3.191,0.00811992,hom,1
HG02788,LINC01090,chr2,188233400,1.12,0.00187383,hom,1
HG02788,LINC01090,chr2,188234163,5.546,0.000468457,het,1
HG02788,LINC01090,chr2,188241341,2.543,0.00749532,hom,1
HG02788,LINC01090,chr2,188281153,0.91,0.000312305,het,2
HG02788,DIRC1,chr2,188735160,0.078,0.00156152,hom,1
HG02788,DIRC1,chr2,188744420,0.169,0.00140537,hom,1
HG02788,DIRC1,chr2,188749693,1.36,0.00156152,hom,1
HG02788,COL5A2,chr2,189055965,10.68,0.00156152,hom,1
HG02788,COL5A2,chr2,189089169,1.286,0.00156152,hom,2
HG02788,ANKAR,chr2,189682591,2.669,0.00187383,hom,1
HG02788,ORMDL1,chr2,189769370,0.328,0.00968145,hom,2
HG02788,PMS1,chr2,189807943,6.478,0.0098376,hom,1
HG02788,PMS1,chr2,189857115,10.91,0.00968145,hom,1
HG02788,AKAP19,chr2,190145002,0.845,0.00234229,hom,1
HG02788,AKAP19,chr2,190159359,3.294,0.00202998,hom,1
HG02788,AKAP19,chr2,190173941,5.679,0.00202998,hom,1
HG02788,HIBCH,chr2,190219995,12.09,0.00265459,hom,1
HG02788,HIBCH,chr2,190288878,0.326,0.00187383,hom,1
HG02788,HIBCH,chr2,190306153,5.042,0.00249844,hom,1
HG02788,HIBCH,chr2,190309767,0.185,0.00390381,hom,1
HG02788,HIBCH,chr2,190316379,0.47,0.00437227,hom,1
HG02788,MFSD6,chr2,190481836,6.546,0.00640225,hom,1
HG02788,NEMP2-DT,chr2,190607169,5.112,0.00187383,hom,2
HG02788,NAB1,chr2,190653893,0.721,0.00171768,hom,1
HG02788,STAT1,chr2,191006752,8.404,0.00171768,hom,1
HG02788,STAT4,chr2,191048070,3.387,0.000780762,hom,1
HG02788,STAT4,chr2,191084355,0.978,0.000780762,hom,1
HG02788,STAT4,chr2,191091120,2.119,0.000780762,hom,1
HG02788,DNAH7,chr2,195965007,0.341,0.00640225,het,1
HG02788,DNAH7,chr2,195971244,5.789,0.000468457,het,1
HG02788,DNAH7,chr2,195973444,2.762,0.0065584,het,1
HG02788,DNAH7,chr2,195990709,0.665,0.0062461,het,1
HG02788,DNAH7,chr2,196007755,1.451,0.0062461,het,1
HG02788,DNAH7,chr2,196035793,0.291,0.0062461,het,1
HG02788,DNAH7,chr2,196055243,4.446,0.00171768,het,1
HG02788,HECW2,chr2,196235615,2.379,0.00171768,hom,1
HG02788,GTF3C3,chr2,196779601,4.03,0.00171768,hom,1
HG02788,PGAP1,chr2,196923575,0.908,0.00171768,hom,1
HG02788,ANKRD44,chr2,197102949,1.183,0.00062461,het,1
HG02788,ANKRD44,chr2,197164076,0.685,0.00218613,hom,1
HG02788,ANKRD44-IT1,chr2,197278396,0.202,0.00140537,hom,1
HG02788,SF3B1,chr2,197429164,10.2,0.000312305,het,1
HG02788,MOB4,chr2,197541877,2.251,0.00593379,hom,1
HG02788,RFTN2,chr2,197591202,3.146,0.00827608,hom,1
HG02788,RFTN2,chr2,197633011,2.952,0.00640225,hom,1
HG02788,RFTN2,chr2,197635304,2.513,0.0065584,hom,1
HG02788,RFTN2,chr2,197639235,5.72,0.00640225,hom,2
HG02788,RFTN2,chr2,197647106,1.75,0.00171768,hom,1
HG02788,BOLL,chr2,197754405,2.732,0.00281074,hom,1
HG02788,BOLL,chr2,197766327,1.169,0.0029669,hom,1
HG02788,PLCL1,chr2,197823521,3.679,0.00171768,hom,1
HG02788,PLCL1,chr2,197837637,8.33,0.0029669,hom,1
HG02788,PLCL1,chr2,197943818,2.574,0.00281074,hom,2
HG02788,PLCL1,chr2,198066851,2.083,0.00171768,hom,1
HG02788,PLCL1,chr2,198075521,3.863,0.00171768,hom,1
HG02788,SATB2,chr2,199284913,2.211,0.000312305,het,1
HG02788,SATB2,chr2,199288215,2.848,0.00343535,hom,1
HG02788,SATB2,chr2,199331689,0.038,0.0032792,hom,1
HG02788,SATB2,chr2,199362124,9.379,0.00234229,hom,1
HG02788,SATB2,chr2,199441599,5.119,0.00374766,hom,1
HG02788,SATB2,chr2,199449676,4.151,0.00374766,hom,2
HG02788,LINC01877,chr2,199617497,1.557,0.00202998,hom,1
HG02788,FTCDNL1,chr2,199846705,19.58,0.00343535,hom,1
HG02788,C2orf69,chr2,199920015,1.808,0.00359151,hom,1
HG02788,TYW5,chr2,199945837,4.193,0.0029669,hom,1
HG02788,SPATS2L,chr2,200344506,4.884,0.00171768,hom,1
HG02788,SPATS2L,chr2,200410780,4.834,0.00171768,hom,1
HG02788,SGO2,chr2,200569422,2.57,0.00156152,hom,1
HG02788,LINC01792,chr2,200719873,2.189,0.00171768,hom,1
HG02788,LINC01792,chr2,200735091,1.17,0.00811992,hom,2
HG02788,BZW1,chr2,200813399,11.74,0.00374766,hom,1
HG02788,BZW1,chr2,200826311,1.419,0.00374766,hom,2
HG02788,CLK1,chr2,200854393,0.523,0.00499688,hom,1
HG02788,PPIL3,chr2,200874005,4.849,0.00468457,hom,2
HG02788,PPIL3,chr2,200886178,4.672,0.00468457,hom,2
HG02788,NIF3L1,chr2,200889923,4.125,0.00515303,hom,2
HG02788,ORC2,chr2,200924670,10.98,0.00468457,hom,1
HG02788,ORC2,chr2,200955862,2.092,0.00171768,hom,1
HG02788,HYCC2,chr2,200996817,0.237,0.00187383,hom,1
HG02788,HYCC2,chr2,201009676,11.12,0.00718301,hom,2
HG02788,HYCC2,chr2,201039224,4.41,0.00343535,hom,1
HG02788,CFLAR,chr2,201121092,9.688,0.00468457,hom,2
HG02788,CASP8,chr2,201271549,1.528,0.0029669,hom,2
HG02788,CASP8,chr2,201278084,0.157,0.00499688,hom,2
HG02788,FLACC1,chr2,201299815,0.004,0.0029669,hom,1
HG02788,FLACC1,chr2,201328169,1.328,0.00281074,hom,1
HG02788,FLACC1,chr2,201329529,3.995,0.00484072,hom,1
HG02788,FLACC1,chr2,201356449,1.862,0.00171768,hom,1
HG02788,CATSPERT,chr2,201506819,1.926,0.00171768,hom,1
HG02788,CATSPERT,chr2,201514850,0.958,0.00312305,hom,1
HG02788,MPP4,chr2,201663544,0.76,0.000312305,het,1
HG02788,MPP4,chr2,201670681,1.799,0.00171768,hom,1
HG02788,ALS2,chr2,201712882,2.26,0.00171768,hom,1
HG02788,ALS2,chr2,201718806,8.993,0.00202998,hom,1
HG02788,ALS2,chr2,201741935,0.797,0.00202998,hom,1
HG02788,CDK15,chr2,201879597,1.768,0.0062461,hom,1
HG02788,BMPR2,chr2,202381126,3.387,0.00062461,het,2
HG02788,BMPR2,chr2,202450403,7.63,0.00265459,hom,1
HG02788,BMPR2,chr2,202515758,0.388,0.00265459,hom,2
HG02788,FAM117B,chr2,202706700,8.809,0.00218613,hom,1
HG02788,FAM117B,chr2,202714156,5.701,0.00234229,hom,1
HG02788,FAM117B,chr2,202715759,6.21,0.00234229,hom,1
HG02788,ICA1L,chr2,202793355,3.981,0.00265459,hom,1
HG02788,ICA1L,chr2,202864885,4.958,0.00265459,hom,1
HG02788,ICA1L,chr2,202869169,1.622,0.00218613,hom,1
HG02788,CARF,chr2,202917103,7.066,0.00421611,hom,1
HG02788,NBEAL1,chr2,203031422,8.574,0.00218613,hom,1
HG02788,NBEAL1,chr2,203119334,1.375,0.00265459,hom,1
HG02788,NBEAL1,chr2,203214729,0.515,0.00218613,hom,1
HG02788,CYP20A1,chr2,203296092,2.117,0.000312305,het,1
HG02788,ABI2,chr2,203364684,0.347,0.00234229,hom,1
HG02788,ABI2,chr2,203376217,5.14,0.00234229,hom,1
HG02788,ABI2,chr2,203405383,1.705,0.000312305,het,1
HG02788,RAPH1,chr2,203447185,1.024,0.00343535,hom,1
HG02788,CD28,chr2,203731095,7.23,0.00218613,hom,1
HG02788,TMEM237,chr2,201621689,10.59,0.00218613,hom,5
HG02789,AQP7B,chr2,94597820,1.942,0.00156152,het,1
HG02789,FAM95A,chr2,94758623,1.184,0.00468457,het,2
HG02789,ANKRD20A8P,chr2,94794542,6.122,0.00234229,het,1
HG02789,ANKRD20A8P,chr2,94832780,1.246,0.00421611,het,1
HG02789,ANKRD20A8P,chr2,94843679,1.638,0.000936914,het,1
HG02789,ANKRD20A8P,chr2,94844352,4.969,0.000936914,het,1
HG02789,MAL,chr2,95039271,0.748,0.00874454,het,1
HG02789,MRPS5,chr2,95092987,1.785,0.000468457,het,1
HG02789,MRPS5,chr2,95095928,2.692,0.00890069,het,1
HG02789,ZNF514,chr2,95146664,0.878,0.00890069,het,1
HG02789,ZNF514,chr2,95146967,1.034,0.000468457,het,1
HG02789,ZNF892,chr2,95211632,17.23,0.00546533,het,1
HG02789,PROM2,chr2,95279873,4.52,0.00546533,het,1
HG02789,PROM2,chr2,95290485,3.75,0.00546533,het,1
HG02789,LOC128966744,chr2,95795694,2.193,0.000780762,het,1
HG02789,LINC00342,chr2,95824005,2.88,0.00718301,het,1
HG02789,ANKRD36C,chr2,95893266,1.57,0.00249844,het,1
HG02789,ANKRD36C,chr2,95893970,2.629,0.00671455,het,1
HG02789,ANKRD36C,chr2,95908110,0.89,0.000936914,het,2
HG02789,ANKRD36C,chr2,95915526,0.733,0.00640225,het,2
HG02789,ANKRD36C,chr2,95925833,1.837,0.000936914,het,1
HG02789,ANKRD36C,chr2,95929055,0.502,0.00515303,het,1
HG02789,ANKRD36C,chr2,95940817,2.257,0.00374766,het,1
HG02789,ANKRD36C,chr2,95956087,6.938,0.00874454,het,1
HG02789,ANKRD36C,chr2,95956102,0.683,0.00905684,het,1
HG02789,FAHD2CP,chr2,96011647,5.169,0.00202998,het,1
HG02789,GPAT2,chr2,96023786,0.557,0.000936914,het,2
HG02789,ASTL,chr2,96125804,2.554,0.00577764,het,1
HG02789,TMEM127,chr2,96259664,4.766,0.00374766,het,1
HG02789,CIAO1,chr2,96271393,1.731,0.000468457,het,1
HG02789,SNRNP200,chr2,96274755,7.128,0.00546533,het,2
HG02789,ITPRIPL1,chr2,96330486,16.87,0.000312305,het,2
HG02789,NCAPH,chr2,96356070,5.124,0.000468457,het,1
HG02789,NEURL3,chr2,96505865,10.99,0.000468457,het,2
HG02789,FER1L5,chr2,96656278,3.422,0.000468457,het,1
HG02789,FER1L5,chr2,96678918,1.582,0.00640225,het,1
HG02789,FER1L5,chr2,96688114,3.784,0.000312305,het,1
HG02789,FAM178B,chr2,96877476,1.883,0.000312305,het,1
HG02789,FAM178B,chr2,96877488,0.928,0.000312305,het,1
HG02789,FAM178B,chr2,96900568,2.021,0.000468457,het,1
HG02789,FAM178B,chr2,96912448,4.401,0.00218613,het,2
HG02789,FAM178B,chr2,96918203,2.5,0.000468457,het,1
HG02789,ACTR1B,chr2,97657817,0.585,0.00062461,het,1
HG02789,ZAP70,chr2,97736799,0.068,0.000468457,het,1
HG02789,CNNM4,chr2,96781814,11.29,0.000468457,hom,5
HG02791,MRPS5,chr2,95090855,1.036,0.000936914,het,1
HG02791,MRPS5,chr2,95092987,1.785,0.000468457,het,1
HG02791,MRPS5,chr2,95095928,2.692,0.00890069,het,1
HG02791,MRPS5,chr2,95097402,8.173,0.00109307,het,1
HG02791,ZNF514,chr2,95146664,0.878,0.00890069,het,1
HG02791,ZNF514,chr2,95146967,1.034,0.000468457,het,1
HG02791,ZNF2,chr2,95178553,3.164,0.00421611,het,1
HG02791,LOC128966744,chr2,95795694,2.193,0.000780762,het,1
HG02791,LINC00342,chr2,95817681,3.676,0.00562149,het,1
HG02791,ANKRD36C,chr2,95908110,0.89,0.000936914,het,2
HG02791,ANKRD36C,chr2,95921599,0.828,0.00343535,het,4
HG02791,ANKRD36C,chr2,95925833,1.837,0.000936914,het,1
HG02791,ANKRD36C,chr2,95956087,6.938,0.00874454,het,1
HG02791,ANKRD36C,chr2,95956102,0.683,0.00905684,het,1
HG02791,FAHD2CP,chr2,96011647,5.169,0.00202998,het,1
HG02791,GPAT2,chr2,96021984,5.914,0.00109307,het,1
HG02791,GPAT2,chr2,96023786,0.557,0.000936914,het,2
HG02791,ASTL,chr2,96133165,12.02,0.000780762,het,1
HG02791,ASTL,chr2,96136901,2.017,0.00405996,het,1
HG02791,TMEM127,chr2,96259664,4.766,0.00374766,het,1
HG02791,SNRNP200,chr2,96277190,21.4,0.00452842,het,2
HG02791,ITPRIPL1,chr2,96330486,16.87,0.000312305,het,2
HG02791,KANSL3,chr2,96638248,7.19,0.00202998,het,2
HG02791,FER1L5,chr2,96688114,3.784,0.000312305,het,1
HG02791,LMAN2L,chr2,96712297,9.6,0.00062461,het,1
HG02791,SEMA4C,chr2,96869645,4.489,0.00562149,het,2
HG02791,FAM178B,chr2,96877476,1.883,0.000312305,het,1
HG02791,FAM178B,chr2,96877488,0.928,0.000312305,het,1
HG02791,FAM178B,chr2,96900568,2.021,0.000468457,het,1
HG02791,FAM178B,chr2,96907964,3.135,0.00234229,het,2
HG02791,FAM178B,chr2,96918203,2.5,0.000468457,het,1
HG02791,ANKRD36B,chr2,97549571,0.387,0.00062461,het,1
HG02791,ANKRD36B,chr2,97556120,1.62,0.000936914,het,1
HG02791,ACTR1B,chr2,97657817,0.585,0.00062461,het,1
HG02791,ZAP70,chr2,97737970,0.003,0.000468457,het,1
HG02791,CNNM4,chr2,96776851,10.09,0.00140537,hom,5
HG03018,CCDC85A,chr2,56301571,0.596,0.00843223,het,1
HG03018,CCDC85A,chr2,56303346,3.492,0.00874454,het,1
HG03018,CCDC85A,chr2,56322236,1.923,0.00827608,het,1
HG03018,CCDC85A,chr2,56353240,0.747,0.00359151,het,1
HG03018,CCDC85A,chr2,56363780,5.806,0.00359151,het,1
HG03018,VRK2,chr2,58003445,2.57,0.00249844,hom,1
HG03018,FANCL,chr2,58166557,9.159,0.00827608,hom,1
HG03018,FANCL,chr2,58169150,0.493,0.00811992,hom,2
HG03018,FANCL,chr2,58195577,0.875,0.00140537,hom,1
HG03018,FANCL,chr2,58212121,3.988,0.00249844,hom,1
HG03018,FANCL,chr2,58228893,0.79,0.00796377,hom,1
HG03018,FANCL,chr2,58234365,5.116,0.00140537,hom,1
HG03018,LINC01122,chr2,58523567,2.394,0.00827608,hom,1
HG03018,LINC01122,chr2,58554373,0.821,0.00499688,hom,2
HG03018,LINC01122,chr2,58584201,17.08,0.00109307,hom,1
HG03018,LINC01122,chr2,58589748,0.25,0.00171768,hom,1
HG03018,LINC01122,chr2,58589749,0.067,0.00171768,hom,1
HG03018,LINC01122,chr2,58907774,12.86,0.0029669,hom,1
HG03018,LINC01122,chr2,59038849,6.006,0.00312305,hom,1
HG03018,LINC01793,chr2,59226373,1.528,0.00202998,hom,1
HG03018,MIR4432HG,chr2,60366694,22.1,0.00187383,hom,1
HG03018,BCL11A,chr2,60453100,19.31,0.000936914,hom,2
HG03018,BCL11A,chr2,60471835,4.187,0.00171768,hom,1
HG03018,BCL11A,chr2,60490310,12.15,0.00234229,hom,1
HG03018,BCL11A,chr2,60544929,5.55,0.00187383,hom,1
HG03018,REL-DT,chr2,60867042,15.73,0.00171768,hom,1
HG03018,PUS10,chr2,60957431,2.251,0.00156152,hom,2
HG03018,PUS10,chr2,60997761,2.758,0.00921299,hom,2
HG03018,SANBR,chr2,61107334,7.467,0.00702686,hom,1
HG03018,USP34,chr2,61237525,3.346,0.00187383,hom,1
HG03018,USP34,chr2,61238457,4.528,0.00156152,hom,1
HG03018,USP34,chr2,61243903,3.673,0.00187383,hom,1
HG03018,USP34,chr2,61244732,7.623,0.00780762,hom,2
HG03018,USP34,chr2,61262048,1.575,0.00780762,hom,1
HG03018,USP34,chr2,61383386,0.288,0.00187383,hom,1
HG03018,USP34,chr2,61401593,2.173,0.00796377,hom,1
HG03018,XPO1,chr2,61530540,0.002,0.00156152,hom,1
HG03018,CCT4,chr2,61883038,0.388,0.00156152,hom,1
HG03018,CCT4,chr2,61885497,2.206,0.00156152,hom,1
HG03018,COMMD1,chr2,61907154,4.395,0.00156152,hom,1
HG03018,COMMD1,chr2,61933508,1.963,0.00156152,hom,1
HG03018,COMMD1,chr2,62015117,1.102,0.00156152,hom,1
HG03018,FAM161A,chr2,61824974,14.22,0.00140537,hom,5
HG03230,ZNF804A,chr2,184675489,0.699,0.00405996,hom,1
HG03230,ZNF804A,chr2,184805123,1.647,0.00140537,hom,1
HG03230,ZNF804A,chr2,184910586,0.387,0.000936914,hom,1
HG03230,ZNF804A,chr2,184937997,0.503,0.00765147,hom,1
HG03230,FSIP2,chr2,185755614,2.728,0.00062461,hom,1
HG03230,LINC01473,chr2,186066693,0.347,0.000312305,het,1
HG03230,LINC01473,chr2,186075358,1.083,0.000936914,hom,1
HG03230,ITGAV,chr2,186619407,3.965,0.00171768,hom,1
HG03230,ITGAV,chr2,186667729,24.8,0.00171768,hom,1
HG03230,ITGAV,chr2,186671112,0.119,0.00171768,hom,1
HG03230,CALCRL-AS1,chr2,187007560,3.68,0.0095253,hom,2
HG03230,CALCRL-AS1,chr2,187039223,6.377,0.0098376,hom,1
HG03230,CALCRL-AS1,chr2,187068156,8.571,0.00234229,hom,1
HG03230,CALCRL-AS1,chr2,187096590,0.209,0.00921299,hom,1
HG03230,CALCRL-AS1,chr2,187133407,0.314,0.00905684,hom,1
HG03230,CALCRL-AS1,chr2,187169985,3.767,0.0095253,hom,2
HG03230,CALCRL-AS1,chr2,187172448,4.32,0.0095253,hom,1
HG03230,CALCRL-AS1,chr2,187185440,1.041,0.0095253,hom,1
HG03230,CALCRL-AS1,chr2,187240237,1.967,0.00905684,hom,1
HG03230,CALCRL-AS1,chr2,187241354,0.553,0.00905684,hom,1
HG03230,CALCRL-AS1,chr2,187272024,5.225,0.00890069,hom,2
HG03230,CALCRL-AS1,chr2,187298205,4.578,0.000780762,hom,1
HG03230,CALCRL-AS1,chr2,187316028,0.045,0.00874454,hom,1
HG03230,CALCRL,chr2,187347139,0.745,0.00905684,hom,1
HG03230,CALCRL,chr2,187360228,0.731,0.00874454,hom,1
HG03230,CALCRL,chr2,187368690,7.401,0.000780762,hom,1
HG03230,LINC01090,chr2,188038516,5.595,0.0029669,hom,1
HG03230,LINC01090,chr2,188093498,16.09,0.00405996,hom,1
HG03230,LINC01090,chr2,188164212,1.079,0.00405996,hom,1
HG03230,DIRC1,chr2,188771670,0.48,0.00390381,hom,1
HG03230,WDR75,chr2,189462041,7.166,0.00484072,hom,1
HG03230,AKAP19,chr2,190174148,7.259,0.0029669,hom,1
HG03230,HIBCH,chr2,190305415,2.759,0.00062461,hom,1
HG03230,MFSD6,chr2,190439593,0.552,0.00124922,hom,2
HG03230,MFSD6,chr2,190486997,4.324,0.00124922,hom,1
HG03230,NEMP2-DT,chr2,190590179,0.07,0.00124922,hom,2
HG03230,NEMP2-DT,chr2,190602061,1.843,0.00671455,hom,2
HG03230,STAT4-AS1,chr2,191028544,1.045,0.00921299,hom,2
HG03230,STAT4-AS1,chr2,191028545,0.57,0.00921299,hom,2
HG03230,STAT4,chr2,191084586,6.004,0.00062461,hom,1
HG03230,STAT4,chr2,191114928,1.325,0.00062461,hom,1
HG03230,STAT4,chr2,191145547,0.972,0.00187383,hom,2
HG03230,MYO1B,chr2,191281431,14.82,0.00718301,hom,1
HG03230,MYO1B,chr2,191308077,1.261,0.00718301,hom,2
HG03230,MYO1B,chr2,191319902,2.743,0.00062461,hom,2
HG03230,MYO1B,chr2,191340495,4.98,0.00062461,hom,1
HG03230,MYO1B,chr2,191386983,12.06,0.00421611,hom,1
HG03230,MYO1B,chr2,191388276,5.551,0.00671455,hom,1
HG03230,LOC729254,chr2,191797675,20.2,0.00640225,hom,1
HG03230,CAVIN2,chr2,191841928,16.86,0.00062461,hom,2
HG03230,CAVIN2-AS1,chr2,191886887,13.06,0.00062461,hom,2
HG03230,TMEFF2,chr2,192068616,2.429,0.00281074,hom,1
HG03230,TMEFF2,chr2,192069038,3.079,0.00765147,hom,1
HG03230,TMEFF2,chr2,192071574,0.403,0.00062461,hom,1
HG03230,TMEFF2,chr2,192161271,1.026,0.00640225,hom,1
HG03230,TMEFF2,chr2,192167636,0.625,0.00608994,hom,1
HG03230,TMEFF2,chr2,192180321,0.325,0.00171768,hom,1
HG03230,LINC01821,chr2,194404220,1.228,0.00062461,hom,1
HG03230,DNAH7,chr2,195755211,0.389,0.00234229,hom,1
HG03230,DNAH7,chr2,195846187,3.723,0.00171768,hom,1
HG03230,DNAH7,chr2,195851815,0.716,0.00218613,hom,1
HG03230,DNAH7,chr2,195994008,7.218,0.00062461,hom,2
HG03230,DNAH7,chr2,195996133,8.667,0.000780762,hom,2
HG03230,DNAH7,chr2,196004075,7.485,0.00249844,hom,1
HG03230,DNAH7,chr2,196005311,0.513,0.00312305,hom,1
HG03230,DNAH7,chr2,196025445,1.807,0.00062461,hom,1
HG03230,DNAH7,chr2,196060171,3.569,0.00249844,hom,1
HG03230,HECW2,chr2,196209965,1.23,0.00843223,hom,1
HG03230,HECW2,chr2,196209969,6.245,0.00827608,hom,1
HG03230,HECW2,chr2,196247989,15.87,0.000780762,hom,1
HG03230,CCDC150,chr2,196691332,5.398,0.00312305,hom,1
HG03230,CCDC150,chr2,196695487,18.37,0.00202998,hom,1
HG03230,LOC100130452,chr2,196704220,2.222,0.00359151,hom,1
HG03230,GTF3C3,chr2,196789001,4.783,0.000780762,hom,1
HG03230,PGAP1,chr2,196837868,1.017,0.00062461,hom,1
HG03230,PGAP1,chr2,196841700,3.971,0.00202998,hom,1
HG03230,ANKRD44,chr2,197015529,0.26,0.00999375,hom,1
HG03230,ANKRD44-IT1,chr2,197258692,8.239,0.00062461,hom,2
HG03230,ANKRD44-IT1,chr2,197271651,9.465,0.000780762,hom,1
HG03230,ANKRD44-IT1,chr2,197285956,5.565,0.00062461,hom,1
HG03230,SF3B1,chr2,197392284,17.11,0.00936914,hom,1
HG03230,SF3B1,chr2,197411588,0.941,0.00921299,hom,1
HG03230,SF3B1,chr2,197428565,3.784,0.00921299,hom,1
HG03230,MOB4,chr2,197518849,0.956,0.000780762,hom,1
HG03230,PLCL1,chr2,197825357,8.343,0.000780762,hom,1
HG03230,PLCL1,chr2,197932224,0.602,0.000780762,hom,1
HG03230,PLCL1,chr2,198017408,8.96,0.000780762,hom,1
HG03230,PLCL1,chr2,198103430,8.081,0.00484072,hom,2
HG03230,LINC01923,chr2,198321321,8.873,0.00062461,hom,1
HG03230,LINC01923,chr2,198343065,1.472,0.00062461,hom,2
HG03230,SATB2,chr2,199293729,14.75,0.00062461,hom,1
HG03230,SATB2,chr2,199296900,4.999,0.000780762,hom,1
HG03230,SATB2,chr2,199341985,0.369,0.00062461,hom,1
HG03230,SATB2,chr2,199403564,6.72,0.000780762,hom,1
HG03230,SATB2,chr2,199435824,9.839,0.000780762,hom,1
HG03230,SATB2,chr2,199464814,1.644,0.000780762,hom,1
HG03230,SATB2,chr2,199466186,0.585,0.000780762,hom,1
HG03230,LINC01877,chr2,199656200,6.697,0.00140537,hom,1
HG03230,FTCDNL1,chr2,199770830,13.71,0.00827608,hom,1
HG03230,FTCDNL1,chr2,199777113,2.968,0.00999375,hom,1
HG03230,FTCDNL1,chr2,199780888,8.601,0.00843223,hom,1
HG03230,FTCDNL1,chr2,199782177,5.359,0.00968145,hom,1
HG03230,FTCDNL1,chr2,199782710,5.692,0.00968145,hom,1
HG03230,FTCDNL1,chr2,199788792,0.869,0.00749532,hom,1
HG03230,FTCDNL1,chr2,199790452,0.903,0.00718301,hom,1
HG03230,FTCDNL1,chr2,199804167,0.978,0.00062461,hom,1
HG03230,FTCDNL1,chr2,199842079,0.262,0.00140537,hom,1
HG03230,C2orf69,chr2,199920883,2.684,0.00062461,hom,1
HG03230,SPATS2L,chr2,200329432,4.883,0.00062461,hom,4
HG03230,SPATS2L,chr2,200403925,0.024,0.00187383,hom,1
HG03230,KCTD18,chr2,200494084,0.444,0.00187383,hom,1
HG03230,AOX3P-AOX2P,chr2,200699445,0.48,0.00312305,hom,1
HG03230,AOX3P-AOX2P,chr2,200710985,2.21,0.0029669,hom,1
HG03230,NIF3L1,chr2,200891283,2.253,0.00890069,hom,2
HG03230,ORC2,chr2,200943852,5.237,0.00608994,hom,1
HG03230,ORC2,chr2,200953835,3.489,0.00890069,hom,1
HG03230,LOC105373835,chr2,200966964,1.002,0.00843223,hom,2
HG03230,CFLAR,chr2,201137567,2.743,0.00843223,hom,2
HG03230,CASP10,chr2,201202846,1.969,0.00843223,hom,1
HG03230,CASP10,chr2,201207524,0.182,0.00858838,hom,1
HG03230,CASP10,chr2,201217538,5.2,0.00858838,hom,1
HG03230,CASP8,chr2,201251818,2.548,0.00733916,hom,1
HG03230,FLACC1,chr2,201291744,1.391,0.00796377,hom,1
HG03230,FLACC1,chr2,201345424,7.704,0.00843223,hom,1
HG03230,TRAK2,chr2,201442745,3.514,0.00062461,hom,1
HG03230,STRADB,chr2,201472494,9.052,0.00671455,hom,2
HG03230,STRADB,chr2,201476865,1.213,0.00671455,hom,1
HG03230,CATSPERT,chr2,201512291,2.885,0.00843223,hom,1
HG03230,MPP4,chr2,201687093,12.46,0.00062461,hom,1
HG03230,SUMO1,chr2,202237484,8.376,0.00171768,hom,1
HG03230,BMPR2,chr2,202403657,8.761,0.00171768,hom,1
HG03230,BMPR2,chr2,202404209,3.378,0.00390381,hom,1
HG03230,BMPR2,chr2,202421835,1.599,0.00390381,hom,1
HG03230,FAM117B,chr2,202752206,1.566,0.00343535,hom,2
HG03230,ICA1L,chr2,202843406,1.348,0.00140537,hom,2
HG03230,NBEAL1,chr2,203019389,5.423,0.000936914,hom,2
HG03230,NBEAL1,chr2,203025071,1.683,0.00062461,hom,1
HG03230,NBEAL1,chr2,203051417,1.003,0.000936914,hom,2
HG03230,NBEAL1,chr2,203107570,1.602,0.00062461,hom,1
HG03230,NBEAL1,chr2,203165140,2.692,0.000936914,hom,1
HG03230,NBEAL1,chr2,203198348,0.368,0.00062461,hom,1
HG03230,RAPH1,chr2,203438082,9.644,0.000936914,hom,1
HG03230,RAPH1,chr2,203528518,6.136,0.00062461,hom,2
HG03230,PARD3B,chr2,204565417,1.169,0.00515303,hom,1
HG03230,PARD3B,chr2,204582009,9.159,0.0029669,hom,1
HG03230,PARD3B,chr2,204586456,14.6,0.00437227,hom,1
HG03230,PARD3B,chr2,204606693,10.22,0.00109307,hom,1
HG03230,PARD3B,chr2,204620874,0.476,0.00109307,hom,1
HG03230,PARD3B,chr2,204628741,2.52,0.00124922,hom,1
HG03230,PARD3B,chr2,204656506,0.755,0.00109307,hom,1
HG03230,PARD3B,chr2,204674474,4.425,0.00109307,hom,2
HG03230,PARD3B,chr2,204676367,6.058,0.00062461,hom,1
HG03230,PARD3B,chr2,204677826,5.855,0.00109307,hom,2
HG03230,PARD3B,chr2,204725699,13.72,0.00109307,hom,1
HG03230,PARD3B,chr2,204835333,0.28,0.00218613,hom,1
HG03230,PARD3B,chr2,204848637,1.033,0.00218613,hom,1
HG03230,PARD3B,chr2,205055268,10.34,0.0032792,hom,1
HG03230,PARD3B,chr2,205080997,1.51,0.00343535,hom,1
HG03230,PARD3B,chr2,205124000,0.756,0.00312305,hom,1
HG03230,PARD3B,chr2,205398230,1.313,0.00062461,hom,1
HG03230,PARD3B,chr2,205442606,0.892,0.00515303,hom,1
HG03230,PARD3B,chr2,205453860,10.47,0.00452842,hom,1
HG03230,PARD3B,chr2,205492611,1.533,0.00608994,hom,1
HG03230,NRP2,chr2,205764024,8.149,0.00374766,hom,2
HG03230,INO80D,chr2,206002066,0.362,0.000780762,hom,1
HG03230,CMKLR2,chr2,206194033,6.079,0.00827608,hom,2
HG03230,ZDBF2,chr2,206295433,0.661,0.000780762,hom,1
HG03230,ADAM23,chr2,206571826,12.24,0.000780762,hom,1
HG03230,DYTN,chr2,206672382,1.498,0.00890069,hom,1
HG03230,FASTKD2,chr2,206778738,1.53,0.00359151,hom,2
HG03230,CPO,chr2,206968576,15.13,0.000936914,hom,2
HG03230,MYOSLID-AS1,chr2,207230825,9.821,0.00140537,hom,2
HG03230,CREB1,chr2,207546273,12.85,0.00124922,hom,1
HG03230,METTL21A,chr2,207591746,6.415,0.00405996,hom,1
HG03230,METTL21A,chr2,207597696,11.69,0.00062461,hom,1
HG03230,LINC01857,chr2,207667867,0.349,0.00718301,hom,1
HG03230,LINC01857,chr2,207677547,1.88,0.00062461,hom,1
HG03230,CCNYL1,chr2,207713070,5.27,0.00171768,hom,1
HG03230,CCNYL1,chr2,207742151,0.748,0.00687071,hom,1
HG03230,FZD5,chr2,207763943,1.14,0.00171768,hom,1
HG03230,PLEKHM3,chr2,207853681,2.024,0.00312305,hom,1
HG03230,PLEKHM3,chr2,207884094,2.724,0.00312305,hom,1
HG03230,PLEKHM3,chr2,207963882,5.792,0.0029669,hom,1
HG03230,IDH1,chr2,208246885,1.023,0.00702686,hom,1
HG03230,PTH2R,chr2,208360711,6.663,0.00702686,hom,2
HG03230,PTH2R,chr2,208395108,7.408,0.00140537,hom,2
HG03230,PTH2R,chr2,208470234,1.922,0.00124922,hom,1
HG03230,LOC101927960,chr2,208578586,2.827,0.00124922,hom,1
HG03230,LOC101927960,chr2,208677635,0.8,0.00062461,hom,1
HG03230,LOC101927960,chr2,208700215,0.789,0.00484072,hom,1
HG03230,LOC101927960,chr2,208726897,3.175,0.00171768,hom,1
HG03230,LOC101927960,chr2,208780620,0.244,0.00249844,hom,1
HG03230,MAP2,chr2,209546625,4.167,0.00452842,hom,1
HG03230,MAP2,chr2,209560023,0.707,0.00421611,hom,1
HG03230,MAP2,chr2,209654942,7.691,0.00437227,hom,1
HG03230,MAP2,chr2,209654944,0.936,0.00437227,hom,1
HG03230,MAP2,chr2,209706572,1.378,0.00390381,hom,1
HG03230,MAP2,chr2,209723517,1.685,0.000780762,hom,1
HG03230,UNC80,chr2,209777964,0.502,0.00202998,hom,1
HG03230,UNC80,chr2,209789764,4.181,0.00202998,hom,1
HG03230,UNC80,chr2,209796001,0.785,0.00202998,hom,2
HG03230,UNC80,chr2,209805804,1.597,0.00218613,hom,1
HG03230,UNC80,chr2,209880379,3.423,0.00249844,hom,1
HG03230,LANCL1-AS1,chr2,210357012,5.549,0.0029669,hom,1
HG03230,CPS1,chr2,210491571,1.783,0.00062461,hom,1
HG03230,CPS1,chr2,210501487,3.51,0.00124922,hom,1
HG03230,CPS1,chr2,210575191,10.63,0.00265459,hom,1
HG03230,CPS1,chr2,210603591,0.137,0.00218613,hom,1
HG03230,CPS1-IT1,chr2,210618223,8.22,0.000936914,hom,2
HG03230,TMEM237,chr2,201633841,9.07,0.000468457,hom,5
HG03236,LINC01789,chr2,107268613,1.594,0.00374766,het,1
HG03236,LINC01789,chr2,107273797,4.946,0.000312305,het,1
HG03236,LINC01789,chr2,107293728,0.357,0.000780762,het,1
HG03236,LINC01789,chr2,107338880,1.03,0.00218613,hom,1
HG03236,LINC01885,chr2,107468289,0.862,0.00062461,hom,1
HG03236,LINC01885,chr2,107516014,2.244,0.00062461,hom,1
HG03236,LINC01886,chr2,107530980,0.526,0.00202998,hom,1
HG03236,GACAT1,chr2,107776146,3.811,0.00390381,hom,1
HG03236,GCC2-AS1,chr2,108520641,7.552,0.00062461,hom,1
HG03236,EDAR,chr2,108931958,11.17,0.00140537,hom,1
HG03236,SEPTIN10,chr2,109592611,2.123,0.00202998,hom,2
HG03236,NPHP1,chr2,110124798,8.78,0.000468457,hom,5
HG03490,LOC100133920,chr2,94585370,17.26,0.000468457,het,2
HG03490,AQP7B,chr2,94596274,4.779,0.000780762,het,1
HG03490,FAM95A,chr2,94758049,3.74,0.00312305,het,2
HG03490,ANKRD20A8P,chr2,94768905,1.989,0.00312305,het,1
HG03490,ANKRD20A8P,chr2,94782853,4.603,0.00374766,het,1
HG03490,ANKRD20A8P,chr2,94836280,1.922,0.000780762,het,1
HG03490,ANKRD20A8P,chr2,94841878,2.843,0.00265459,het,1
HG03490,ZNF2,chr2,95178553,3.164,0.00421611,het,1
HG03490,LINC00342,chr2,95817681,3.676,0.00562149,het,1
HG03490,ANKRD36C,chr2,95867436,5.22,0.000312305,het,1
HG03490,ANKRD36C,chr2,95876883,2.308,0.00249844,het,1
HG03490,ANKRD36C,chr2,95894160,0.165,0.00062461,het,2
HG03490,ANKRD36C,chr2,95912161,1.422,0.000312305,het,1
HG03490,ANKRD36C,chr2,95921599,0.828,0.00343535,het,4
HG03490,ANKRD36C,chr2,95986444,0.364,0.00312305,het,1
HG03490,FAHD2CP,chr2,96021884,3.3,0.000312305,het,2
HG03490,ASTL,chr2,96136901,2.017,0.00405996,het,1
HG03490,STARD7,chr2,96187901,6.782,0.000312305,het,2
HG03490,TMEM127,chr2,96261423,4.91,0.000312305,het,2
HG03490,CIAO1,chr2,96268604,27.7,0.000312305,het,1
HG03490,SNRNP200,chr2,96277190,21.4,0.00452842,het,2
HG03490,NCAPH,chr2,96363629,0.812,0.00202998,het,1
HG03490,KANSL3,chr2,96607322,1.107,0.00530918,het,2
HG03490,KANSL3,chr2,96617004,0.4,0.000312305,het,1
HG03490,KANSL3,chr2,96638116,11.62,0.00437227,het,2
HG03490,FER1L5,chr2,96679814,8.014,0.000312305,het,2
HG03490,LMAN2L,chr2,96724737,1.743,0.00124922,het,1
HG03490,ANKRD39,chr2,96855354,3.673,0.00218613,het,2
HG03490,SEMA4C,chr2,96869645,4.489,0.00562149,het,2
HG03490,FAM178B,chr2,96890449,0.644,0.000312305,het,2
HG03490,FAM178B,chr2,96904660,3.021,0.00140537,het,1
HG03490,FAM178B,chr2,96907964,3.135,0.00234229,het,2
HG03490,CNNM4,chr2,96775750,15.23,0.00218613,hom,5
HG03618,FAM124B,chr2,224395013,0.554,0.000468457,hom,1
HG03618,FAM124B,chr2,224397746,0.969,0.00468457,hom,1
HG03618,CUL3,chr2,224510849,11.15,0.00484072,hom,1
HG03618,CCDC195,chr2,224713172,2.093,0.00546533,hom,1
HG03618,DOCK10,chr2,224784390,0.052,0.000468457,hom,1
HG03618,DOCK10,chr2,224829854,5.181,0.00421611,hom,1
HG03618,DOCK10,chr2,224833362,6.873,0.00421611,hom,1
HG03618,DOCK10,chr2,224949725,1.57,0.00421611,hom,1
HG03618,DOCK10,chr2,224986339,1.747,0.00608994,hom,1
HG03618,NYAP2,chr2,225571398,4.54,0.000780762,hom,1
HG03618,IRS1,chr2,226764536,2.693,0.00062461,hom,2
HG03618,IRS1,chr2,226784539,1.39,0.000468457,hom,1
HG03618,IRS1,chr2,226797299,3.746,0.00062461,hom,1
HG03618,RHBDD1,chr2,226801633,17.32,0.000312305,het,2
HG03618,RHBDD1,chr2,226853668,1.949,0.00140537,hom,1
HG03618,RHBDD1,chr2,226927677,4.494,0.00062461,hom,1
HG03618,RHBDD1,chr2,226952935,1.263,0.00281074,hom,1
HG03618,RHBDD1,chr2,226956454,1.886,0.0062461,hom,1
HG03618,COL4A4,chr2,227071071,6.016,0.000468457,hom,1
HG03618,COL4A4,chr2,227089711,6.556,0.000468457,hom,1
HG03618,COL4A4,chr2,227120475,0.593,0.000468457,hom,1
HG03618,MFF-DT,chr2,227251675,5.241,0.00921299,hom,1
HG03618,MFF-DT,chr2,227260022,0.61,0.000936914,hom,1
HG03618,MFF-DT,chr2,227272648,0.873,0.00874454,hom,1
HG03618,MFF-DT,chr2,227292903,5.203,0.00171768,hom,1
HG03618,MFF,chr2,227350478,4.411,0.000468457,hom,2
HG03618,AGFG1,chr2,227483766,8.027,0.00608994,hom,1
HG03618,AGFG1,chr2,227488599,2.749,0.00109307,hom,1
HG03618,AGFG1,chr2,227508353,10.33,0.00608994,hom,1
HG03618,AGFG1,chr2,227513004,2.428,0.00608994,hom,1
HG03618,SLC19A3,chr2,227686995,3.341,0.000468457,hom,1
HG03618,SLC19A3,chr2,227708217,0.642,0.00218613,hom,1
HG03618,SLC19A3,chr2,227716357,0.443,0.000780762,hom,2
HG03618,SPHKAP,chr2,228033656,3.251,0.000780762,hom,1
HG03618,SPHKAP,chr2,228056696,1.531,0.00499688,hom,2
HG03618,LINC01807,chr2,228501813,6.988,0.00171768,hom,1
HG03618,LINC01807,chr2,228584013,2.188,0.00109307,hom,1
HG03618,PID1,chr2,229116507,4.604,0.00515303,hom,1
HG03618,PID1,chr2,229131711,0.892,0.00124922,hom,1
HG03618,PID1,chr2,229210579,6.086,0.00343535,hom,1
HG03618,PID1,chr2,229233965,8.519,0.00109307,hom,1
HG03618,DNER,chr2,229363627,5.911,0.000468457,hom,1
HG03618,DNER,chr2,229402657,0.981,0.000468457,hom,2
HG03618,DNER,chr2,229540658,0.036,0.00390381,hom,1
HG03618,DNER,chr2,229541870,0.354,0.0029669,hom,1
HG03618,DNER,chr2,229621488,0.481,0.000468457,hom,1
HG03618,DNER,chr2,229651019,0.004,0.00530918,hom,1
HG03618,TRIP12,chr2,229845039,1.751,0.000936914,hom,1
HG03618,FBXO36,chr2,229970483,4.268,0.00702686,hom,1
HG03618,FBXO36,chr2,229979050,1.425,0.000468457,hom,1
HG03618,SP100,chr2,230459249,1.128,0.00062461,hom,2
HG03618,SP100,chr2,230538203,4.991,0.000468457,hom,1
HG03618,CAB39,chr2,230730352,8.543,0.00530918,hom,1
HG03618,CAB39,chr2,230818906,1.137,0.00999375,hom,1
HG03618,SPATA3,chr2,231002768,10.65,0.00718301,hom,1
HG03618,SPATA3,chr2,231005466,1.309,0.00171768,hom,1
HG03618,ARMC9,chr2,231199183,6.428,0.00593379,hom,1
HG03618,ARMC9,chr2,231222597,0.6,0.00593379,hom,1
HG03618,ARMC9,chr2,231270225,0.35,0.00608994,hom,2
HG03618,ARMC9,chr2,231300926,3.382,0.000468457,hom,1
HG03618,ARMC9,chr2,231302459,5.458,0.0062461,hom,1
HG03618,PDE6D,chr2,231747388,0.575,0.000468457,hom,1
HG03618,DIS3L2,chr2,232018357,19.51,0.000780762,hom,1
HG03618,DIS3L2,chr2,232153535,2.509,0.00437227,hom,1
HG03618,DIS3L2,chr2,232154877,5.249,0.0095253,hom,1
HG03618,DIS3L2,chr2,232154881,3.121,0.0095253,hom,1
HG03618,DIS3L2,chr2,232157962,3.718,0.000468457,hom,1
HG03618,DIS3L2,chr2,232161565,1.321,0.000468457,hom,1
HG03618,DIS3L2,chr2,232172302,1.884,0.00968145,hom,2
HG03618,ECEL1,chr2,232484900,6.067,0.00421611,hom,4
HG03618,LOC105373929,chr2,232589389,1.146,0.000936914,hom,2
HG03618,EFHD1,chr2,232610572,0.124,0.00343535,hom,1
HG03618,EFHD1,chr2,232615529,2.62,0.00390381,hom,2
HG03618,EFHD1,chr2,232620294,3.619,0.00359151,hom,1
HG03618,EFHD1,chr2,232660610,2.545,0.00749532,hom,1
HG03618,EFHD1,chr2,232663307,9.571,0.00593379,hom,1
HG03618,EFHD1,chr2,232668581,1.041,0.00499688,hom,2
HG03618,GIGYF2,chr2,232733257,2.587,0.00671455,het,2
HG03618,NGEF,chr2,232921509,2.297,0.00265459,hom,1
HG03618,NGEF,chr2,232940058,0.201,0.000468457,hom,1
HG03618,NGEF,chr2,232942242,0.509,0.000468457,hom,1
HG03618,INPP5D,chr2,233121677,1.814,0.00062461,hom,1
HG03618,INPP5D,chr2,233202666,0.815,0.00156152,hom,1
HG03618,DGKD,chr2,233361659,2.626,0.000936914,hom,1
HG03618,DGKD,chr2,233372300,1.502,0.000780762,hom,1
HG03618,DGKD,chr2,233453475,2.805,0.00124922,hom,1
HG03618,DGKD,chr2,233469978,0.175,0.00124922,hom,2
HG03618,DGKD,chr2,233471594,1.021,0.000780762,hom,1
HG03618,USP40,chr2,233479292,0.476,0.00312305,hom,1
HG03618,USP40,chr2,233494981,1.639,0.00405996,het,1
HG03618,UGT1A10,chr2,233638917,1.502,0.00109307,hom,1
HG03618,UGT1A3,chr2,233738062,0.711,0.000468457,hom,2
HG03618,MROH2A,chr2,233782021,7.936,0.00109307,hom,1
HG03618,MROH2A,chr2,233788976,3.965,0.00718301,het,1
HG03618,MROH2A,chr2,233813590,0.169,0.00343535,hom,1
HG03618,MROH2A,chr2,233826072,1.863,0.00390381,hom,1
HG03618,TRPM8,chr2,233964813,2.14,0.00062461,hom,1
HG03618,TRPM8,chr2,233984095,1.212,0.00062461,hom,1
HG03618,TRPM8,chr2,233997449,2.34,0.00062461,hom,2
HG03618,SPP2,chr2,234056825,2.862,0.00234229,hom,1
HG03618,SPP2,chr2,234065096,0.217,0.000468457,hom,1
HG03618,LINC01173,chr2,234692687,0.559,0.00218613,hom,1
HG03618,KCNJ13,chr2,232774416,20.6,0.000468457,hom,5
HG03641,LINC00486,chr2,32837412,0.023,0.000312305,het,1
HG03641,LTBP1,chr2,33037787,1.193,0.00187383,hom,1
HG03641,LTBP1,chr2,33095908,0.574,0.00546533,hom,1
HG03641,LTBP1,chr2,33129044,6.38,0.00109307,hom,1
HG03641,LTBP1,chr2,33176552,0.896,0.000936914,hom,1
HG03641,LTBP1,chr2,33262480,0.036,0.00109307,hom,1
HG03641,LTBP1,chr2,33262753,17.82,0.00124922,hom,1
HG03641,LTBP1,chr2,33329581,2.823,0.00718301,hom,1
HG03641,LTBP1,chr2,33356532,0.478,0.00234229,hom,2
HG03641,LTBP1,chr2,33356536,0.652,0.00249844,hom,1
HG03641,RASGRP3,chr2,33529392,0.423,0.00484072,hom,1
HG03641,RASGRP3,chr2,33530903,0.271,0.00608994,hom,1
HG03641,LINC01317,chr2,33711569,0.294,0.00546533,hom,1
HG03641,CRIM1,chr2,36362673,1.583,0.00140537,hom,1
HG03641,CRIM1,chr2,36403854,14.8,0.00202998,hom,1
HG03641,CRIM1,chr2,36418003,0.392,0.00437227,hom,2
HG03641,CRIM1,chr2,36451629,0.125,0.00249844,hom,1
HG03641,CRIM1,chr2,36507857,11.82,0.00249844,hom,1
HG03641,FEZ2,chr2,36596813,5.081,0.00234229,hom,1
HG03641,FEZ2,chr2,36597785,15.09,0.00109307,hom,2
HG03641,VIT,chr2,36697446,0.234,0.00718301,hom,1
HG03641,VIT,chr2,36699278,6.487,0.00749532,hom,1
HG03641,VIT,chr2,36703296,3.342,0.00749532,hom,1
HG03641,VIT,chr2,36736231,6.821,0.00593379,hom,1
HG03641,VIT,chr2,36789202,0.164,0.00936914,hom,2
HG03641,VIT,chr2,36798349,1.121,0.0095253,hom,2
HG03641,STRN,chr2,36837767,2.061,0.00202998,hom,1
HG03641,STRN,chr2,36910745,1.465,0.00171768,hom,1
HG03641,STRN,chr2,36921764,0.186,0.00171768,hom,2
HG03641,STRN,chr2,36931984,1.652,0.00171768,hom,2
HG03641,STRN,chr2,36934102,0.356,0.00171768,hom,1
HG03641,STRN,chr2,36936976,3.169,0.00171768,hom,1
HG03641,STRN,chr2,36938400,4.432,0.00171768,hom,1
HG03641,STRN,chr2,36945380,3.553,0.00171768,hom,1
HG03641,STRN,chr2,36952234,0.18,0.00171768,hom,1
HG03641,HEATR5B,chr2,36984403,0.696,0.00171768,hom,1
HG03641,EIF2AK2,chr2,37132848,8.332,0.00421611,hom,1
HG03641,EIF2AK2,chr2,37149451,5.961,0.00281074,het,2
HG03641,EIF2AK2,chr2,37154116,4.603,0.000936914,het,1
HG03641,GPATCH11,chr2,37089534,19.5,0.000468457,hom,5
HG03652,AQP7B,chr2,94592854,0.485,0.00452842,het,1
HG03652,AQP7B,chr2,94601820,9.214,0.00281074,het,1
HG03652,AQP7B,chr2,94603487,27.9,0.00218613,het,1
HG03652,ANKRD20A8P,chr2,94768297,5.922,0.00109307,het,1
HG03652,ANKRD20A8P,chr2,94807203,5.827,0.00546533,het,2
HG03652,ANKRD20A8P,chr2,94811495,0.209,0.000936914,het,1
HG03652,ANKRD20A8P,chr2,94814613,9.101,0.000312305,het,1
HG03652,ANKRD20A8P,chr2,94817590,0.564,0.000468457,het,1
HG03652,ANKRD20A8P,chr2,94817785,3.045,0.00546533,het,2
HG03652,ANKRD20A8P,chr2,94830930,2.942,0.00218613,het,1
HG03652,ANKRD20A8P,chr2,94837356,3.773,0.00249844,het,1
HG03652,MAL,chr2,95037057,0.793,0.00140537,het,1
HG03652,MAL,chr2,95037065,1.113,0.00187383,het,1
HG03652,MAL,chr2,95043910,0.249,0.000936914,het,1
HG03652,MAL,chr2,95047887,0.159,0.00109307,het,2
HG03652,MAL,chr2,95050191,5.337,0.000312305,het,2
HG03652,MRPS5,chr2,95086037,1.952,0.00281074,het,1
HG03652,MRPS5,chr2,95087103,0.576,0.00249844,het,1
HG03652,MRPS5,chr2,95089953,6.872,0.00249844,het,1
HG03652,MRPS5,chr2,95090446,6.865,0.000936914,het,1
HG03652,MRPS5,chr2,95091052,0.124,0.00249844,het,1
HG03652,MRPS5,chr2,95120462,0.177,0.00109307,het,1
HG03652,ZNF514,chr2,95156878,2.281,0.00608994,het,1
HG03652,ZNF514,chr2,95158228,3.804,0.000312305,het,2
HG03652,ZNF514,chr2,95158567,5.985,0.000936914,het,2
HG03652,ZNF892,chr2,95219252,2.048,0.000312305,het,1
HG03652,LINC00342,chr2,95818540,7.902,0.000312305,het,1
HG03652,ANKRD36C,chr2,95894133,1.535,0.0029669,het,1
HG03652,ANKRD36C,chr2,95900838,0.079,0.00234229,het,1
HG03652,ANKRD36C,chr2,95911946,1.201,0.00374766,hom,2
HG03652,ANKRD36C,chr2,95930548,2.179,0.000312305,het,1
HG03652,ANKRD36C,chr2,95957692,1.782,0.00374766,het,1
HG03652,ANKRD36C,chr2,95981851,1.195,0.00421611,hom,1
HG03652,FAHD2CP,chr2,96011738,0.688,0.00109307,het,2
HG03652,ASTL,chr2,96125804,2.554,0.00577764,het,1
HG03652,STARD7,chr2,96193145,32.0,0.000468457,het,1
HG03652,STARD7-AS1,chr2,96212073,2.273,0.000312305,het,2
HG03652,TMEM127,chr2,96249166,0.981,0.00281074,het,1
HG03652,SNRNP200,chr2,96274755,7.128,0.00546533,het,2
HG03652,SNRNP200,chr2,96276379,0.072,0.00109307,het,2
HG03652,SNRNP200,chr2,96302944,4.195,0.0032792,het,2
HG03652,ITPRIPL1,chr2,96327036,0.097,0.000312305,het,1
HG03652,NCAPH,chr2,96338493,9.685,0.0062461,het,1
HG03652,NCAPH,chr2,96366984,1.897,0.00109307,het,1
HG03652,LMAN2L,chr2,96710883,12.77,0.00109307,het,1
HG03652,LMAN2L,chr2,96710884,11.9,0.00109307,het,1
HG03652,CNNM3,chr2,96827822,5.614,0.00124922,het,1
HG03652,ANKRD23,chr2,96838546,0.599,0.00124922,het,1
HG03652,ANKRD23,chr2,96838548,3.94,0.00124922,het,2
HG03652,ANKRD23,chr2,96838979,7.393,0.00124922,het,2
HG03652,SEMA4C,chr2,96859954,7.963,0.000468457,het,1
HG03652,FAM178B,chr2,96882766,0.194,0.00234229,het,1
HG03652,FAM178B,chr2,96895932,1.539,0.00562149,het,1
HG03652,FAM178B,chr2,96900221,0.213,0.00140537,het,1
HG03652,FAM178B,chr2,96900520,1.106,0.000312305,het,1
HG03652,FAM178B,chr2,96915515,0.996,0.00234229,het,1
HG03652,LOC101927053,chr2,96924249,0.059,0.00234229,het,1
HG03652,LOC100506076,chr2,97286037,3.758,0.000936914,het,2
HG03652,CNNM4,chr2,96781001,10.68,0.000468457,hom,5
HG03660,ANKRD20A8P,chr2,94777383,3.187,0.00484072,het,1
HG03660,ANKRD20A8P,chr2,94782725,4.112,0.0029669,het,1
HG03660,ANKRD20A8P,chr2,94839657,2.273,0.000468457,het,1
HG03660,MAL,chr2,95030428,1.521,0.000312305,het,2
HG03660,MAL,chr2,95039307,1.985,0.00499688,het,1
HG03660,MRPS5,chr2,95103816,3.675,0.00156152,het,1
HG03660,MRPS5,chr2,95121860,12.57,0.00234229,het,2
HG03660,ZNF2,chr2,95173200,1.37,0.0032792,het,1
HG03660,PROM2,chr2,95276044,28.5,0.00249844,het,1
HG03660,ANKRD36C,chr2,95871973,3.017,0.000312305,het,1
HG03660,ANKRD36C,chr2,95910726,0.626,0.00140537,het,1
HG03660,ANKRD36C,chr2,95936810,6.839,0.00546533,het,1
HG03660,ANKRD36C,chr2,95940178,5.533,0.00546533,het,1
HG03660,ANKRD36C,chr2,95944186,0.365,0.000312305,het,1
HG03660,ANKRD36C,chr2,95976443,5.952,0.00249844,het,1
HG03660,ANKRD36C,chr2,95986957,5.422,0.00265459,het,1
HG03660,NEURL3,chr2,96501961,2.591,0.000468457,het,1
HG03660,ARID5A,chr2,96536781,8.421,0.00218613,het,1
HG03660,KANSL3,chr2,96624460,1.011,0.00218613,het,1
HG03660,FER1L5,chr2,96655123,5.583,0.00124922,het,2
HG03660,FER1L5,chr2,96663887,4.592,0.00124922,het,2
HG03660,FER1L5,chr2,96688843,2.193,0.00218613,het,1
HG03660,LMAN2L,chr2,96718878,0.449,0.00780762,het,1
HG03660,CNNM3,chr2,96822609,0.448,0.00390381,het,2
HG03660,SEMA4C,chr2,96865194,1.024,0.00218613,het,1
HG03660,FAM178B,chr2,96893773,7.851,0.00171768,het,1
HG03660,FAM178B,chr2,96912448,4.401,0.00218613,het,2
HG03660,LOC101927053,chr2,96920487,4.129,0.00249844,het,2
HG03660,LOC101927053,chr2,96920530,1.561,0.0029669,het,2
HG03660,ANKRD36B,chr2,97557857,1.19,0.00062461,het,1
HG03660,ZAP70,chr2,97725969,3.557,0.00140537,het,1
HG03660,CNNM4,chr2,96790861,10.31,0.00124922,hom,5
HG03704,AQP7B,chr2,94595560,9.826,0.00140537,het,1
HG03704,AQP7B,chr2,94596480,3.461,0.00140537,het,1
HG03704,ANKRD20A8P,chr2,94775913,3.677,0.000312305,het,1
HG03704,ANKRD20A8P,chr2,94779008,1.286,0.00140537,het,1
HG03704,ANKRD20A8P,chr2,94781699,3.211,0.000312305,het,1
HG03704,ANKRD20A8P,chr2,94787034,0.324,0.00062461,het,2
HG03704,ANKRD20A8P,chr2,94792614,1.507,0.00062461,het,1
HG03704,ANKRD20A8P,chr2,94818419,0.065,0.00156152,het,1
HG03704,MAL,chr2,95051986,7.302,0.00062461,het,1
HG03704,MRPS5,chr2,95121860,12.57,0.00234229,het,2
HG03704,ZNF2,chr2,95169480,2.208,0.000312305,het,2
HG03704,PROM2,chr2,95276044,28.5,0.00249844,het,1
HG03704,LOC128966744,chr2,95798245,0.217,0.000936914,hom,2
HG03704,ANKRD36C,chr2,95896367,2.0,0.000312305,het,1
HG03704,ANKRD36C,chr2,95907925,1.323,0.00640225,hom,1
HG03704,ANKRD36C,chr2,95915526,0.733,0.00640225,hom,2
HG03704,ANKRD36C,chr2,95962280,2.367,0.000468457,het,1
HG03704,FAHD2CP,chr2,96014323,2.891,0.000312305,het,1
HG03704,ASTL,chr2,96128762,4.858,0.000312305,het,1
HG03704,ASTL,chr2,96133604,0.565,0.00124922,hom,1
HG03704,STARD7,chr2,96202340,8.377,0.000312305,het,1
HG03704,TMEM127,chr2,96257473,2.112,0.000312305,het,1
HG03704,TMEM127,chr2,96259664,4.766,0.00374766,het,1
HG03704,SNRNP200,chr2,96275723,3.224,0.000312305,het,2
HG03704,NCAPH,chr2,96338384,2.227,0.000780762,het,1
HG03704,NCAPH,chr2,96361180,11.03,0.00062461,het,1
HG03704,KANSL3,chr2,96604676,0.922,0.000312305,het,1
HG03704,KANSL3,chr2,96607322,1.107,0.00530918,het,2
HG03704,KANSL3,chr2,96621375,2.279,0.000312305,het,1
HG03704,KANSL3,chr2,96636696,3.383,0.000312305,het,2
HG03704,LMAN2L,chr2,96707793,0.888,0.00062461,het,2
HG03704,LMAN2L,chr2,96720493,2.206,0.00062461,het,1
HG03704,CNNM3,chr2,96822609,0.448,0.00390381,het,2
HG03704,CNNM3,chr2,96829343,4.801,0.000312305,het,1
HG03704,FAM178B,chr2,96893773,7.851,0.00171768,het,1
HG03704,ANKRD36B,chr2,97579397,1.418,0.000312305,het,1
HG03704,ANKRD36B,chr2,97580807,2.122,0.00562149,het,1
HG03704,ACTR1B,chr2,97660928,13.25,0.00546533,het,2
HG03704,ZAP70,chr2,97718094,0.979,0.000312305,het,1
HG03704,ZAP70,chr2,97731115,2.041,0.00702686,het,1
HG03704,CNNM4,chr2,96766439,10.53,0.00202998,hom,5
HG03767,CYRIA,chr2,16593415,1.38,0.00843223,hom,1
HG03767,CYRIA,chr2,16612758,0.022,0.00281074,hom,1
HG03767,CYRIA,chr2,16630171,1.484,0.0032792,hom,1
HG03767,RAD51AP2,chr2,17522421,0.199,0.00062461,hom,2
HG03767,VSNL1,chr2,17590709,6.364,0.000312305,hom,2
HG03767,SMC6,chr2,17675412,0.166,0.000312305,hom,1
HG03767,KCNS3,chr2,17908930,1.969,0.0065584,hom,2
HG03767,LINC01376,chr2,19016599,9.33,0.00811992,hom,1
HG03767,LINC00954,chr2,19871659,3.695,0.00202998,hom,1
HG03767,LAPTM4A-DT,chr2,20068156,1.708,0.00827608,hom,1
HG03767,LAPTM4A-DT,chr2,20102920,8.374,0.000312305,hom,1
HG03767,LAPTM4A-DT,chr2,20104516,4.623,0.000312305,hom,1
HG03767,PUM2,chr2,20316852,3.745,0.000468457,het,1
HG03767,HS1BP3,chr2,20637604,11.01,0.00484072,het,1
HG03767,TFCP2L1,chr2,121225746,0.168,0.00312305,het,1
HG03767,TFCP2L1,chr2,121225752,0.125,0.00281074,het,1
HG03767,CLASP1,chr2,121368433,1.907,0.00265459,hom,1
HG03767,CNTNAP5,chr2,124132567,0.579,0.000468457,hom,1
HG03767,CNTNAP5,chr2,124257728,0.783,0.00718301,hom,1
HG03767,CNTNAP5,chr2,124469236,0.324,0.000312305,hom,1
HG03767,CNTNAP5,chr2,124555735,0.754,0.00749532,het,1
HG03767,CNTNAP5,chr2,124557231,5.408,0.00156152,het,1
HG03767,CNTNAP5,chr2,124577205,4.284,0.00546533,het,1
HG03767,CNTNAP5,chr2,124597220,1.745,0.000468457,het,1
HG03767,CNTNAP5,chr2,124599167,3.039,0.000468457,het,1
HG03767,CNTNAP5,chr2,124599195,1.547,0.000468457,het,1
HG03767,CNTNAP5,chr2,124627335,3.287,0.00062461,het,1
HG03767,CNTNAP5,chr2,124627678,1.456,0.000312305,het,1
HG03767,CNTNAP5,chr2,124630287,3.129,0.000936914,het,1
HG03767,CNTNAP5,chr2,124656104,0.326,0.000780762,het,1
HG03767,CNTNAP5,chr2,124685648,0.777,0.00405996,het,1
HG03767,CNTNAP5,chr2,124741701,0.713,0.00124922,het,1
HG03767,RNU4ATAC,chr2,121530953,9.33,0.000468457,hom,5
